#
# There is insufficient memory for the Java Runtime Environment to continue.
# Native memory allocation (mmap) failed to map 498073600 bytes. Error detail: G1 virtual space
# Possible reasons:
#   The system is out of physical RAM or swap space
#   This process is running with CompressedOops enabled, and the Java Heap may be blocking the growth of the native heap
# Possible solutions:
#   Reduce memory load on the system
#   Increase physical memory or swap space
#   Check if swap backing store is full
#   Decrease Java heap size (-Xmx/-Xms)
#   Decrease number of Java threads
#   Decrease Java thread stack sizes (-Xss)
#   Set larger code cache with -XX:ReservedCodeCacheSize=
#   JVM is running with Unscaled Compressed Oops mode in which the Java heap is
#     placed in the first 4GB address space. The Java Heap base address is the
#     maximum limit for the native heap growth. Please use -XX:HeapBaseMinAddress
#     to set the Java Heap base and to place the Java Heap above 4GB virtual address.
# This output file may be truncated or incomplete.
#
#  Out of Memory Error (os_windows.cpp:3703), pid=7688, tid=11040
#
# JRE version: Java(TM) SE Runtime Environment (23.0+37) (build 23+37-2369)
# Java VM: Java HotSpot(TM) 64-Bit Server VM (23+37-2369, mixed mode, sharing, tiered, compressed oops, compressed class ptrs, g1 gc, windows-amd64)
# No core dump will be written. Minidumps are not enabled by default on client versions of Windows
#

---------------  S U M M A R Y ------------

Command Line: -Dfile.encoding=UTF-8 --module-path=C:\Java\javafx-sdk-23\lb --add-modules=javafx.controls,javafx.fxml --module-path=C:\Users\Lynneth Dela Cerna\Downloads\openjfx-23_windows-x64_bin-sdk\javafx-sdk-23\lib\javafx-swt.jar;C:\Users\Lynneth Dela Cerna\Downloads\openjfx-23_windows-x64_bin-sdk\javafx-sdk-23\lib\javafx.base.jar;C:\Users\Lynneth Dela Cerna\Downloads\openjfx-23_windows-x64_bin-sdk\javafx-sdk-23\lib\javafx.controls.jar;C:\Users\Lynneth Dela Cerna\Downloads\openjfx-23_windows-x64_bin-sdk\javafx-sdk-23\lib\javafx.fxml.jar;C:\Users\Lynneth Dela Cerna\Downloads\openjfx-23_windows-x64_bin-sdk\javafx-sdk-23\lib\javafx.graphics.jar;C:\Users\Lynneth Dela Cerna\Downloads\openjfx-23_windows-x64_bin-sdk\javafx-sdk-23\lib\javafx.media.jar;C:\Users\Lynneth Dela Cerna\Downloads\openjfx-23_windows-x64_bin-sdk\javafx-sdk-23\lib\javafx.swing.jar;C:\Users\Lynneth Dela Cerna\Downloads\openjfx-23_windows-x64_bin-sdk\javafx-sdk-23\lib\javafx.web.jar IDE.JavaFXMainClass

Host: 12th Gen Intel(R) Core(TM) i5-1235U, 12 cores, 7G,  Windows 11 , 64 bit Build 22621 (10.0.22621.4391)
Time: Tue Dec  3 11:51:05 2024 Malay Peninsula Standard Time elapsed time: 1.213095 seconds (0d 0h 0m 1s)

---------------  T H R E A D  ---------------

Current thread (0x0000028d7e95c940):  VMThread "VM Thread"          [id=11040, stack(0x000000f444800000,0x000000f444900000) (1024K)]

Stack: [0x000000f444800000,0x000000f444900000]
Native frames: (J=compiled Java code, j=interpreted, Vv=VM code, C=native code)
V  [jvm.dll+0x6e08a9]  (no source info available)
V  [jvm.dll+0x87da63]  (no source info available)
V  [jvm.dll+0x87feee]  (no source info available)
V  [jvm.dll+0x8805c3]  (no source info available)
V  [jvm.dll+0x27aee6]  (no source info available)
V  [jvm.dll+0x6dd1b5]  (no source info available)
V  [jvm.dll+0x6d103a]  (no source info available)
V  [jvm.dll+0x35b3ea]  (no source info available)
V  [jvm.dll+0x3637f6]  (no source info available)
V  [jvm.dll+0x34fd5e]  (no source info available)
V  [jvm.dll+0x34fff8]  (no source info available)
V  [jvm.dll+0x3289cc]  (no source info available)
V  [jvm.dll+0x328a5a]  (no source info available)
V  [jvm.dll+0x374c92]  (no source info available)
V  [jvm.dll+0x373392]  (no source info available)
V  [jvm.dll+0x3281a7]  (no source info available)
V  [jvm.dll+0x372e58]  (no source info available)
V  [jvm.dll+0x886500]  (no source info available)
V  [jvm.dll+0x887827]  (no source info available)
V  [jvm.dll+0x887d58]  (no source info available)
V  [jvm.dll+0x887ff3]  (no source info available)
V  [jvm.dll+0x824f1b]  (no source info available)
V  [jvm.dll+0x6df055]  (no source info available)
C  [ucrtbase.dll+0x29333]  (no source info available)
C  [KERNEL32.DLL+0x1259d]  (no source info available)
C  [ntdll.dll+0x5af38]  (no source info available)

VM_Operation (0x000000f445afbfd8): G1TryInitiateConcMark, mode: safepoint, requested by thread 0x0000028d5d7f7a60


---------------  P R O C E S S  ---------------

Threads class SMR info:
_java_thread_list=0x0000028d60ca9280, length=17, elements={
0x0000028d76d1f5c0, 0x0000028d7e978fd0, 0x0000028d7e979cf0, 0x0000028d7e97bdf0,
0x0000028d7e97d1a0, 0x0000028d7e980850, 0x0000028d7e983d30, 0x0000028d7e981c00,
0x0000028d7e9906d0, 0x0000028d177752b0, 0x0000028d1781d440, 0x0000028d5d19db90,
0x0000028d5d3bde90, 0x0000028d5d7b4060, 0x0000028d5d7f7a60, 0x0000028d60d4c4b0,
0x0000028d60d1e3a0
}

Java Threads: ( => current thread )
  0x0000028d76d1f5c0 JavaThread "main"                              [_thread_blocked, id=796, stack(0x000000f444100000,0x000000f444200000) (1024K)]
  0x0000028d7e978fd0 JavaThread "Reference Handler"          daemon [_thread_blocked, id=11504, stack(0x000000f444900000,0x000000f444a00000) (1024K)]
  0x0000028d7e979cf0 JavaThread "Finalizer"                  daemon [_thread_blocked, id=11128, stack(0x000000f444a00000,0x000000f444b00000) (1024K)]
  0x0000028d7e97bdf0 JavaThread "Signal Dispatcher"          daemon [_thread_blocked, id=3220, stack(0x000000f444b00000,0x000000f444c00000) (1024K)]
  0x0000028d7e97d1a0 JavaThread "Attach Listener"            daemon [_thread_blocked, id=17580, stack(0x000000f444c00000,0x000000f444d00000) (1024K)]
  0x0000028d7e980850 JavaThread "Service Thread"             daemon [_thread_blocked, id=10916, stack(0x000000f444d00000,0x000000f444e00000) (1024K)]
  0x0000028d7e983d30 JavaThread "Monitor Deflation Thread"   daemon [_thread_blocked, id=5860, stack(0x000000f444e00000,0x000000f444f00000) (1024K)]
  0x0000028d7e981c00 JavaThread "C2 CompilerThread0"         daemon [_thread_blocked, id=9076, stack(0x000000f444f00000,0x000000f445000000) (1024K)]
  0x0000028d7e9906d0 JavaThread "C1 CompilerThread0"         daemon [_thread_blocked, id=10848, stack(0x000000f445000000,0x000000f445100000) (1024K)]
  0x0000028d177752b0 JavaThread "Common-Cleaner"             daemon [_thread_blocked, id=7860, stack(0x000000f445100000,0x000000f445200000) (1024K)]
  0x0000028d1781d440 JavaThread "C2 CompilerThread1"         daemon [_thread_blocked, id=17612, stack(0x000000f445200000,0x000000f445300000) (1024K)]
  0x0000028d5d19db90 JavaThread "Notification Thread"        daemon [_thread_blocked, id=3228, stack(0x000000f445300000,0x000000f445400000) (1024K)]
  0x0000028d5d3bde90 JavaThread "QuantumRenderer-0"          daemon [_thread_blocked, id=12804, stack(0x000000f445400000,0x000000f445500000) (1024K)]
  0x0000028d5d7b4060 JavaThread "InvokeLaterDispatcher"      daemon [_thread_blocked, id=6824, stack(0x000000f445900000,0x000000f445a00000) (1024K)]
  0x0000028d5d7f7a60 JavaThread "JavaFX Application Thread"         [_thread_blocked, id=15548, stack(0x000000f445a00000,0x000000f445b00000) (1024K)]
  0x0000028d60d4c4b0 JavaThread "JavaFX-Launcher"                   [_thread_blocked, id=11340, stack(0x000000f445d00000,0x000000f445e00000) (1024K)]
  0x0000028d60d1e3a0 JavaThread "Thread-2"                   daemon [_thread_blocked, id=13452, stack(0x000000f445c00000,0x000000f445d00000) (1024K)]
Total: 17

Other Threads:
=>0x0000028d7e95c940 VMThread "VM Thread"                           [id=11040, stack(0x000000f444800000,0x000000f444900000) (1024K)]
  0x0000028d7e94cde0 WatcherThread "VM Periodic Task Thread"        [id=14652, stack(0x000000f444700000,0x000000f444800000) (1024K)]
  0x0000028d790f4a10 WorkerThread "GC Thread#0"                     [id=9772, stack(0x000000f444200000,0x000000f444300000) (1024K)]
  0x0000028d60dacf20 WorkerThread "GC Thread#1"                     [id=6916, stack(0x000000f445e00000,0x000000f445f00000) (1024K)]
  0x0000028d60dad2d0 WorkerThread "GC Thread#2"                     [id=15956, stack(0x000000f445f00000,0x000000f446000000) (1024K)]
  0x0000028d60dad680 WorkerThread "GC Thread#3"                     [id=8112, stack(0x000000f446000000,0x000000f446100000) (1024K)]
  0x0000028d60dada30 WorkerThread "GC Thread#4"                     [id=8500, stack(0x000000f446100000,0x000000f446200000) (1024K)]
  0x0000028d60dadde0 WorkerThread "GC Thread#5"                     [id=15356, stack(0x000000f446200000,0x000000f446300000) (1024K)]
  0x0000028d60eea7a0 WorkerThread "GC Thread#6"                     [id=14712, stack(0x000000f446300000,0x000000f446400000) (1024K)]
  0x0000028d60eeaf00 WorkerThread "GC Thread#7"                     [id=1068, stack(0x000000f446400000,0x000000f446500000) (1024K)]
  0x0000028d60ee9c90 WorkerThread "GC Thread#8"                     [id=11184, stack(0x000000f446700000,0x000000f446800000) (1024K)]
  0x0000028d60eeb660 WorkerThread "GC Thread#9"                     [id=6920, stack(0x000000f446800000,0x000000f446900000) (1024K)]
  0x0000028d79108d90 ConcurrentGCThread "G1 Main Marker"            [id=11816, stack(0x000000f444300000,0x000000f444400000) (1024K)]
  0x0000028d79109a50 WorkerThread "G1 Conc#0"                       [id=11436, stack(0x000000f444400000,0x000000f444500000) (1024K)]
  0x0000028d60eea3f0 WorkerThread "G1 Conc#1"                       [id=17576, stack(0x000000f446500000,0x000000f446600000) (1024K)]
  0x0000028d60eeb2b0 WorkerThread "G1 Conc#2"                       [id=16128, stack(0x000000f446600000,0x000000f446700000) (1024K)]
  0x0000028d7915e9c0 ConcurrentGCThread "G1 Refine#0"               [id=17872, stack(0x000000f444500000,0x000000f444600000) (1024K)]
  0x0000028d7e821bc0 ConcurrentGCThread "G1 Service"                [id=4416, stack(0x000000f444600000,0x000000f444700000) (1024K)]
Total: 18

Threads with active compile tasks:
Total: 0

VM state: at safepoint (normal execution)

VM Mutex/Monitor currently owned by a thread:  ([mutex/lock_event])
[0x00007fff7f823910] Threads_lock - owner thread: 0x0000028d7e95c940
[0x00007fff7f823a10] Heap_lock - owner thread: 0x0000028d5d7f7a60

Heap address: 0x0000000085200000, size: 1966 MB, Compressed Oops mode: 32-bit

CDS archive(s) mapped at: [0x0000028d18000000-0x0000028d18d70000-0x0000028d18d70000), size 14090240, SharedBaseAddress: 0x0000028d18000000, ArchiveRelocationMode: 1.
Compressed class space mapped at: 0x0000028d19000000-0x0000028d59000000, reserved size: 1073741824
Narrow klass base: 0x0000028d18000000, Narrow klass shift: 0, Narrow klass range: 0x41000000

GC Precious Log:
 CardTable entry size: 512
 Card Set container configuration: InlinePtr #cards 5 size 8 Array Of Cards #cards 10 size 36 Howl #buckets 4 coarsen threshold 1843 Howl Bitmap #cards 512 size 80 coarsen threshold 460 Card regions per heap region 1 cards per card region 2048
 CPUs: 12 total, 12 available
 Memory: 7863M
 Large Page Support: Disabled
 NUMA Support: Disabled
 Compressed Oops: Enabled (32-bit)
 Heap Region Size: 1M
 Heap Min Capacity: 8M
 Heap Initial Capacity: 124M
 Heap Max Capacity: 1966M
 Pre-touch: Disabled
 Parallel Workers: 10
 Concurrent Workers: 3
 Concurrent Refinement Workers: 10
 Periodic GC: Disabled

Heap:
 garbage-first heap   total reserved 2013184K, committed 797696K, used 486468K [0x0000000085200000, 0x0000000100000000)
  region size 1024K, 1 young (1024K), 1 survivors (1024K)
 Metaspace       used 7507K, committed 7744K, reserved 1114112K
  class space    used 921K, committed 1024K, reserved 1048576K

Heap Regions: E=young(eden), S=young(survivor), O=old, HS=humongous(starts), HC=humongous(continues), CS=collection set, F=free, TAMS=top-at-mark-start, PB=parsable bottom
|   0|0x0000000085200000, 0x0000000085200000, 0x0000000085300000|  0%| F|  |TAMS 0x0000000085200000| PB 0x0000000085200000| Untracked |  0
|   1|0x0000000085300000, 0x0000000085400000, 0x0000000085400000|100%|HS|  |TAMS 0x0000000085400000| PB 0x0000000085300000| Complete |  0
|   2|0x0000000085400000, 0x0000000085500000, 0x0000000085500000|100%|HC|  |TAMS 0x0000000085500000| PB 0x0000000085400000| Complete |  0
|   3|0x0000000085500000, 0x0000000085600000, 0x0000000085600000|100%|HC|  |TAMS 0x0000000085600000| PB 0x0000000085500000| Complete |  0
|   4|0x0000000085600000, 0x0000000085700000, 0x0000000085700000|100%|HC|  |TAMS 0x0000000085700000| PB 0x0000000085600000| Complete |  0
|   5|0x0000000085700000, 0x0000000085800000, 0x0000000085800000|100%|HC|  |TAMS 0x0000000085800000| PB 0x0000000085700000| Complete |  0
|   6|0x0000000085800000, 0x0000000085800000, 0x0000000085900000|  0%| F|  |TAMS 0x0000000085800000| PB 0x0000000085800000| Untracked |  0
|   7|0x0000000085900000, 0x0000000085900000, 0x0000000085a00000|  0%| F|  |TAMS 0x0000000085900000| PB 0x0000000085900000| Untracked |  0
|   8|0x0000000085a00000, 0x0000000085b00000, 0x0000000085b00000|100%|HS|  |TAMS 0x0000000085b00000| PB 0x0000000085a00000| Complete |  0
|   9|0x0000000085b00000, 0x0000000085c00000, 0x0000000085c00000|100%|HC|  |TAMS 0x0000000085c00000| PB 0x0000000085b00000| Complete |  0
|  10|0x0000000085c00000, 0x0000000085d00000, 0x0000000085d00000|100%|HC|  |TAMS 0x0000000085d00000| PB 0x0000000085c00000| Complete |  0
|  11|0x0000000085d00000, 0x0000000085e00000, 0x0000000085e00000|100%|HC|  |TAMS 0x0000000085e00000| PB 0x0000000085d00000| Complete |  0
|  12|0x0000000085e00000, 0x0000000085f00000, 0x0000000085f00000|100%|HC|  |TAMS 0x0000000085f00000| PB 0x0000000085e00000| Complete |  0
|  13|0x0000000085f00000, 0x0000000086000000, 0x0000000086000000|100%|HS|  |TAMS 0x0000000086000000| PB 0x0000000085f00000| Complete |  0
|  14|0x0000000086000000, 0x0000000086100000, 0x0000000086100000|100%|HC|  |TAMS 0x0000000086100000| PB 0x0000000086000000| Complete |  0
|  15|0x0000000086100000, 0x0000000086200000, 0x0000000086200000|100%|HC|  |TAMS 0x0000000086200000| PB 0x0000000086100000| Complete |  0
|  16|0x0000000086200000, 0x0000000086300000, 0x0000000086300000|100%|HC|  |TAMS 0x0000000086300000| PB 0x0000000086200000| Complete |  0
|  17|0x0000000086300000, 0x0000000086400000, 0x0000000086400000|100%|HC|  |TAMS 0x0000000086400000| PB 0x0000000086300000| Complete |  0
|  18|0x0000000086400000, 0x0000000086500000, 0x0000000086500000|100%|HS|  |TAMS 0x0000000086500000| PB 0x0000000086400000| Complete |  0
|  19|0x0000000086500000, 0x0000000086600000, 0x0000000086600000|100%|HC|  |TAMS 0x0000000086600000| PB 0x0000000086500000| Complete |  0
|  20|0x0000000086600000, 0x0000000086700000, 0x0000000086700000|100%|HC|  |TAMS 0x0000000086700000| PB 0x0000000086600000| Complete |  0
|  21|0x0000000086700000, 0x0000000086800000, 0x0000000086800000|100%|HC|  |TAMS 0x0000000086800000| PB 0x0000000086700000| Complete |  0
|  22|0x0000000086800000, 0x0000000086900000, 0x0000000086900000|100%|HC|  |TAMS 0x0000000086900000| PB 0x0000000086800000| Complete |  0
|  23|0x0000000086900000, 0x0000000086a00000, 0x0000000086a00000|100%|HS|  |TAMS 0x0000000086a00000| PB 0x0000000086900000| Complete |  0
|  24|0x0000000086a00000, 0x0000000086b00000, 0x0000000086b00000|100%|HC|  |TAMS 0x0000000086b00000| PB 0x0000000086a00000| Complete |  0
|  25|0x0000000086b00000, 0x0000000086c00000, 0x0000000086c00000|100%|HC|  |TAMS 0x0000000086c00000| PB 0x0000000086b00000| Complete |  0
|  26|0x0000000086c00000, 0x0000000086d00000, 0x0000000086d00000|100%|HC|  |TAMS 0x0000000086d00000| PB 0x0000000086c00000| Complete |  0
|  27|0x0000000086d00000, 0x0000000086e00000, 0x0000000086e00000|100%|HC|  |TAMS 0x0000000086e00000| PB 0x0000000086d00000| Complete |  0
|  28|0x0000000086e00000, 0x0000000086f00000, 0x0000000086f00000|100%|HS|  |TAMS 0x0000000086f00000| PB 0x0000000086e00000| Complete |  0
|  29|0x0000000086f00000, 0x0000000087000000, 0x0000000087000000|100%|HC|  |TAMS 0x0000000087000000| PB 0x0000000086f00000| Complete |  0
|  30|0x0000000087000000, 0x0000000087100000, 0x0000000087100000|100%|HC|  |TAMS 0x0000000087100000| PB 0x0000000087000000| Complete |  0
|  31|0x0000000087100000, 0x0000000087200000, 0x0000000087200000|100%|HC|  |TAMS 0x0000000087200000| PB 0x0000000087100000| Complete |  0
|  32|0x0000000087200000, 0x0000000087300000, 0x0000000087300000|100%|HC|  |TAMS 0x0000000087300000| PB 0x0000000087200000| Complete |  0
|  33|0x0000000087300000, 0x0000000087400000, 0x0000000087400000|100%|HS|  |TAMS 0x0000000087400000| PB 0x0000000087300000| Complete |  0
|  34|0x0000000087400000, 0x0000000087500000, 0x0000000087500000|100%|HC|  |TAMS 0x0000000087500000| PB 0x0000000087400000| Complete |  0
|  35|0x0000000087500000, 0x0000000087600000, 0x0000000087600000|100%|HC|  |TAMS 0x0000000087600000| PB 0x0000000087500000| Complete |  0
|  36|0x0000000087600000, 0x0000000087700000, 0x0000000087700000|100%|HC|  |TAMS 0x0000000087700000| PB 0x0000000087600000| Complete |  0
|  37|0x0000000087700000, 0x0000000087800000, 0x0000000087800000|100%|HC|  |TAMS 0x0000000087800000| PB 0x0000000087700000| Complete |  0
|  38|0x0000000087800000, 0x0000000087900000, 0x0000000087900000|100%|HS|  |TAMS 0x0000000087900000| PB 0x0000000087800000| Complete |  0
|  39|0x0000000087900000, 0x0000000087a00000, 0x0000000087a00000|100%|HC|  |TAMS 0x0000000087a00000| PB 0x0000000087900000| Complete |  0
|  40|0x0000000087a00000, 0x0000000087b00000, 0x0000000087b00000|100%|HC|  |TAMS 0x0000000087b00000| PB 0x0000000087a00000| Complete |  0
|  41|0x0000000087b00000, 0x0000000087c00000, 0x0000000087c00000|100%|HC|  |TAMS 0x0000000087c00000| PB 0x0000000087b00000| Complete |  0
|  42|0x0000000087c00000, 0x0000000087d00000, 0x0000000087d00000|100%|HC|  |TAMS 0x0000000087d00000| PB 0x0000000087c00000| Complete |  0
|  43|0x0000000087d00000, 0x0000000087e00000, 0x0000000087e00000|100%|HS|  |TAMS 0x0000000087e00000| PB 0x0000000087d00000| Complete |  0
|  44|0x0000000087e00000, 0x0000000087f00000, 0x0000000087f00000|100%|HC|  |TAMS 0x0000000087f00000| PB 0x0000000087e00000| Complete |  0
|  45|0x0000000087f00000, 0x0000000088000000, 0x0000000088000000|100%|HC|  |TAMS 0x0000000088000000| PB 0x0000000087f00000| Complete |  0
|  46|0x0000000088000000, 0x0000000088100000, 0x0000000088100000|100%|HC|  |TAMS 0x0000000088100000| PB 0x0000000088000000| Complete |  0
|  47|0x0000000088100000, 0x0000000088200000, 0x0000000088200000|100%|HC|  |TAMS 0x0000000088200000| PB 0x0000000088100000| Complete |  0
|  48|0x0000000088200000, 0x0000000088300000, 0x0000000088300000|100%|HS|  |TAMS 0x0000000088300000| PB 0x0000000088200000| Complete |  0
|  49|0x0000000088300000, 0x0000000088400000, 0x0000000088400000|100%|HC|  |TAMS 0x0000000088400000| PB 0x0000000088300000| Complete |  0
|  50|0x0000000088400000, 0x0000000088500000, 0x0000000088500000|100%|HC|  |TAMS 0x0000000088500000| PB 0x0000000088400000| Complete |  0
|  51|0x0000000088500000, 0x0000000088600000, 0x0000000088600000|100%|HC|  |TAMS 0x0000000088600000| PB 0x0000000088500000| Complete |  0
|  52|0x0000000088600000, 0x0000000088700000, 0x0000000088700000|100%|HC|  |TAMS 0x0000000088700000| PB 0x0000000088600000| Complete |  0
|  53|0x0000000088700000, 0x0000000088800000, 0x0000000088800000|100%| O|  |TAMS 0x0000000088800000| PB 0x0000000088700000| Untracked |  0
|  54|0x0000000088800000, 0x0000000088900000, 0x0000000088900000|100%| O|  |TAMS 0x0000000088900000| PB 0x0000000088800000| Untracked |  0
|  55|0x0000000088900000, 0x0000000088a00000, 0x0000000088a00000|100%| O|  |TAMS 0x0000000088a00000| PB 0x0000000088900000| Untracked |  0
|  56|0x0000000088a00000, 0x0000000088b00000, 0x0000000088b00000|100%|HS|  |TAMS 0x0000000088b00000| PB 0x0000000088a00000| Complete |  0
|  57|0x0000000088b00000, 0x0000000088c00000, 0x0000000088c00000|100%|HC|  |TAMS 0x0000000088c00000| PB 0x0000000088b00000| Complete |  0
|  58|0x0000000088c00000, 0x0000000088d00000, 0x0000000088d00000|100%|HC|  |TAMS 0x0000000088d00000| PB 0x0000000088c00000| Complete |  0
|  59|0x0000000088d00000, 0x0000000088e00000, 0x0000000088e00000|100%|HC|  |TAMS 0x0000000088e00000| PB 0x0000000088d00000| Complete |  0
|  60|0x0000000088e00000, 0x0000000088f00000, 0x0000000088f00000|100%|HC|  |TAMS 0x0000000088f00000| PB 0x0000000088e00000| Complete |  0
|  61|0x0000000088f00000, 0x0000000089000000, 0x0000000089000000|100%|HS|  |TAMS 0x0000000089000000| PB 0x0000000088f00000| Complete |  0
|  62|0x0000000089000000, 0x0000000089100000, 0x0000000089100000|100%|HC|  |TAMS 0x0000000089100000| PB 0x0000000089000000| Complete |  0
|  63|0x0000000089100000, 0x0000000089200000, 0x0000000089200000|100%|HC|  |TAMS 0x0000000089200000| PB 0x0000000089100000| Complete |  0
|  64|0x0000000089200000, 0x0000000089300000, 0x0000000089300000|100%|HC|  |TAMS 0x0000000089300000| PB 0x0000000089200000| Complete |  0
|  65|0x0000000089300000, 0x0000000089400000, 0x0000000089400000|100%|HC|  |TAMS 0x0000000089400000| PB 0x0000000089300000| Complete |  0
|  66|0x0000000089400000, 0x0000000089500000, 0x0000000089500000|100%|HS|  |TAMS 0x0000000089500000| PB 0x0000000089400000| Complete |  0
|  67|0x0000000089500000, 0x0000000089600000, 0x0000000089600000|100%|HC|  |TAMS 0x0000000089600000| PB 0x0000000089500000| Complete |  0
|  68|0x0000000089600000, 0x0000000089700000, 0x0000000089700000|100%|HC|  |TAMS 0x0000000089700000| PB 0x0000000089600000| Complete |  0
|  69|0x0000000089700000, 0x0000000089800000, 0x0000000089800000|100%|HC|  |TAMS 0x0000000089800000| PB 0x0000000089700000| Complete |  0
|  70|0x0000000089800000, 0x0000000089900000, 0x0000000089900000|100%|HC|  |TAMS 0x0000000089900000| PB 0x0000000089800000| Complete |  0
|  71|0x0000000089900000, 0x0000000089a00000, 0x0000000089a00000|100%|HS|  |TAMS 0x0000000089a00000| PB 0x0000000089900000| Complete |  0
|  72|0x0000000089a00000, 0x0000000089b00000, 0x0000000089b00000|100%|HC|  |TAMS 0x0000000089b00000| PB 0x0000000089a00000| Complete |  0
|  73|0x0000000089b00000, 0x0000000089c00000, 0x0000000089c00000|100%|HC|  |TAMS 0x0000000089c00000| PB 0x0000000089b00000| Complete |  0
|  74|0x0000000089c00000, 0x0000000089d00000, 0x0000000089d00000|100%|HC|  |TAMS 0x0000000089d00000| PB 0x0000000089c00000| Complete |  0
|  75|0x0000000089d00000, 0x0000000089e00000, 0x0000000089e00000|100%|HC|  |TAMS 0x0000000089e00000| PB 0x0000000089d00000| Complete |  0
|  76|0x0000000089e00000, 0x0000000089f00000, 0x0000000089f00000|100%|HS|  |TAMS 0x0000000089f00000| PB 0x0000000089e00000| Complete |  0
|  77|0x0000000089f00000, 0x000000008a000000, 0x000000008a000000|100%|HC|  |TAMS 0x000000008a000000| PB 0x0000000089f00000| Complete |  0
|  78|0x000000008a000000, 0x000000008a100000, 0x000000008a100000|100%|HC|  |TAMS 0x000000008a100000| PB 0x000000008a000000| Complete |  0
|  79|0x000000008a100000, 0x000000008a200000, 0x000000008a200000|100%|HC|  |TAMS 0x000000008a200000| PB 0x000000008a100000| Complete |  0
|  80|0x000000008a200000, 0x000000008a300000, 0x000000008a300000|100%|HC|  |TAMS 0x000000008a300000| PB 0x000000008a200000| Complete |  0
|  81|0x000000008a300000, 0x000000008a400000, 0x000000008a400000|100%|HS|  |TAMS 0x000000008a400000| PB 0x000000008a300000| Complete |  0
|  82|0x000000008a400000, 0x000000008a500000, 0x000000008a500000|100%|HC|  |TAMS 0x000000008a500000| PB 0x000000008a400000| Complete |  0
|  83|0x000000008a500000, 0x000000008a600000, 0x000000008a600000|100%|HC|  |TAMS 0x000000008a600000| PB 0x000000008a500000| Complete |  0
|  84|0x000000008a600000, 0x000000008a700000, 0x000000008a700000|100%|HC|  |TAMS 0x000000008a700000| PB 0x000000008a600000| Complete |  0
|  85|0x000000008a700000, 0x000000008a800000, 0x000000008a800000|100%|HC|  |TAMS 0x000000008a800000| PB 0x000000008a700000| Complete |  0
|  86|0x000000008a800000, 0x000000008a900000, 0x000000008a900000|100%|HS|  |TAMS 0x000000008a900000| PB 0x000000008a800000| Complete |  0
|  87|0x000000008a900000, 0x000000008aa00000, 0x000000008aa00000|100%|HC|  |TAMS 0x000000008aa00000| PB 0x000000008a900000| Complete |  0
|  88|0x000000008aa00000, 0x000000008ab00000, 0x000000008ab00000|100%|HC|  |TAMS 0x000000008ab00000| PB 0x000000008aa00000| Complete |  0
|  89|0x000000008ab00000, 0x000000008ac00000, 0x000000008ac00000|100%|HC|  |TAMS 0x000000008ac00000| PB 0x000000008ab00000| Complete |  0
|  90|0x000000008ac00000, 0x000000008ad00000, 0x000000008ad00000|100%|HC|  |TAMS 0x000000008ad00000| PB 0x000000008ac00000| Complete |  0
|  91|0x000000008ad00000, 0x000000008ae00000, 0x000000008ae00000|100%|HS|  |TAMS 0x000000008ae00000| PB 0x000000008ad00000| Complete |  0
|  92|0x000000008ae00000, 0x000000008af00000, 0x000000008af00000|100%|HC|  |TAMS 0x000000008af00000| PB 0x000000008ae00000| Complete |  0
|  93|0x000000008af00000, 0x000000008b000000, 0x000000008b000000|100%|HC|  |TAMS 0x000000008b000000| PB 0x000000008af00000| Complete |  0
|  94|0x000000008b000000, 0x000000008b100000, 0x000000008b100000|100%|HC|  |TAMS 0x000000008b100000| PB 0x000000008b000000| Complete |  0
|  95|0x000000008b100000, 0x000000008b200000, 0x000000008b200000|100%|HC|  |TAMS 0x000000008b200000| PB 0x000000008b100000| Complete |  0
|  96|0x000000008b200000, 0x000000008b300000, 0x000000008b300000|100%|HS|  |TAMS 0x000000008b300000| PB 0x000000008b200000| Complete |  0
|  97|0x000000008b300000, 0x000000008b400000, 0x000000008b400000|100%|HC|  |TAMS 0x000000008b400000| PB 0x000000008b300000| Complete |  0
|  98|0x000000008b400000, 0x000000008b500000, 0x000000008b500000|100%|HC|  |TAMS 0x000000008b500000| PB 0x000000008b400000| Complete |  0
|  99|0x000000008b500000, 0x000000008b600000, 0x000000008b600000|100%|HC|  |TAMS 0x000000008b600000| PB 0x000000008b500000| Complete |  0
| 100|0x000000008b600000, 0x000000008b700000, 0x000000008b700000|100%|HC|  |TAMS 0x000000008b700000| PB 0x000000008b600000| Complete |  0
| 101|0x000000008b700000, 0x000000008b800000, 0x000000008b800000|100%|HS|  |TAMS 0x000000008b800000| PB 0x000000008b700000| Complete |  0
| 102|0x000000008b800000, 0x000000008b900000, 0x000000008b900000|100%|HC|  |TAMS 0x000000008b900000| PB 0x000000008b800000| Complete |  0
| 103|0x000000008b900000, 0x000000008ba00000, 0x000000008ba00000|100%|HC|  |TAMS 0x000000008ba00000| PB 0x000000008b900000| Complete |  0
| 104|0x000000008ba00000, 0x000000008bb00000, 0x000000008bb00000|100%|HC|  |TAMS 0x000000008bb00000| PB 0x000000008ba00000| Complete |  0
| 105|0x000000008bb00000, 0x000000008bc00000, 0x000000008bc00000|100%|HC|  |TAMS 0x000000008bc00000| PB 0x000000008bb00000| Complete |  0
| 106|0x000000008bc00000, 0x000000008bd00000, 0x000000008bd00000|100%|HS|  |TAMS 0x000000008bd00000| PB 0x000000008bc00000| Complete |  0
| 107|0x000000008bd00000, 0x000000008be00000, 0x000000008be00000|100%|HC|  |TAMS 0x000000008be00000| PB 0x000000008bd00000| Complete |  0
| 108|0x000000008be00000, 0x000000008bf00000, 0x000000008bf00000|100%|HC|  |TAMS 0x000000008bf00000| PB 0x000000008be00000| Complete |  0
| 109|0x000000008bf00000, 0x000000008c000000, 0x000000008c000000|100%|HC|  |TAMS 0x000000008c000000| PB 0x000000008bf00000| Complete |  0
| 110|0x000000008c000000, 0x000000008c100000, 0x000000008c100000|100%|HC|  |TAMS 0x000000008c100000| PB 0x000000008c000000| Complete |  0
| 111|0x000000008c100000, 0x000000008c200000, 0x000000008c200000|100%|HS|  |TAMS 0x000000008c200000| PB 0x000000008c100000| Complete |  0
| 112|0x000000008c200000, 0x000000008c300000, 0x000000008c300000|100%|HC|  |TAMS 0x000000008c300000| PB 0x000000008c200000| Complete |  0
| 113|0x000000008c300000, 0x000000008c400000, 0x000000008c400000|100%|HC|  |TAMS 0x000000008c400000| PB 0x000000008c300000| Complete |  0
| 114|0x000000008c400000, 0x000000008c500000, 0x000000008c500000|100%|HC|  |TAMS 0x000000008c500000| PB 0x000000008c400000| Complete |  0
| 115|0x000000008c500000, 0x000000008c600000, 0x000000008c600000|100%|HC|  |TAMS 0x000000008c600000| PB 0x000000008c500000| Complete |  0
| 116|0x000000008c600000, 0x000000008c700000, 0x000000008c700000|100%|HS|  |TAMS 0x000000008c700000| PB 0x000000008c600000| Complete |  0
| 117|0x000000008c700000, 0x000000008c800000, 0x000000008c800000|100%|HC|  |TAMS 0x000000008c800000| PB 0x000000008c700000| Complete |  0
| 118|0x000000008c800000, 0x000000008c900000, 0x000000008c900000|100%|HC|  |TAMS 0x000000008c900000| PB 0x000000008c800000| Complete |  0
| 119|0x000000008c900000, 0x000000008ca00000, 0x000000008ca00000|100%|HC|  |TAMS 0x000000008ca00000| PB 0x000000008c900000| Complete |  0
| 120|0x000000008ca00000, 0x000000008cb00000, 0x000000008cb00000|100%|HC|  |TAMS 0x000000008cb00000| PB 0x000000008ca00000| Complete |  0
| 121|0x000000008cb00000, 0x000000008cb00000, 0x000000008cc00000|  0%| F|  |TAMS 0x000000008cb00000| PB 0x000000008cb00000| Untracked |  0
| 122|0x000000008cc00000, 0x000000008cc00000, 0x000000008cd00000|  0%| F|  |TAMS 0x000000008cc00000| PB 0x000000008cc00000| Untracked |  0
| 123|0x000000008cd00000, 0x000000008cd00000, 0x000000008ce00000|  0%| F|  |TAMS 0x000000008cd00000| PB 0x000000008cd00000| Untracked |  0
| 124|0x000000008ce00000, 0x000000008cf00000, 0x000000008cf00000|100%|HS|  |TAMS 0x000000008cf00000| PB 0x000000008ce00000| Complete |  0
| 125|0x000000008cf00000, 0x000000008d000000, 0x000000008d000000|100%|HC|  |TAMS 0x000000008d000000| PB 0x000000008cf00000| Complete |  0
| 126|0x000000008d000000, 0x000000008d100000, 0x000000008d100000|100%|HC|  |TAMS 0x000000008d100000| PB 0x000000008d000000| Complete |  0
| 127|0x000000008d100000, 0x000000008d200000, 0x000000008d200000|100%|HC|  |TAMS 0x000000008d200000| PB 0x000000008d100000| Complete |  0
| 128|0x000000008d200000, 0x000000008d300000, 0x000000008d300000|100%|HC|  |TAMS 0x000000008d300000| PB 0x000000008d200000| Complete |  0
| 129|0x000000008d300000, 0x000000008d400000, 0x000000008d400000|100%|HS|  |TAMS 0x000000008d400000| PB 0x000000008d300000| Complete |  0
| 130|0x000000008d400000, 0x000000008d500000, 0x000000008d500000|100%|HC|  |TAMS 0x000000008d500000| PB 0x000000008d400000| Complete |  0
| 131|0x000000008d500000, 0x000000008d600000, 0x000000008d600000|100%|HC|  |TAMS 0x000000008d600000| PB 0x000000008d500000| Complete |  0
| 132|0x000000008d600000, 0x000000008d700000, 0x000000008d700000|100%|HC|  |TAMS 0x000000008d700000| PB 0x000000008d600000| Complete |  0
| 133|0x000000008d700000, 0x000000008d800000, 0x000000008d800000|100%|HC|  |TAMS 0x000000008d800000| PB 0x000000008d700000| Complete |  0
| 134|0x000000008d800000, 0x000000008d900000, 0x000000008d900000|100%|HS|  |TAMS 0x000000008d900000| PB 0x000000008d800000| Complete |  0
| 135|0x000000008d900000, 0x000000008da00000, 0x000000008da00000|100%|HC|  |TAMS 0x000000008da00000| PB 0x000000008d900000| Complete |  0
| 136|0x000000008da00000, 0x000000008db00000, 0x000000008db00000|100%|HC|  |TAMS 0x000000008db00000| PB 0x000000008da00000| Complete |  0
| 137|0x000000008db00000, 0x000000008dc00000, 0x000000008dc00000|100%|HC|  |TAMS 0x000000008dc00000| PB 0x000000008db00000| Complete |  0
| 138|0x000000008dc00000, 0x000000008dd00000, 0x000000008dd00000|100%|HC|  |TAMS 0x000000008dd00000| PB 0x000000008dc00000| Complete |  0
| 139|0x000000008dd00000, 0x000000008de00000, 0x000000008de00000|100%|HS|  |TAMS 0x000000008de00000| PB 0x000000008dd00000| Complete |  0
| 140|0x000000008de00000, 0x000000008df00000, 0x000000008df00000|100%|HC|  |TAMS 0x000000008df00000| PB 0x000000008de00000| Complete |  0
| 141|0x000000008df00000, 0x000000008e000000, 0x000000008e000000|100%|HC|  |TAMS 0x000000008e000000| PB 0x000000008df00000| Complete |  0
| 142|0x000000008e000000, 0x000000008e100000, 0x000000008e100000|100%|HC|  |TAMS 0x000000008e100000| PB 0x000000008e000000| Complete |  0
| 143|0x000000008e100000, 0x000000008e200000, 0x000000008e200000|100%|HC|  |TAMS 0x000000008e200000| PB 0x000000008e100000| Complete |  0
| 144|0x000000008e200000, 0x000000008e300000, 0x000000008e300000|100%|HS|  |TAMS 0x000000008e300000| PB 0x000000008e200000| Complete |  0
| 145|0x000000008e300000, 0x000000008e400000, 0x000000008e400000|100%|HC|  |TAMS 0x000000008e400000| PB 0x000000008e300000| Complete |  0
| 146|0x000000008e400000, 0x000000008e500000, 0x000000008e500000|100%|HC|  |TAMS 0x000000008e500000| PB 0x000000008e400000| Complete |  0
| 147|0x000000008e500000, 0x000000008e600000, 0x000000008e600000|100%|HC|  |TAMS 0x000000008e600000| PB 0x000000008e500000| Complete |  0
| 148|0x000000008e600000, 0x000000008e700000, 0x000000008e700000|100%|HC|  |TAMS 0x000000008e700000| PB 0x000000008e600000| Complete |  0
| 149|0x000000008e700000, 0x000000008e800000, 0x000000008e800000|100%|HS|  |TAMS 0x000000008e800000| PB 0x000000008e700000| Complete |  0
| 150|0x000000008e800000, 0x000000008e900000, 0x000000008e900000|100%|HC|  |TAMS 0x000000008e900000| PB 0x000000008e800000| Complete |  0
| 151|0x000000008e900000, 0x000000008ea00000, 0x000000008ea00000|100%|HC|  |TAMS 0x000000008ea00000| PB 0x000000008e900000| Complete |  0
| 152|0x000000008ea00000, 0x000000008eb00000, 0x000000008eb00000|100%|HC|  |TAMS 0x000000008eb00000| PB 0x000000008ea00000| Complete |  0
| 153|0x000000008eb00000, 0x000000008ec00000, 0x000000008ec00000|100%|HC|  |TAMS 0x000000008ec00000| PB 0x000000008eb00000| Complete |  0
| 154|0x000000008ec00000, 0x000000008ed00000, 0x000000008ed00000|100%|HS|  |TAMS 0x000000008ed00000| PB 0x000000008ec00000| Complete |  0
| 155|0x000000008ed00000, 0x000000008ee00000, 0x000000008ee00000|100%|HC|  |TAMS 0x000000008ee00000| PB 0x000000008ed00000| Complete |  0
| 156|0x000000008ee00000, 0x000000008ef00000, 0x000000008ef00000|100%|HC|  |TAMS 0x000000008ef00000| PB 0x000000008ee00000| Complete |  0
| 157|0x000000008ef00000, 0x000000008f000000, 0x000000008f000000|100%|HC|  |TAMS 0x000000008f000000| PB 0x000000008ef00000| Complete |  0
| 158|0x000000008f000000, 0x000000008f100000, 0x000000008f100000|100%|HC|  |TAMS 0x000000008f100000| PB 0x000000008f000000| Complete |  0
| 159|0x000000008f100000, 0x000000008f200000, 0x000000008f200000|100%|HS|  |TAMS 0x000000008f200000| PB 0x000000008f100000| Complete |  0
| 160|0x000000008f200000, 0x000000008f300000, 0x000000008f300000|100%|HC|  |TAMS 0x000000008f300000| PB 0x000000008f200000| Complete |  0
| 161|0x000000008f300000, 0x000000008f400000, 0x000000008f400000|100%|HC|  |TAMS 0x000000008f400000| PB 0x000000008f300000| Complete |  0
| 162|0x000000008f400000, 0x000000008f500000, 0x000000008f500000|100%|HC|  |TAMS 0x000000008f500000| PB 0x000000008f400000| Complete |  0
| 163|0x000000008f500000, 0x000000008f600000, 0x000000008f600000|100%|HC|  |TAMS 0x000000008f600000| PB 0x000000008f500000| Complete |  0
| 164|0x000000008f600000, 0x000000008f700000, 0x000000008f700000|100%|HS|  |TAMS 0x000000008f700000| PB 0x000000008f600000| Complete |  0
| 165|0x000000008f700000, 0x000000008f800000, 0x000000008f800000|100%|HC|  |TAMS 0x000000008f800000| PB 0x000000008f700000| Complete |  0
| 166|0x000000008f800000, 0x000000008f900000, 0x000000008f900000|100%|HC|  |TAMS 0x000000008f900000| PB 0x000000008f800000| Complete |  0
| 167|0x000000008f900000, 0x000000008fa00000, 0x000000008fa00000|100%|HC|  |TAMS 0x000000008fa00000| PB 0x000000008f900000| Complete |  0
| 168|0x000000008fa00000, 0x000000008fb00000, 0x000000008fb00000|100%|HC|  |TAMS 0x000000008fb00000| PB 0x000000008fa00000| Complete |  0
| 169|0x000000008fb00000, 0x000000008fc00000, 0x000000008fc00000|100%|HS|  |TAMS 0x000000008fc00000| PB 0x000000008fb00000| Complete |  0
| 170|0x000000008fc00000, 0x000000008fd00000, 0x000000008fd00000|100%|HC|  |TAMS 0x000000008fd00000| PB 0x000000008fc00000| Complete |  0
| 171|0x000000008fd00000, 0x000000008fe00000, 0x000000008fe00000|100%|HC|  |TAMS 0x000000008fe00000| PB 0x000000008fd00000| Complete |  0
| 172|0x000000008fe00000, 0x000000008ff00000, 0x000000008ff00000|100%|HC|  |TAMS 0x000000008ff00000| PB 0x000000008fe00000| Complete |  0
| 173|0x000000008ff00000, 0x0000000090000000, 0x0000000090000000|100%|HC|  |TAMS 0x0000000090000000| PB 0x000000008ff00000| Complete |  0
| 174|0x0000000090000000, 0x0000000090100000, 0x0000000090100000|100%|HS|  |TAMS 0x0000000090100000| PB 0x0000000090000000| Complete |  0
| 175|0x0000000090100000, 0x0000000090200000, 0x0000000090200000|100%|HC|  |TAMS 0x0000000090200000| PB 0x0000000090100000| Complete |  0
| 176|0x0000000090200000, 0x0000000090300000, 0x0000000090300000|100%|HC|  |TAMS 0x0000000090300000| PB 0x0000000090200000| Complete |  0
| 177|0x0000000090300000, 0x0000000090400000, 0x0000000090400000|100%|HC|  |TAMS 0x0000000090400000| PB 0x0000000090300000| Complete |  0
| 178|0x0000000090400000, 0x0000000090500000, 0x0000000090500000|100%|HC|  |TAMS 0x0000000090500000| PB 0x0000000090400000| Complete |  0
| 179|0x0000000090500000, 0x0000000090600000, 0x0000000090600000|100%|HS|  |TAMS 0x0000000090600000| PB 0x0000000090500000| Complete |  0
| 180|0x0000000090600000, 0x0000000090700000, 0x0000000090700000|100%|HC|  |TAMS 0x0000000090700000| PB 0x0000000090600000| Complete |  0
| 181|0x0000000090700000, 0x0000000090800000, 0x0000000090800000|100%|HC|  |TAMS 0x0000000090800000| PB 0x0000000090700000| Complete |  0
| 182|0x0000000090800000, 0x0000000090900000, 0x0000000090900000|100%|HC|  |TAMS 0x0000000090900000| PB 0x0000000090800000| Complete |  0
| 183|0x0000000090900000, 0x0000000090a00000, 0x0000000090a00000|100%|HC|  |TAMS 0x0000000090a00000| PB 0x0000000090900000| Complete |  0
| 184|0x0000000090a00000, 0x0000000090b00000, 0x0000000090b00000|100%|HS|  |TAMS 0x0000000090b00000| PB 0x0000000090a00000| Complete |  0
| 185|0x0000000090b00000, 0x0000000090c00000, 0x0000000090c00000|100%|HC|  |TAMS 0x0000000090c00000| PB 0x0000000090b00000| Complete |  0
| 186|0x0000000090c00000, 0x0000000090d00000, 0x0000000090d00000|100%|HC|  |TAMS 0x0000000090d00000| PB 0x0000000090c00000| Complete |  0
| 187|0x0000000090d00000, 0x0000000090e00000, 0x0000000090e00000|100%|HC|  |TAMS 0x0000000090e00000| PB 0x0000000090d00000| Complete |  0
| 188|0x0000000090e00000, 0x0000000090f00000, 0x0000000090f00000|100%|HC|  |TAMS 0x0000000090f00000| PB 0x0000000090e00000| Complete |  0
| 189|0x0000000090f00000, 0x0000000091000000, 0x0000000091000000|100%|HS|  |TAMS 0x0000000091000000| PB 0x0000000090f00000| Complete |  0
| 190|0x0000000091000000, 0x0000000091100000, 0x0000000091100000|100%|HC|  |TAMS 0x0000000091100000| PB 0x0000000091000000| Complete |  0
| 191|0x0000000091100000, 0x0000000091200000, 0x0000000091200000|100%|HC|  |TAMS 0x0000000091200000| PB 0x0000000091100000| Complete |  0
| 192|0x0000000091200000, 0x0000000091300000, 0x0000000091300000|100%|HC|  |TAMS 0x0000000091300000| PB 0x0000000091200000| Complete |  0
| 193|0x0000000091300000, 0x0000000091400000, 0x0000000091400000|100%|HC|  |TAMS 0x0000000091400000| PB 0x0000000091300000| Complete |  0
| 194|0x0000000091400000, 0x0000000091500000, 0x0000000091500000|100%|HS|  |TAMS 0x0000000091500000| PB 0x0000000091400000| Complete |  0
| 195|0x0000000091500000, 0x0000000091600000, 0x0000000091600000|100%|HC|  |TAMS 0x0000000091600000| PB 0x0000000091500000| Complete |  0
| 196|0x0000000091600000, 0x0000000091700000, 0x0000000091700000|100%|HC|  |TAMS 0x0000000091700000| PB 0x0000000091600000| Complete |  0
| 197|0x0000000091700000, 0x0000000091800000, 0x0000000091800000|100%|HC|  |TAMS 0x0000000091800000| PB 0x0000000091700000| Complete |  0
| 198|0x0000000091800000, 0x0000000091900000, 0x0000000091900000|100%|HC|  |TAMS 0x0000000091900000| PB 0x0000000091800000| Complete |  0
| 199|0x0000000091900000, 0x0000000091a00000, 0x0000000091a00000|100%|HS|  |TAMS 0x0000000091a00000| PB 0x0000000091900000| Complete |  0
| 200|0x0000000091a00000, 0x0000000091b00000, 0x0000000091b00000|100%|HC|  |TAMS 0x0000000091b00000| PB 0x0000000091a00000| Complete |  0
| 201|0x0000000091b00000, 0x0000000091c00000, 0x0000000091c00000|100%|HC|  |TAMS 0x0000000091c00000| PB 0x0000000091b00000| Complete |  0
| 202|0x0000000091c00000, 0x0000000091d00000, 0x0000000091d00000|100%|HC|  |TAMS 0x0000000091d00000| PB 0x0000000091c00000| Complete |  0
| 203|0x0000000091d00000, 0x0000000091e00000, 0x0000000091e00000|100%|HC|  |TAMS 0x0000000091e00000| PB 0x0000000091d00000| Complete |  0
| 204|0x0000000091e00000, 0x0000000091f00000, 0x0000000091f00000|100%|HS|  |TAMS 0x0000000091f00000| PB 0x0000000091e00000| Complete |  0
| 205|0x0000000091f00000, 0x0000000092000000, 0x0000000092000000|100%|HC|  |TAMS 0x0000000092000000| PB 0x0000000091f00000| Complete |  0
| 206|0x0000000092000000, 0x0000000092100000, 0x0000000092100000|100%|HC|  |TAMS 0x0000000092100000| PB 0x0000000092000000| Complete |  0
| 207|0x0000000092100000, 0x0000000092200000, 0x0000000092200000|100%|HC|  |TAMS 0x0000000092200000| PB 0x0000000092100000| Complete |  0
| 208|0x0000000092200000, 0x0000000092300000, 0x0000000092300000|100%|HC|  |TAMS 0x0000000092300000| PB 0x0000000092200000| Complete |  0
| 209|0x0000000092300000, 0x0000000092400000, 0x0000000092400000|100%|HS|  |TAMS 0x0000000092400000| PB 0x0000000092300000| Complete |  0
| 210|0x0000000092400000, 0x0000000092500000, 0x0000000092500000|100%|HC|  |TAMS 0x0000000092500000| PB 0x0000000092400000| Complete |  0
| 211|0x0000000092500000, 0x0000000092600000, 0x0000000092600000|100%|HC|  |TAMS 0x0000000092600000| PB 0x0000000092500000| Complete |  0
| 212|0x0000000092600000, 0x0000000092700000, 0x0000000092700000|100%|HC|  |TAMS 0x0000000092700000| PB 0x0000000092600000| Complete |  0
| 213|0x0000000092700000, 0x0000000092800000, 0x0000000092800000|100%|HC|  |TAMS 0x0000000092800000| PB 0x0000000092700000| Complete |  0
| 214|0x0000000092800000, 0x0000000092900000, 0x0000000092900000|100%|HS|  |TAMS 0x0000000092900000| PB 0x0000000092800000| Complete |  0
| 215|0x0000000092900000, 0x0000000092a00000, 0x0000000092a00000|100%|HC|  |TAMS 0x0000000092a00000| PB 0x0000000092900000| Complete |  0
| 216|0x0000000092a00000, 0x0000000092b00000, 0x0000000092b00000|100%|HC|  |TAMS 0x0000000092b00000| PB 0x0000000092a00000| Complete |  0
| 217|0x0000000092b00000, 0x0000000092c00000, 0x0000000092c00000|100%|HC|  |TAMS 0x0000000092c00000| PB 0x0000000092b00000| Complete |  0
| 218|0x0000000092c00000, 0x0000000092d00000, 0x0000000092d00000|100%|HC|  |TAMS 0x0000000092d00000| PB 0x0000000092c00000| Complete |  0
| 219|0x0000000092d00000, 0x0000000092e00000, 0x0000000092e00000|100%|HS|  |TAMS 0x0000000092e00000| PB 0x0000000092d00000| Complete |  0
| 220|0x0000000092e00000, 0x0000000092f00000, 0x0000000092f00000|100%|HC|  |TAMS 0x0000000092f00000| PB 0x0000000092e00000| Complete |  0
| 221|0x0000000092f00000, 0x0000000093000000, 0x0000000093000000|100%|HC|  |TAMS 0x0000000093000000| PB 0x0000000092f00000| Complete |  0
| 222|0x0000000093000000, 0x0000000093100000, 0x0000000093100000|100%|HC|  |TAMS 0x0000000093100000| PB 0x0000000093000000| Complete |  0
| 223|0x0000000093100000, 0x0000000093200000, 0x0000000093200000|100%|HC|  |TAMS 0x0000000093200000| PB 0x0000000093100000| Complete |  0
| 224|0x0000000093200000, 0x0000000093300000, 0x0000000093300000|100%|HS|  |TAMS 0x0000000093300000| PB 0x0000000093200000| Complete |  0
| 225|0x0000000093300000, 0x0000000093400000, 0x0000000093400000|100%|HC|  |TAMS 0x0000000093400000| PB 0x0000000093300000| Complete |  0
| 226|0x0000000093400000, 0x0000000093500000, 0x0000000093500000|100%|HC|  |TAMS 0x0000000093500000| PB 0x0000000093400000| Complete |  0
| 227|0x0000000093500000, 0x0000000093600000, 0x0000000093600000|100%|HC|  |TAMS 0x0000000093600000| PB 0x0000000093500000| Complete |  0
| 228|0x0000000093600000, 0x0000000093700000, 0x0000000093700000|100%|HC|  |TAMS 0x0000000093700000| PB 0x0000000093600000| Complete |  0
| 229|0x0000000093700000, 0x0000000093800000, 0x0000000093800000|100%|HS|  |TAMS 0x0000000093800000| PB 0x0000000093700000| Complete |  0
| 230|0x0000000093800000, 0x0000000093900000, 0x0000000093900000|100%|HC|  |TAMS 0x0000000093900000| PB 0x0000000093800000| Complete |  0
| 231|0x0000000093900000, 0x0000000093a00000, 0x0000000093a00000|100%|HC|  |TAMS 0x0000000093a00000| PB 0x0000000093900000| Complete |  0
| 232|0x0000000093a00000, 0x0000000093b00000, 0x0000000093b00000|100%|HC|  |TAMS 0x0000000093b00000| PB 0x0000000093a00000| Complete |  0
| 233|0x0000000093b00000, 0x0000000093c00000, 0x0000000093c00000|100%|HC|  |TAMS 0x0000000093c00000| PB 0x0000000093b00000| Complete |  0
| 234|0x0000000093c00000, 0x0000000093d00000, 0x0000000093d00000|100%|HS|  |TAMS 0x0000000093d00000| PB 0x0000000093c00000| Complete |  0
| 235|0x0000000093d00000, 0x0000000093e00000, 0x0000000093e00000|100%|HC|  |TAMS 0x0000000093e00000| PB 0x0000000093d00000| Complete |  0
| 236|0x0000000093e00000, 0x0000000093f00000, 0x0000000093f00000|100%|HC|  |TAMS 0x0000000093f00000| PB 0x0000000093e00000| Complete |  0
| 237|0x0000000093f00000, 0x0000000094000000, 0x0000000094000000|100%|HC|  |TAMS 0x0000000094000000| PB 0x0000000093f00000| Complete |  0
| 238|0x0000000094000000, 0x0000000094100000, 0x0000000094100000|100%|HC|  |TAMS 0x0000000094100000| PB 0x0000000094000000| Complete |  0
| 239|0x0000000094100000, 0x0000000094200000, 0x0000000094200000|100%|HS|  |TAMS 0x0000000094200000| PB 0x0000000094100000| Complete |  0
| 240|0x0000000094200000, 0x0000000094300000, 0x0000000094300000|100%|HC|  |TAMS 0x0000000094300000| PB 0x0000000094200000| Complete |  0
| 241|0x0000000094300000, 0x0000000094400000, 0x0000000094400000|100%|HC|  |TAMS 0x0000000094400000| PB 0x0000000094300000| Complete |  0
| 242|0x0000000094400000, 0x0000000094500000, 0x0000000094500000|100%|HC|  |TAMS 0x0000000094500000| PB 0x0000000094400000| Complete |  0
| 243|0x0000000094500000, 0x0000000094600000, 0x0000000094600000|100%|HC|  |TAMS 0x0000000094600000| PB 0x0000000094500000| Complete |  0
| 244|0x0000000094600000, 0x0000000094700000, 0x0000000094700000|100%|HS|  |TAMS 0x0000000094700000| PB 0x0000000094600000| Complete |  0
| 245|0x0000000094700000, 0x0000000094800000, 0x0000000094800000|100%|HC|  |TAMS 0x0000000094800000| PB 0x0000000094700000| Complete |  0
| 246|0x0000000094800000, 0x0000000094900000, 0x0000000094900000|100%|HC|  |TAMS 0x0000000094900000| PB 0x0000000094800000| Complete |  0
| 247|0x0000000094900000, 0x0000000094a00000, 0x0000000094a00000|100%|HC|  |TAMS 0x0000000094a00000| PB 0x0000000094900000| Complete |  0
| 248|0x0000000094a00000, 0x0000000094b00000, 0x0000000094b00000|100%|HC|  |TAMS 0x0000000094b00000| PB 0x0000000094a00000| Complete |  0
| 249|0x0000000094b00000, 0x0000000094c00000, 0x0000000094c00000|100%|HS|  |TAMS 0x0000000094c00000| PB 0x0000000094b00000| Complete |  0
| 250|0x0000000094c00000, 0x0000000094d00000, 0x0000000094d00000|100%|HC|  |TAMS 0x0000000094d00000| PB 0x0000000094c00000| Complete |  0
| 251|0x0000000094d00000, 0x0000000094e00000, 0x0000000094e00000|100%|HC|  |TAMS 0x0000000094e00000| PB 0x0000000094d00000| Complete |  0
| 252|0x0000000094e00000, 0x0000000094f00000, 0x0000000094f00000|100%|HC|  |TAMS 0x0000000094f00000| PB 0x0000000094e00000| Complete |  0
| 253|0x0000000094f00000, 0x0000000095000000, 0x0000000095000000|100%|HC|  |TAMS 0x0000000095000000| PB 0x0000000094f00000| Complete |  0
| 254|0x0000000095000000, 0x0000000095100000, 0x0000000095100000|100%|HS|  |TAMS 0x0000000095100000| PB 0x0000000095000000| Complete |  0
| 255|0x0000000095100000, 0x0000000095200000, 0x0000000095200000|100%|HC|  |TAMS 0x0000000095200000| PB 0x0000000095100000| Complete |  0
| 256|0x0000000095200000, 0x0000000095300000, 0x0000000095300000|100%|HC|  |TAMS 0x0000000095300000| PB 0x0000000095200000| Complete |  0
| 257|0x0000000095300000, 0x0000000095400000, 0x0000000095400000|100%|HC|  |TAMS 0x0000000095400000| PB 0x0000000095300000| Complete |  0
| 258|0x0000000095400000, 0x0000000095500000, 0x0000000095500000|100%|HC|  |TAMS 0x0000000095500000| PB 0x0000000095400000| Complete |  0
| 259|0x0000000095500000, 0x0000000095600000, 0x0000000095600000|100%|HS|  |TAMS 0x0000000095600000| PB 0x0000000095500000| Complete |  0
| 260|0x0000000095600000, 0x0000000095700000, 0x0000000095700000|100%|HC|  |TAMS 0x0000000095700000| PB 0x0000000095600000| Complete |  0
| 261|0x0000000095700000, 0x0000000095800000, 0x0000000095800000|100%|HC|  |TAMS 0x0000000095800000| PB 0x0000000095700000| Complete |  0
| 262|0x0000000095800000, 0x0000000095900000, 0x0000000095900000|100%|HC|  |TAMS 0x0000000095900000| PB 0x0000000095800000| Complete |  0
| 263|0x0000000095900000, 0x0000000095a00000, 0x0000000095a00000|100%|HC|  |TAMS 0x0000000095a00000| PB 0x0000000095900000| Complete |  0
| 264|0x0000000095a00000, 0x0000000095b00000, 0x0000000095b00000|100%|HS|  |TAMS 0x0000000095b00000| PB 0x0000000095a00000| Complete |  0
| 265|0x0000000095b00000, 0x0000000095c00000, 0x0000000095c00000|100%|HC|  |TAMS 0x0000000095c00000| PB 0x0000000095b00000| Complete |  0
| 266|0x0000000095c00000, 0x0000000095d00000, 0x0000000095d00000|100%|HC|  |TAMS 0x0000000095d00000| PB 0x0000000095c00000| Complete |  0
| 267|0x0000000095d00000, 0x0000000095e00000, 0x0000000095e00000|100%|HC|  |TAMS 0x0000000095e00000| PB 0x0000000095d00000| Complete |  0
| 268|0x0000000095e00000, 0x0000000095f00000, 0x0000000095f00000|100%|HC|  |TAMS 0x0000000095f00000| PB 0x0000000095e00000| Complete |  0
| 269|0x0000000095f00000, 0x0000000095f00000, 0x0000000096000000|  0%| F|  |TAMS 0x0000000095f00000| PB 0x0000000095f00000| Untracked |  0
| 270|0x0000000096000000, 0x0000000096000000, 0x0000000096100000|  0%| F|  |TAMS 0x0000000096000000| PB 0x0000000096000000| Untracked |  0
| 271|0x0000000096100000, 0x0000000096100000, 0x0000000096200000|  0%| F|  |TAMS 0x0000000096100000| PB 0x0000000096100000| Untracked |  0
| 272|0x0000000096200000, 0x0000000096300000, 0x0000000096300000|100%|HS|  |TAMS 0x0000000096300000| PB 0x0000000096200000| Complete |  0
| 273|0x0000000096300000, 0x0000000096400000, 0x0000000096400000|100%|HC|  |TAMS 0x0000000096400000| PB 0x0000000096300000| Complete |  0
| 274|0x0000000096400000, 0x0000000096500000, 0x0000000096500000|100%|HC|  |TAMS 0x0000000096500000| PB 0x0000000096400000| Complete |  0
| 275|0x0000000096500000, 0x0000000096600000, 0x0000000096600000|100%|HC|  |TAMS 0x0000000096600000| PB 0x0000000096500000| Complete |  0
| 276|0x0000000096600000, 0x0000000096700000, 0x0000000096700000|100%|HC|  |TAMS 0x0000000096700000| PB 0x0000000096600000| Complete |  0
| 277|0x0000000096700000, 0x0000000096800000, 0x0000000096800000|100%|HS|  |TAMS 0x0000000096800000| PB 0x0000000096700000| Complete |  0
| 278|0x0000000096800000, 0x0000000096900000, 0x0000000096900000|100%|HC|  |TAMS 0x0000000096900000| PB 0x0000000096800000| Complete |  0
| 279|0x0000000096900000, 0x0000000096a00000, 0x0000000096a00000|100%|HC|  |TAMS 0x0000000096a00000| PB 0x0000000096900000| Complete |  0
| 280|0x0000000096a00000, 0x0000000096b00000, 0x0000000096b00000|100%|HC|  |TAMS 0x0000000096b00000| PB 0x0000000096a00000| Complete |  0
| 281|0x0000000096b00000, 0x0000000096c00000, 0x0000000096c00000|100%|HC|  |TAMS 0x0000000096c00000| PB 0x0000000096b00000| Complete |  0
| 282|0x0000000096c00000, 0x0000000096d00000, 0x0000000096d00000|100%|HS|  |TAMS 0x0000000096d00000| PB 0x0000000096c00000| Complete |  0
| 283|0x0000000096d00000, 0x0000000096e00000, 0x0000000096e00000|100%|HC|  |TAMS 0x0000000096e00000| PB 0x0000000096d00000| Complete |  0
| 284|0x0000000096e00000, 0x0000000096f00000, 0x0000000096f00000|100%|HC|  |TAMS 0x0000000096f00000| PB 0x0000000096e00000| Complete |  0
| 285|0x0000000096f00000, 0x0000000097000000, 0x0000000097000000|100%|HC|  |TAMS 0x0000000097000000| PB 0x0000000096f00000| Complete |  0
| 286|0x0000000097000000, 0x0000000097100000, 0x0000000097100000|100%|HC|  |TAMS 0x0000000097100000| PB 0x0000000097000000| Complete |  0
| 287|0x0000000097100000, 0x0000000097200000, 0x0000000097200000|100%|HS|  |TAMS 0x0000000097200000| PB 0x0000000097100000| Complete |  0
| 288|0x0000000097200000, 0x0000000097300000, 0x0000000097300000|100%|HC|  |TAMS 0x0000000097300000| PB 0x0000000097200000| Complete |  0
| 289|0x0000000097300000, 0x0000000097400000, 0x0000000097400000|100%|HC|  |TAMS 0x0000000097400000| PB 0x0000000097300000| Complete |  0
| 290|0x0000000097400000, 0x0000000097500000, 0x0000000097500000|100%|HC|  |TAMS 0x0000000097500000| PB 0x0000000097400000| Complete |  0
| 291|0x0000000097500000, 0x0000000097600000, 0x0000000097600000|100%|HC|  |TAMS 0x0000000097600000| PB 0x0000000097500000| Complete |  0
| 292|0x0000000097600000, 0x0000000097700000, 0x0000000097700000|100%|HS|  |TAMS 0x0000000097700000| PB 0x0000000097600000| Complete |  0
| 293|0x0000000097700000, 0x0000000097800000, 0x0000000097800000|100%|HC|  |TAMS 0x0000000097800000| PB 0x0000000097700000| Complete |  0
| 294|0x0000000097800000, 0x0000000097900000, 0x0000000097900000|100%|HC|  |TAMS 0x0000000097900000| PB 0x0000000097800000| Complete |  0
| 295|0x0000000097900000, 0x0000000097a00000, 0x0000000097a00000|100%|HC|  |TAMS 0x0000000097a00000| PB 0x0000000097900000| Complete |  0
| 296|0x0000000097a00000, 0x0000000097b00000, 0x0000000097b00000|100%|HC|  |TAMS 0x0000000097b00000| PB 0x0000000097a00000| Complete |  0
| 297|0x0000000097b00000, 0x0000000097c00000, 0x0000000097c00000|100%|HS|  |TAMS 0x0000000097c00000| PB 0x0000000097b00000| Complete |  0
| 298|0x0000000097c00000, 0x0000000097d00000, 0x0000000097d00000|100%|HC|  |TAMS 0x0000000097d00000| PB 0x0000000097c00000| Complete |  0
| 299|0x0000000097d00000, 0x0000000097e00000, 0x0000000097e00000|100%|HC|  |TAMS 0x0000000097e00000| PB 0x0000000097d00000| Complete |  0
| 300|0x0000000097e00000, 0x0000000097f00000, 0x0000000097f00000|100%|HC|  |TAMS 0x0000000097f00000| PB 0x0000000097e00000| Complete |  0
| 301|0x0000000097f00000, 0x0000000098000000, 0x0000000098000000|100%|HC|  |TAMS 0x0000000098000000| PB 0x0000000097f00000| Complete |  0
| 302|0x0000000098000000, 0x0000000098100000, 0x0000000098100000|100%|HS|  |TAMS 0x0000000098100000| PB 0x0000000098000000| Complete |  0
| 303|0x0000000098100000, 0x0000000098200000, 0x0000000098200000|100%|HC|  |TAMS 0x0000000098200000| PB 0x0000000098100000| Complete |  0
| 304|0x0000000098200000, 0x0000000098300000, 0x0000000098300000|100%|HC|  |TAMS 0x0000000098300000| PB 0x0000000098200000| Complete |  0
| 305|0x0000000098300000, 0x0000000098400000, 0x0000000098400000|100%|HC|  |TAMS 0x0000000098400000| PB 0x0000000098300000| Complete |  0
| 306|0x0000000098400000, 0x0000000098500000, 0x0000000098500000|100%|HC|  |TAMS 0x0000000098500000| PB 0x0000000098400000| Complete |  0
| 307|0x0000000098500000, 0x0000000098600000, 0x0000000098600000|100%|HS|  |TAMS 0x0000000098600000| PB 0x0000000098500000| Complete |  0
| 308|0x0000000098600000, 0x0000000098700000, 0x0000000098700000|100%|HC|  |TAMS 0x0000000098700000| PB 0x0000000098600000| Complete |  0
| 309|0x0000000098700000, 0x0000000098800000, 0x0000000098800000|100%|HC|  |TAMS 0x0000000098800000| PB 0x0000000098700000| Complete |  0
| 310|0x0000000098800000, 0x0000000098900000, 0x0000000098900000|100%|HC|  |TAMS 0x0000000098900000| PB 0x0000000098800000| Complete |  0
| 311|0x0000000098900000, 0x0000000098a00000, 0x0000000098a00000|100%|HC|  |TAMS 0x0000000098a00000| PB 0x0000000098900000| Complete |  0
| 312|0x0000000098a00000, 0x0000000098b00000, 0x0000000098b00000|100%|HS|  |TAMS 0x0000000098b00000| PB 0x0000000098a00000| Complete |  0
| 313|0x0000000098b00000, 0x0000000098c00000, 0x0000000098c00000|100%|HC|  |TAMS 0x0000000098c00000| PB 0x0000000098b00000| Complete |  0
| 314|0x0000000098c00000, 0x0000000098d00000, 0x0000000098d00000|100%|HC|  |TAMS 0x0000000098d00000| PB 0x0000000098c00000| Complete |  0
| 315|0x0000000098d00000, 0x0000000098e00000, 0x0000000098e00000|100%|HC|  |TAMS 0x0000000098e00000| PB 0x0000000098d00000| Complete |  0
| 316|0x0000000098e00000, 0x0000000098f00000, 0x0000000098f00000|100%|HC|  |TAMS 0x0000000098f00000| PB 0x0000000098e00000| Complete |  0
| 317|0x0000000098f00000, 0x0000000099000000, 0x0000000099000000|100%|HS|  |TAMS 0x0000000099000000| PB 0x0000000098f00000| Complete |  0
| 318|0x0000000099000000, 0x0000000099100000, 0x0000000099100000|100%|HC|  |TAMS 0x0000000099100000| PB 0x0000000099000000| Complete |  0
| 319|0x0000000099100000, 0x0000000099200000, 0x0000000099200000|100%|HC|  |TAMS 0x0000000099200000| PB 0x0000000099100000| Complete |  0
| 320|0x0000000099200000, 0x0000000099300000, 0x0000000099300000|100%|HC|  |TAMS 0x0000000099300000| PB 0x0000000099200000| Complete |  0
| 321|0x0000000099300000, 0x0000000099400000, 0x0000000099400000|100%|HC|  |TAMS 0x0000000099400000| PB 0x0000000099300000| Complete |  0
| 322|0x0000000099400000, 0x0000000099500000, 0x0000000099500000|100%|HS|  |TAMS 0x0000000099500000| PB 0x0000000099400000| Complete |  0
| 323|0x0000000099500000, 0x0000000099600000, 0x0000000099600000|100%|HC|  |TAMS 0x0000000099600000| PB 0x0000000099500000| Complete |  0
| 324|0x0000000099600000, 0x0000000099700000, 0x0000000099700000|100%|HC|  |TAMS 0x0000000099700000| PB 0x0000000099600000| Complete |  0
| 325|0x0000000099700000, 0x0000000099800000, 0x0000000099800000|100%|HC|  |TAMS 0x0000000099800000| PB 0x0000000099700000| Complete |  0
| 326|0x0000000099800000, 0x0000000099900000, 0x0000000099900000|100%|HC|  |TAMS 0x0000000099900000| PB 0x0000000099800000| Complete |  0
| 327|0x0000000099900000, 0x0000000099a00000, 0x0000000099a00000|100%|HS|  |TAMS 0x0000000099a00000| PB 0x0000000099900000| Complete |  0
| 328|0x0000000099a00000, 0x0000000099b00000, 0x0000000099b00000|100%|HC|  |TAMS 0x0000000099b00000| PB 0x0000000099a00000| Complete |  0
| 329|0x0000000099b00000, 0x0000000099c00000, 0x0000000099c00000|100%|HC|  |TAMS 0x0000000099c00000| PB 0x0000000099b00000| Complete |  0
| 330|0x0000000099c00000, 0x0000000099d00000, 0x0000000099d00000|100%|HC|  |TAMS 0x0000000099d00000| PB 0x0000000099c00000| Complete |  0
| 331|0x0000000099d00000, 0x0000000099e00000, 0x0000000099e00000|100%|HC|  |TAMS 0x0000000099e00000| PB 0x0000000099d00000| Complete |  0
| 332|0x0000000099e00000, 0x0000000099f00000, 0x0000000099f00000|100%|HS|  |TAMS 0x0000000099f00000| PB 0x0000000099e00000| Complete |  0
| 333|0x0000000099f00000, 0x000000009a000000, 0x000000009a000000|100%|HC|  |TAMS 0x000000009a000000| PB 0x0000000099f00000| Complete |  0
| 334|0x000000009a000000, 0x000000009a100000, 0x000000009a100000|100%|HC|  |TAMS 0x000000009a100000| PB 0x000000009a000000| Complete |  0
| 335|0x000000009a100000, 0x000000009a200000, 0x000000009a200000|100%|HC|  |TAMS 0x000000009a200000| PB 0x000000009a100000| Complete |  0
| 336|0x000000009a200000, 0x000000009a300000, 0x000000009a300000|100%|HC|  |TAMS 0x000000009a300000| PB 0x000000009a200000| Complete |  0
| 337|0x000000009a300000, 0x000000009a400000, 0x000000009a400000|100%|HS|  |TAMS 0x000000009a400000| PB 0x000000009a300000| Complete |  0
| 338|0x000000009a400000, 0x000000009a500000, 0x000000009a500000|100%|HC|  |TAMS 0x000000009a500000| PB 0x000000009a400000| Complete |  0
| 339|0x000000009a500000, 0x000000009a600000, 0x000000009a600000|100%|HC|  |TAMS 0x000000009a600000| PB 0x000000009a500000| Complete |  0
| 340|0x000000009a600000, 0x000000009a700000, 0x000000009a700000|100%|HC|  |TAMS 0x000000009a700000| PB 0x000000009a600000| Complete |  0
| 341|0x000000009a700000, 0x000000009a800000, 0x000000009a800000|100%|HC|  |TAMS 0x000000009a800000| PB 0x000000009a700000| Complete |  0
| 342|0x000000009a800000, 0x000000009a900000, 0x000000009a900000|100%|HS|  |TAMS 0x000000009a900000| PB 0x000000009a800000| Complete |  0
| 343|0x000000009a900000, 0x000000009aa00000, 0x000000009aa00000|100%|HC|  |TAMS 0x000000009aa00000| PB 0x000000009a900000| Complete |  0
| 344|0x000000009aa00000, 0x000000009ab00000, 0x000000009ab00000|100%|HC|  |TAMS 0x000000009ab00000| PB 0x000000009aa00000| Complete |  0
| 345|0x000000009ab00000, 0x000000009ac00000, 0x000000009ac00000|100%|HC|  |TAMS 0x000000009ac00000| PB 0x000000009ab00000| Complete |  0
| 346|0x000000009ac00000, 0x000000009ad00000, 0x000000009ad00000|100%|HC|  |TAMS 0x000000009ad00000| PB 0x000000009ac00000| Complete |  0
| 347|0x000000009ad00000, 0x000000009ae00000, 0x000000009ae00000|100%|HS|  |TAMS 0x000000009ae00000| PB 0x000000009ad00000| Complete |  0
| 348|0x000000009ae00000, 0x000000009af00000, 0x000000009af00000|100%|HC|  |TAMS 0x000000009af00000| PB 0x000000009ae00000| Complete |  0
| 349|0x000000009af00000, 0x000000009b000000, 0x000000009b000000|100%|HC|  |TAMS 0x000000009b000000| PB 0x000000009af00000| Complete |  0
| 350|0x000000009b000000, 0x000000009b100000, 0x000000009b100000|100%|HC|  |TAMS 0x000000009b100000| PB 0x000000009b000000| Complete |  0
| 351|0x000000009b100000, 0x000000009b200000, 0x000000009b200000|100%|HC|  |TAMS 0x000000009b200000| PB 0x000000009b100000| Complete |  0
| 352|0x000000009b200000, 0x000000009b300000, 0x000000009b300000|100%|HS|  |TAMS 0x000000009b300000| PB 0x000000009b200000| Complete |  0
| 353|0x000000009b300000, 0x000000009b400000, 0x000000009b400000|100%|HC|  |TAMS 0x000000009b400000| PB 0x000000009b300000| Complete |  0
| 354|0x000000009b400000, 0x000000009b500000, 0x000000009b500000|100%|HC|  |TAMS 0x000000009b500000| PB 0x000000009b400000| Complete |  0
| 355|0x000000009b500000, 0x000000009b600000, 0x000000009b600000|100%|HC|  |TAMS 0x000000009b600000| PB 0x000000009b500000| Complete |  0
| 356|0x000000009b600000, 0x000000009b700000, 0x000000009b700000|100%|HC|  |TAMS 0x000000009b700000| PB 0x000000009b600000| Complete |  0
| 357|0x000000009b700000, 0x000000009b800000, 0x000000009b800000|100%|HS|  |TAMS 0x000000009b800000| PB 0x000000009b700000| Complete |  0
| 358|0x000000009b800000, 0x000000009b900000, 0x000000009b900000|100%|HC|  |TAMS 0x000000009b900000| PB 0x000000009b800000| Complete |  0
| 359|0x000000009b900000, 0x000000009ba00000, 0x000000009ba00000|100%|HC|  |TAMS 0x000000009ba00000| PB 0x000000009b900000| Complete |  0
| 360|0x000000009ba00000, 0x000000009bb00000, 0x000000009bb00000|100%|HC|  |TAMS 0x000000009bb00000| PB 0x000000009ba00000| Complete |  0
| 361|0x000000009bb00000, 0x000000009bc00000, 0x000000009bc00000|100%|HC|  |TAMS 0x000000009bc00000| PB 0x000000009bb00000| Complete |  0
| 362|0x000000009bc00000, 0x000000009bd00000, 0x000000009bd00000|100%|HS|  |TAMS 0x000000009bd00000| PB 0x000000009bc00000| Complete |  0
| 363|0x000000009bd00000, 0x000000009be00000, 0x000000009be00000|100%|HC|  |TAMS 0x000000009be00000| PB 0x000000009bd00000| Complete |  0
| 364|0x000000009be00000, 0x000000009bf00000, 0x000000009bf00000|100%|HC|  |TAMS 0x000000009bf00000| PB 0x000000009be00000| Complete |  0
| 365|0x000000009bf00000, 0x000000009c000000, 0x000000009c000000|100%|HC|  |TAMS 0x000000009c000000| PB 0x000000009bf00000| Complete |  0
| 366|0x000000009c000000, 0x000000009c100000, 0x000000009c100000|100%|HC|  |TAMS 0x000000009c100000| PB 0x000000009c000000| Complete |  0
| 367|0x000000009c100000, 0x000000009c200000, 0x000000009c200000|100%|HS|  |TAMS 0x000000009c200000| PB 0x000000009c100000| Complete |  0
| 368|0x000000009c200000, 0x000000009c300000, 0x000000009c300000|100%|HC|  |TAMS 0x000000009c300000| PB 0x000000009c200000| Complete |  0
| 369|0x000000009c300000, 0x000000009c400000, 0x000000009c400000|100%|HC|  |TAMS 0x000000009c400000| PB 0x000000009c300000| Complete |  0
| 370|0x000000009c400000, 0x000000009c500000, 0x000000009c500000|100%|HC|  |TAMS 0x000000009c500000| PB 0x000000009c400000| Complete |  0
| 371|0x000000009c500000, 0x000000009c600000, 0x000000009c600000|100%|HC|  |TAMS 0x000000009c600000| PB 0x000000009c500000| Complete |  0
| 372|0x000000009c600000, 0x000000009c700000, 0x000000009c700000|100%|HS|  |TAMS 0x000000009c700000| PB 0x000000009c600000| Complete |  0
| 373|0x000000009c700000, 0x000000009c800000, 0x000000009c800000|100%|HC|  |TAMS 0x000000009c800000| PB 0x000000009c700000| Complete |  0
| 374|0x000000009c800000, 0x000000009c900000, 0x000000009c900000|100%|HC|  |TAMS 0x000000009c900000| PB 0x000000009c800000| Complete |  0
| 375|0x000000009c900000, 0x000000009ca00000, 0x000000009ca00000|100%|HC|  |TAMS 0x000000009ca00000| PB 0x000000009c900000| Complete |  0
| 376|0x000000009ca00000, 0x000000009cb00000, 0x000000009cb00000|100%|HC|  |TAMS 0x000000009cb00000| PB 0x000000009ca00000| Complete |  0
| 377|0x000000009cb00000, 0x000000009cc00000, 0x000000009cc00000|100%|HS|  |TAMS 0x000000009cc00000| PB 0x000000009cb00000| Complete |  0
| 378|0x000000009cc00000, 0x000000009cd00000, 0x000000009cd00000|100%|HC|  |TAMS 0x000000009cd00000| PB 0x000000009cc00000| Complete |  0
| 379|0x000000009cd00000, 0x000000009ce00000, 0x000000009ce00000|100%|HC|  |TAMS 0x000000009ce00000| PB 0x000000009cd00000| Complete |  0
| 380|0x000000009ce00000, 0x000000009cf00000, 0x000000009cf00000|100%|HC|  |TAMS 0x000000009cf00000| PB 0x000000009ce00000| Complete |  0
| 381|0x000000009cf00000, 0x000000009d000000, 0x000000009d000000|100%|HC|  |TAMS 0x000000009d000000| PB 0x000000009cf00000| Complete |  0
| 382|0x000000009d000000, 0x000000009d100000, 0x000000009d100000|100%|HS|  |TAMS 0x000000009d100000| PB 0x000000009d000000| Complete |  0
| 383|0x000000009d100000, 0x000000009d200000, 0x000000009d200000|100%|HC|  |TAMS 0x000000009d200000| PB 0x000000009d100000| Complete |  0
| 384|0x000000009d200000, 0x000000009d300000, 0x000000009d300000|100%|HC|  |TAMS 0x000000009d300000| PB 0x000000009d200000| Complete |  0
| 385|0x000000009d300000, 0x000000009d400000, 0x000000009d400000|100%|HC|  |TAMS 0x000000009d400000| PB 0x000000009d300000| Complete |  0
| 386|0x000000009d400000, 0x000000009d500000, 0x000000009d500000|100%|HC|  |TAMS 0x000000009d500000| PB 0x000000009d400000| Complete |  0
| 387|0x000000009d500000, 0x000000009d600000, 0x000000009d600000|100%|HS|  |TAMS 0x000000009d600000| PB 0x000000009d500000| Complete |  0
| 388|0x000000009d600000, 0x000000009d700000, 0x000000009d700000|100%|HC|  |TAMS 0x000000009d700000| PB 0x000000009d600000| Complete |  0
| 389|0x000000009d700000, 0x000000009d800000, 0x000000009d800000|100%|HC|  |TAMS 0x000000009d800000| PB 0x000000009d700000| Complete |  0
| 390|0x000000009d800000, 0x000000009d900000, 0x000000009d900000|100%|HC|  |TAMS 0x000000009d900000| PB 0x000000009d800000| Complete |  0
| 391|0x000000009d900000, 0x000000009da00000, 0x000000009da00000|100%|HC|  |TAMS 0x000000009da00000| PB 0x000000009d900000| Complete |  0
| 392|0x000000009da00000, 0x000000009db00000, 0x000000009db00000|100%|HS|  |TAMS 0x000000009db00000| PB 0x000000009da00000| Complete |  0
| 393|0x000000009db00000, 0x000000009dc00000, 0x000000009dc00000|100%|HC|  |TAMS 0x000000009dc00000| PB 0x000000009db00000| Complete |  0
| 394|0x000000009dc00000, 0x000000009dd00000, 0x000000009dd00000|100%|HC|  |TAMS 0x000000009dd00000| PB 0x000000009dc00000| Complete |  0
| 395|0x000000009dd00000, 0x000000009de00000, 0x000000009de00000|100%|HC|  |TAMS 0x000000009de00000| PB 0x000000009dd00000| Complete |  0
| 396|0x000000009de00000, 0x000000009df00000, 0x000000009df00000|100%|HC|  |TAMS 0x000000009df00000| PB 0x000000009de00000| Complete |  0
| 397|0x000000009df00000, 0x000000009e000000, 0x000000009e000000|100%|HS|  |TAMS 0x000000009e000000| PB 0x000000009df00000| Complete |  0
| 398|0x000000009e000000, 0x000000009e100000, 0x000000009e100000|100%|HC|  |TAMS 0x000000009e100000| PB 0x000000009e000000| Complete |  0
| 399|0x000000009e100000, 0x000000009e200000, 0x000000009e200000|100%|HC|  |TAMS 0x000000009e200000| PB 0x000000009e100000| Complete |  0
| 400|0x000000009e200000, 0x000000009e300000, 0x000000009e300000|100%|HC|  |TAMS 0x000000009e300000| PB 0x000000009e200000| Complete |  0
| 401|0x000000009e300000, 0x000000009e400000, 0x000000009e400000|100%|HC|  |TAMS 0x000000009e400000| PB 0x000000009e300000| Complete |  0
| 402|0x000000009e400000, 0x000000009e500000, 0x000000009e500000|100%|HS|  |TAMS 0x000000009e500000| PB 0x000000009e400000| Complete |  0
| 403|0x000000009e500000, 0x000000009e600000, 0x000000009e600000|100%|HC|  |TAMS 0x000000009e600000| PB 0x000000009e500000| Complete |  0
| 404|0x000000009e600000, 0x000000009e700000, 0x000000009e700000|100%|HC|  |TAMS 0x000000009e700000| PB 0x000000009e600000| Complete |  0
| 405|0x000000009e700000, 0x000000009e800000, 0x000000009e800000|100%|HC|  |TAMS 0x000000009e800000| PB 0x000000009e700000| Complete |  0
| 406|0x000000009e800000, 0x000000009e900000, 0x000000009e900000|100%|HC|  |TAMS 0x000000009e900000| PB 0x000000009e800000| Complete |  0
| 407|0x000000009e900000, 0x000000009ea00000, 0x000000009ea00000|100%|HS|  |TAMS 0x000000009ea00000| PB 0x000000009e900000| Complete |  0
| 408|0x000000009ea00000, 0x000000009eb00000, 0x000000009eb00000|100%|HC|  |TAMS 0x000000009eb00000| PB 0x000000009ea00000| Complete |  0
| 409|0x000000009eb00000, 0x000000009ec00000, 0x000000009ec00000|100%|HC|  |TAMS 0x000000009ec00000| PB 0x000000009eb00000| Complete |  0
| 410|0x000000009ec00000, 0x000000009ed00000, 0x000000009ed00000|100%|HC|  |TAMS 0x000000009ed00000| PB 0x000000009ec00000| Complete |  0
| 411|0x000000009ed00000, 0x000000009ee00000, 0x000000009ee00000|100%|HC|  |TAMS 0x000000009ee00000| PB 0x000000009ed00000| Complete |  0
| 412|0x000000009ee00000, 0x000000009ef00000, 0x000000009ef00000|100%|HS|  |TAMS 0x000000009ef00000| PB 0x000000009ee00000| Complete |  0
| 413|0x000000009ef00000, 0x000000009f000000, 0x000000009f000000|100%|HC|  |TAMS 0x000000009f000000| PB 0x000000009ef00000| Complete |  0
| 414|0x000000009f000000, 0x000000009f100000, 0x000000009f100000|100%|HC|  |TAMS 0x000000009f100000| PB 0x000000009f000000| Complete |  0
| 415|0x000000009f100000, 0x000000009f200000, 0x000000009f200000|100%|HC|  |TAMS 0x000000009f200000| PB 0x000000009f100000| Complete |  0
| 416|0x000000009f200000, 0x000000009f300000, 0x000000009f300000|100%|HC|  |TAMS 0x000000009f300000| PB 0x000000009f200000| Complete |  0
| 417|0x000000009f300000, 0x000000009f400000, 0x000000009f400000|100%|HS|  |TAMS 0x000000009f400000| PB 0x000000009f300000| Complete |  0
| 418|0x000000009f400000, 0x000000009f500000, 0x000000009f500000|100%|HC|  |TAMS 0x000000009f500000| PB 0x000000009f400000| Complete |  0
| 419|0x000000009f500000, 0x000000009f600000, 0x000000009f600000|100%|HC|  |TAMS 0x000000009f600000| PB 0x000000009f500000| Complete |  0
| 420|0x000000009f600000, 0x000000009f700000, 0x000000009f700000|100%|HC|  |TAMS 0x000000009f700000| PB 0x000000009f600000| Complete |  0
| 421|0x000000009f700000, 0x000000009f800000, 0x000000009f800000|100%|HC|  |TAMS 0x000000009f800000| PB 0x000000009f700000| Complete |  0
| 422|0x000000009f800000, 0x000000009f900000, 0x000000009f900000|100%|HS|  |TAMS 0x000000009f900000| PB 0x000000009f800000| Complete |  0
| 423|0x000000009f900000, 0x000000009fa00000, 0x000000009fa00000|100%|HC|  |TAMS 0x000000009fa00000| PB 0x000000009f900000| Complete |  0
| 424|0x000000009fa00000, 0x000000009fb00000, 0x000000009fb00000|100%|HC|  |TAMS 0x000000009fb00000| PB 0x000000009fa00000| Complete |  0
| 425|0x000000009fb00000, 0x000000009fc00000, 0x000000009fc00000|100%|HC|  |TAMS 0x000000009fc00000| PB 0x000000009fb00000| Complete |  0
| 426|0x000000009fc00000, 0x000000009fd00000, 0x000000009fd00000|100%|HC|  |TAMS 0x000000009fd00000| PB 0x000000009fc00000| Complete |  0
| 427|0x000000009fd00000, 0x000000009fe00000, 0x000000009fe00000|100%|HS|  |TAMS 0x000000009fe00000| PB 0x000000009fd00000| Complete |  0
| 428|0x000000009fe00000, 0x000000009ff00000, 0x000000009ff00000|100%|HC|  |TAMS 0x000000009ff00000| PB 0x000000009fe00000| Complete |  0
| 429|0x000000009ff00000, 0x00000000a0000000, 0x00000000a0000000|100%|HC|  |TAMS 0x00000000a0000000| PB 0x000000009ff00000| Complete |  0
| 430|0x00000000a0000000, 0x00000000a0100000, 0x00000000a0100000|100%|HC|  |TAMS 0x00000000a0100000| PB 0x00000000a0000000| Complete |  0
| 431|0x00000000a0100000, 0x00000000a0200000, 0x00000000a0200000|100%|HC|  |TAMS 0x00000000a0200000| PB 0x00000000a0100000| Complete |  0
| 432|0x00000000a0200000, 0x00000000a0300000, 0x00000000a0300000|100%|HS|  |TAMS 0x00000000a0300000| PB 0x00000000a0200000| Complete |  0
| 433|0x00000000a0300000, 0x00000000a0400000, 0x00000000a0400000|100%|HC|  |TAMS 0x00000000a0400000| PB 0x00000000a0300000| Complete |  0
| 434|0x00000000a0400000, 0x00000000a0500000, 0x00000000a0500000|100%|HC|  |TAMS 0x00000000a0500000| PB 0x00000000a0400000| Complete |  0
| 435|0x00000000a0500000, 0x00000000a0600000, 0x00000000a0600000|100%|HC|  |TAMS 0x00000000a0600000| PB 0x00000000a0500000| Complete |  0
| 436|0x00000000a0600000, 0x00000000a0700000, 0x00000000a0700000|100%|HC|  |TAMS 0x00000000a0700000| PB 0x00000000a0600000| Complete |  0
| 437|0x00000000a0700000, 0x00000000a0800000, 0x00000000a0800000|100%|HS|  |TAMS 0x00000000a0800000| PB 0x00000000a0700000| Complete |  0
| 438|0x00000000a0800000, 0x00000000a0900000, 0x00000000a0900000|100%|HC|  |TAMS 0x00000000a0900000| PB 0x00000000a0800000| Complete |  0
| 439|0x00000000a0900000, 0x00000000a0a00000, 0x00000000a0a00000|100%|HC|  |TAMS 0x00000000a0a00000| PB 0x00000000a0900000| Complete |  0
| 440|0x00000000a0a00000, 0x00000000a0b00000, 0x00000000a0b00000|100%|HC|  |TAMS 0x00000000a0b00000| PB 0x00000000a0a00000| Complete |  0
| 441|0x00000000a0b00000, 0x00000000a0c00000, 0x00000000a0c00000|100%|HC|  |TAMS 0x00000000a0c00000| PB 0x00000000a0b00000| Complete |  0
| 442|0x00000000a0c00000, 0x00000000a0d00000, 0x00000000a0d00000|100%|HS|  |TAMS 0x00000000a0d00000| PB 0x00000000a0c00000| Complete |  0
| 443|0x00000000a0d00000, 0x00000000a0e00000, 0x00000000a0e00000|100%|HC|  |TAMS 0x00000000a0e00000| PB 0x00000000a0d00000| Complete |  0
| 444|0x00000000a0e00000, 0x00000000a0f00000, 0x00000000a0f00000|100%|HC|  |TAMS 0x00000000a0f00000| PB 0x00000000a0e00000| Complete |  0
| 445|0x00000000a0f00000, 0x00000000a1000000, 0x00000000a1000000|100%|HC|  |TAMS 0x00000000a1000000| PB 0x00000000a0f00000| Complete |  0
| 446|0x00000000a1000000, 0x00000000a1100000, 0x00000000a1100000|100%|HC|  |TAMS 0x00000000a1100000| PB 0x00000000a1000000| Complete |  0
| 447|0x00000000a1100000, 0x00000000a1200000, 0x00000000a1200000|100%|HS|  |TAMS 0x00000000a1200000| PB 0x00000000a1100000| Complete |  0
| 448|0x00000000a1200000, 0x00000000a1300000, 0x00000000a1300000|100%|HC|  |TAMS 0x00000000a1300000| PB 0x00000000a1200000| Complete |  0
| 449|0x00000000a1300000, 0x00000000a1400000, 0x00000000a1400000|100%|HC|  |TAMS 0x00000000a1400000| PB 0x00000000a1300000| Complete |  0
| 450|0x00000000a1400000, 0x00000000a1500000, 0x00000000a1500000|100%|HC|  |TAMS 0x00000000a1500000| PB 0x00000000a1400000| Complete |  0
| 451|0x00000000a1500000, 0x00000000a1600000, 0x00000000a1600000|100%|HC|  |TAMS 0x00000000a1600000| PB 0x00000000a1500000| Complete |  0
| 452|0x00000000a1600000, 0x00000000a1700000, 0x00000000a1700000|100%|HS|  |TAMS 0x00000000a1700000| PB 0x00000000a1600000| Complete |  0
| 453|0x00000000a1700000, 0x00000000a1800000, 0x00000000a1800000|100%|HC|  |TAMS 0x00000000a1800000| PB 0x00000000a1700000| Complete |  0
| 454|0x00000000a1800000, 0x00000000a1900000, 0x00000000a1900000|100%|HC|  |TAMS 0x00000000a1900000| PB 0x00000000a1800000| Complete |  0
| 455|0x00000000a1900000, 0x00000000a1a00000, 0x00000000a1a00000|100%|HC|  |TAMS 0x00000000a1a00000| PB 0x00000000a1900000| Complete |  0
| 456|0x00000000a1a00000, 0x00000000a1b00000, 0x00000000a1b00000|100%|HC|  |TAMS 0x00000000a1b00000| PB 0x00000000a1a00000| Complete |  0
| 457|0x00000000a1b00000, 0x00000000a1c00000, 0x00000000a1c00000|100%|HS|  |TAMS 0x00000000a1c00000| PB 0x00000000a1b00000| Complete |  0
| 458|0x00000000a1c00000, 0x00000000a1d00000, 0x00000000a1d00000|100%|HC|  |TAMS 0x00000000a1d00000| PB 0x00000000a1c00000| Complete |  0
| 459|0x00000000a1d00000, 0x00000000a1e00000, 0x00000000a1e00000|100%|HC|  |TAMS 0x00000000a1e00000| PB 0x00000000a1d00000| Complete |  0
| 460|0x00000000a1e00000, 0x00000000a1f00000, 0x00000000a1f00000|100%|HC|  |TAMS 0x00000000a1f00000| PB 0x00000000a1e00000| Complete |  0
| 461|0x00000000a1f00000, 0x00000000a2000000, 0x00000000a2000000|100%|HC|  |TAMS 0x00000000a2000000| PB 0x00000000a1f00000| Complete |  0
| 462|0x00000000a2000000, 0x00000000a2100000, 0x00000000a2100000|100%|HS|  |TAMS 0x00000000a2100000| PB 0x00000000a2000000| Complete |  0
| 463|0x00000000a2100000, 0x00000000a2200000, 0x00000000a2200000|100%|HC|  |TAMS 0x00000000a2200000| PB 0x00000000a2100000| Complete |  0
| 464|0x00000000a2200000, 0x00000000a2300000, 0x00000000a2300000|100%|HC|  |TAMS 0x00000000a2300000| PB 0x00000000a2200000| Complete |  0
| 465|0x00000000a2300000, 0x00000000a2400000, 0x00000000a2400000|100%|HC|  |TAMS 0x00000000a2400000| PB 0x00000000a2300000| Complete |  0
| 466|0x00000000a2400000, 0x00000000a2500000, 0x00000000a2500000|100%|HC|  |TAMS 0x00000000a2500000| PB 0x00000000a2400000| Complete |  0
| 467|0x00000000a2500000, 0x00000000a2600000, 0x00000000a2600000|100%|HS|  |TAMS 0x00000000a2600000| PB 0x00000000a2500000| Complete |  0
| 468|0x00000000a2600000, 0x00000000a2700000, 0x00000000a2700000|100%|HC|  |TAMS 0x00000000a2700000| PB 0x00000000a2600000| Complete |  0
| 469|0x00000000a2700000, 0x00000000a2800000, 0x00000000a2800000|100%|HC|  |TAMS 0x00000000a2800000| PB 0x00000000a2700000| Complete |  0
| 470|0x00000000a2800000, 0x00000000a2900000, 0x00000000a2900000|100%|HC|  |TAMS 0x00000000a2900000| PB 0x00000000a2800000| Complete |  0
| 471|0x00000000a2900000, 0x00000000a2a00000, 0x00000000a2a00000|100%|HC|  |TAMS 0x00000000a2a00000| PB 0x00000000a2900000| Complete |  0
| 472|0x00000000a2a00000, 0x00000000a2b00000, 0x00000000a2b00000|100%|HS|  |TAMS 0x00000000a2b00000| PB 0x00000000a2a00000| Complete |  0
| 473|0x00000000a2b00000, 0x00000000a2c00000, 0x00000000a2c00000|100%|HC|  |TAMS 0x00000000a2c00000| PB 0x00000000a2b00000| Complete |  0
| 474|0x00000000a2c00000, 0x00000000a2d00000, 0x00000000a2d00000|100%|HC|  |TAMS 0x00000000a2d00000| PB 0x00000000a2c00000| Complete |  0
| 475|0x00000000a2d00000, 0x00000000a2e00000, 0x00000000a2e00000|100%|HC|  |TAMS 0x00000000a2e00000| PB 0x00000000a2d00000| Complete |  0
| 476|0x00000000a2e00000, 0x00000000a2f00000, 0x00000000a2f00000|100%|HC|  |TAMS 0x00000000a2f00000| PB 0x00000000a2e00000| Complete |  0
| 477|0x00000000a2f00000, 0x00000000a3000000, 0x00000000a3000000|100%|HS|  |TAMS 0x00000000a3000000| PB 0x00000000a2f00000| Complete |  0
| 478|0x00000000a3000000, 0x00000000a3100000, 0x00000000a3100000|100%|HC|  |TAMS 0x00000000a3100000| PB 0x00000000a3000000| Complete |  0
| 479|0x00000000a3100000, 0x00000000a3200000, 0x00000000a3200000|100%|HC|  |TAMS 0x00000000a3200000| PB 0x00000000a3100000| Complete |  0
| 480|0x00000000a3200000, 0x00000000a3300000, 0x00000000a3300000|100%|HC|  |TAMS 0x00000000a3300000| PB 0x00000000a3200000| Complete |  0
| 481|0x00000000a3300000, 0x00000000a3400000, 0x00000000a3400000|100%|HC|  |TAMS 0x00000000a3400000| PB 0x00000000a3300000| Complete |  0
| 482|0x00000000a3400000, 0x00000000a3400000, 0x00000000a3500000|  0%| F|  |TAMS 0x00000000a3400000| PB 0x00000000a3400000| Untracked |  0
| 483|0x00000000a3500000, 0x00000000a3500000, 0x00000000a3600000|  0%| F|  |TAMS 0x00000000a3500000| PB 0x00000000a3500000| Untracked |  0
| 484|0x00000000a3600000, 0x00000000a3600000, 0x00000000a3700000|  0%| F|  |TAMS 0x00000000a3600000| PB 0x00000000a3600000| Untracked |  0
| 485|0x00000000a3700000, 0x00000000a3700000, 0x00000000a3800000|  0%| F|  |TAMS 0x00000000a3700000| PB 0x00000000a3700000| Untracked |  0
| 486|0x00000000a3800000, 0x00000000a3800000, 0x00000000a3900000|  0%| F|  |TAMS 0x00000000a3800000| PB 0x00000000a3800000| Untracked |  0
| 487|0x00000000a3900000, 0x00000000a3900000, 0x00000000a3a00000|  0%| F|  |TAMS 0x00000000a3900000| PB 0x00000000a3900000| Untracked |  0
| 488|0x00000000a3a00000, 0x00000000a3a00000, 0x00000000a3b00000|  0%| F|  |TAMS 0x00000000a3a00000| PB 0x00000000a3a00000| Untracked |  0
| 489|0x00000000a3b00000, 0x00000000a3b00000, 0x00000000a3c00000|  0%| F|  |TAMS 0x00000000a3b00000| PB 0x00000000a3b00000| Untracked |  0
| 490|0x00000000a3c00000, 0x00000000a3c00000, 0x00000000a3d00000|  0%| F|  |TAMS 0x00000000a3c00000| PB 0x00000000a3c00000| Untracked |  0
| 491|0x00000000a3d00000, 0x00000000a3d00000, 0x00000000a3e00000|  0%| F|  |TAMS 0x00000000a3d00000| PB 0x00000000a3d00000| Untracked |  0
| 492|0x00000000a3e00000, 0x00000000a3e00000, 0x00000000a3f00000|  0%| F|  |TAMS 0x00000000a3e00000| PB 0x00000000a3e00000| Untracked |  0
| 493|0x00000000a3f00000, 0x00000000a3f00000, 0x00000000a4000000|  0%| F|  |TAMS 0x00000000a3f00000| PB 0x00000000a3f00000| Untracked |  0
| 494|0x00000000a4000000, 0x00000000a4000000, 0x00000000a4100000|  0%| F|  |TAMS 0x00000000a4000000| PB 0x00000000a4000000| Untracked |  0
| 495|0x00000000a4100000, 0x00000000a4100000, 0x00000000a4200000|  0%| F|  |TAMS 0x00000000a4100000| PB 0x00000000a4100000| Untracked |  0
| 496|0x00000000a4200000, 0x00000000a4200000, 0x00000000a4300000|  0%| F|  |TAMS 0x00000000a4200000| PB 0x00000000a4200000| Untracked |  0
| 497|0x00000000a4300000, 0x00000000a4300000, 0x00000000a4400000|  0%| F|  |TAMS 0x00000000a4300000| PB 0x00000000a4300000| Untracked |  0
| 498|0x00000000a4400000, 0x00000000a4400000, 0x00000000a4500000|  0%| F|  |TAMS 0x00000000a4400000| PB 0x00000000a4400000| Untracked |  0
| 499|0x00000000a4500000, 0x00000000a4500000, 0x00000000a4600000|  0%| F|  |TAMS 0x00000000a4500000| PB 0x00000000a4500000| Untracked |  0
| 500|0x00000000a4600000, 0x00000000a4600000, 0x00000000a4700000|  0%| F|  |TAMS 0x00000000a4600000| PB 0x00000000a4600000| Untracked |  0
| 501|0x00000000a4700000, 0x00000000a4700000, 0x00000000a4800000|  0%| F|  |TAMS 0x00000000a4700000| PB 0x00000000a4700000| Untracked |  0
| 502|0x00000000a4800000, 0x00000000a4800000, 0x00000000a4900000|  0%| F|  |TAMS 0x00000000a4800000| PB 0x00000000a4800000| Untracked |  0
| 503|0x00000000a4900000, 0x00000000a4900000, 0x00000000a4a00000|  0%| F|  |TAMS 0x00000000a4900000| PB 0x00000000a4900000| Untracked |  0
| 504|0x00000000a4a00000, 0x00000000a4a00000, 0x00000000a4b00000|  0%| F|  |TAMS 0x00000000a4a00000| PB 0x00000000a4a00000| Untracked |  0
| 505|0x00000000a4b00000, 0x00000000a4b00000, 0x00000000a4c00000|  0%| F|  |TAMS 0x00000000a4b00000| PB 0x00000000a4b00000| Untracked |  0
| 506|0x00000000a4c00000, 0x00000000a4c00000, 0x00000000a4d00000|  0%| F|  |TAMS 0x00000000a4c00000| PB 0x00000000a4c00000| Untracked |  0
| 507|0x00000000a4d00000, 0x00000000a4d00000, 0x00000000a4e00000|  0%| F|  |TAMS 0x00000000a4d00000| PB 0x00000000a4d00000| Untracked |  0
| 508|0x00000000a4e00000, 0x00000000a4e00000, 0x00000000a4f00000|  0%| F|  |TAMS 0x00000000a4e00000| PB 0x00000000a4e00000| Untracked |  0
| 509|0x00000000a4f00000, 0x00000000a4f00000, 0x00000000a5000000|  0%| F|  |TAMS 0x00000000a4f00000| PB 0x00000000a4f00000| Untracked |  0
| 510|0x00000000a5000000, 0x00000000a5000000, 0x00000000a5100000|  0%| F|  |TAMS 0x00000000a5000000| PB 0x00000000a5000000| Untracked |  0
| 511|0x00000000a5100000, 0x00000000a5100000, 0x00000000a5200000|  0%| F|  |TAMS 0x00000000a5100000| PB 0x00000000a5100000| Untracked |  0
| 512|0x00000000a5200000, 0x00000000a5200000, 0x00000000a5300000|  0%| F|  |TAMS 0x00000000a5200000| PB 0x00000000a5200000| Untracked |  0
| 513|0x00000000a5300000, 0x00000000a5300000, 0x00000000a5400000|  0%| F|  |TAMS 0x00000000a5300000| PB 0x00000000a5300000| Untracked |  0
| 514|0x00000000a5400000, 0x00000000a5400000, 0x00000000a5500000|  0%| F|  |TAMS 0x00000000a5400000| PB 0x00000000a5400000| Untracked |  0
| 515|0x00000000a5500000, 0x00000000a5500000, 0x00000000a5600000|  0%| F|  |TAMS 0x00000000a5500000| PB 0x00000000a5500000| Untracked |  0
| 516|0x00000000a5600000, 0x00000000a5600000, 0x00000000a5700000|  0%| F|  |TAMS 0x00000000a5600000| PB 0x00000000a5600000| Untracked |  0
| 517|0x00000000a5700000, 0x00000000a5700000, 0x00000000a5800000|  0%| F|  |TAMS 0x00000000a5700000| PB 0x00000000a5700000| Untracked |  0
| 518|0x00000000a5800000, 0x00000000a5800000, 0x00000000a5900000|  0%| F|  |TAMS 0x00000000a5800000| PB 0x00000000a5800000| Untracked |  0
| 519|0x00000000a5900000, 0x00000000a5900000, 0x00000000a5a00000|  0%| F|  |TAMS 0x00000000a5900000| PB 0x00000000a5900000| Untracked |  0
| 520|0x00000000a5a00000, 0x00000000a5a00000, 0x00000000a5b00000|  0%| F|  |TAMS 0x00000000a5a00000| PB 0x00000000a5a00000| Untracked |  0
| 521|0x00000000a5b00000, 0x00000000a5b00000, 0x00000000a5c00000|  0%| F|  |TAMS 0x00000000a5b00000| PB 0x00000000a5b00000| Untracked |  0
| 522|0x00000000a5c00000, 0x00000000a5c00000, 0x00000000a5d00000|  0%| F|  |TAMS 0x00000000a5c00000| PB 0x00000000a5c00000| Untracked |  0
| 523|0x00000000a5d00000, 0x00000000a5d00000, 0x00000000a5e00000|  0%| F|  |TAMS 0x00000000a5d00000| PB 0x00000000a5d00000| Untracked |  0
| 524|0x00000000a5e00000, 0x00000000a5e00000, 0x00000000a5f00000|  0%| F|  |TAMS 0x00000000a5e00000| PB 0x00000000a5e00000| Untracked |  0
| 525|0x00000000a5f00000, 0x00000000a5f00000, 0x00000000a6000000|  0%| F|  |TAMS 0x00000000a5f00000| PB 0x00000000a5f00000| Untracked |  0
| 526|0x00000000a6000000, 0x00000000a6000000, 0x00000000a6100000|  0%| F|  |TAMS 0x00000000a6000000| PB 0x00000000a6000000| Untracked |  0
| 527|0x00000000a6100000, 0x00000000a6100000, 0x00000000a6200000|  0%| F|  |TAMS 0x00000000a6100000| PB 0x00000000a6100000| Untracked |  0
| 528|0x00000000a6200000, 0x00000000a6200000, 0x00000000a6300000|  0%| F|  |TAMS 0x00000000a6200000| PB 0x00000000a6200000| Untracked |  0
| 529|0x00000000a6300000, 0x00000000a6300000, 0x00000000a6400000|  0%| F|  |TAMS 0x00000000a6300000| PB 0x00000000a6300000| Untracked |  0
| 530|0x00000000a6400000, 0x00000000a6400000, 0x00000000a6500000|  0%| F|  |TAMS 0x00000000a6400000| PB 0x00000000a6400000| Untracked |  0
| 531|0x00000000a6500000, 0x00000000a6500000, 0x00000000a6600000|  0%| F|  |TAMS 0x00000000a6500000| PB 0x00000000a6500000| Untracked |  0
| 532|0x00000000a6600000, 0x00000000a6600000, 0x00000000a6700000|  0%| F|  |TAMS 0x00000000a6600000| PB 0x00000000a6600000| Untracked |  0
| 533|0x00000000a6700000, 0x00000000a6700000, 0x00000000a6800000|  0%| F|  |TAMS 0x00000000a6700000| PB 0x00000000a6700000| Untracked |  0
| 534|0x00000000a6800000, 0x00000000a6800000, 0x00000000a6900000|  0%| F|  |TAMS 0x00000000a6800000| PB 0x00000000a6800000| Untracked |  0
| 535|0x00000000a6900000, 0x00000000a6900000, 0x00000000a6a00000|  0%| F|  |TAMS 0x00000000a6900000| PB 0x00000000a6900000| Untracked |  0
| 536|0x00000000a6a00000, 0x00000000a6a00000, 0x00000000a6b00000|  0%| F|  |TAMS 0x00000000a6a00000| PB 0x00000000a6a00000| Untracked |  0
| 537|0x00000000a6b00000, 0x00000000a6b00000, 0x00000000a6c00000|  0%| F|  |TAMS 0x00000000a6b00000| PB 0x00000000a6b00000| Untracked |  0
| 538|0x00000000a6c00000, 0x00000000a6c00000, 0x00000000a6d00000|  0%| F|  |TAMS 0x00000000a6c00000| PB 0x00000000a6c00000| Untracked |  0
| 539|0x00000000a6d00000, 0x00000000a6d00000, 0x00000000a6e00000|  0%| F|  |TAMS 0x00000000a6d00000| PB 0x00000000a6d00000| Untracked |  0
| 540|0x00000000a6e00000, 0x00000000a6e00000, 0x00000000a6f00000|  0%| F|  |TAMS 0x00000000a6e00000| PB 0x00000000a6e00000| Untracked |  0
| 541|0x00000000a6f00000, 0x00000000a6f00000, 0x00000000a7000000|  0%| F|  |TAMS 0x00000000a6f00000| PB 0x00000000a6f00000| Untracked |  0
| 542|0x00000000a7000000, 0x00000000a7000000, 0x00000000a7100000|  0%| F|  |TAMS 0x00000000a7000000| PB 0x00000000a7000000| Untracked |  0
| 543|0x00000000a7100000, 0x00000000a7100000, 0x00000000a7200000|  0%| F|  |TAMS 0x00000000a7100000| PB 0x00000000a7100000| Untracked |  0
| 544|0x00000000a7200000, 0x00000000a7200000, 0x00000000a7300000|  0%| F|  |TAMS 0x00000000a7200000| PB 0x00000000a7200000| Untracked |  0
| 545|0x00000000a7300000, 0x00000000a7300000, 0x00000000a7400000|  0%| F|  |TAMS 0x00000000a7300000| PB 0x00000000a7300000| Untracked |  0
| 546|0x00000000a7400000, 0x00000000a7400000, 0x00000000a7500000|  0%| F|  |TAMS 0x00000000a7400000| PB 0x00000000a7400000| Untracked |  0
| 547|0x00000000a7500000, 0x00000000a7500000, 0x00000000a7600000|  0%| F|  |TAMS 0x00000000a7500000| PB 0x00000000a7500000| Untracked |  0
| 548|0x00000000a7600000, 0x00000000a7600000, 0x00000000a7700000|  0%| F|  |TAMS 0x00000000a7600000| PB 0x00000000a7600000| Untracked |  0
| 549|0x00000000a7700000, 0x00000000a7700000, 0x00000000a7800000|  0%| F|  |TAMS 0x00000000a7700000| PB 0x00000000a7700000| Untracked |  0
| 550|0x00000000a7800000, 0x00000000a7800000, 0x00000000a7900000|  0%| F|  |TAMS 0x00000000a7800000| PB 0x00000000a7800000| Untracked |  0
| 551|0x00000000a7900000, 0x00000000a7900000, 0x00000000a7a00000|  0%| F|  |TAMS 0x00000000a7900000| PB 0x00000000a7900000| Untracked |  0
| 552|0x00000000a7a00000, 0x00000000a7a00000, 0x00000000a7b00000|  0%| F|  |TAMS 0x00000000a7a00000| PB 0x00000000a7a00000| Untracked |  0
| 553|0x00000000a7b00000, 0x00000000a7b00000, 0x00000000a7c00000|  0%| F|  |TAMS 0x00000000a7b00000| PB 0x00000000a7b00000| Untracked |  0
| 554|0x00000000a7c00000, 0x00000000a7c00000, 0x00000000a7d00000|  0%| F|  |TAMS 0x00000000a7c00000| PB 0x00000000a7c00000| Untracked |  0
| 555|0x00000000a7d00000, 0x00000000a7d00000, 0x00000000a7e00000|  0%| F|  |TAMS 0x00000000a7d00000| PB 0x00000000a7d00000| Untracked |  0
| 556|0x00000000a7e00000, 0x00000000a7e00000, 0x00000000a7f00000|  0%| F|  |TAMS 0x00000000a7e00000| PB 0x00000000a7e00000| Untracked |  0
| 557|0x00000000a7f00000, 0x00000000a7f00000, 0x00000000a8000000|  0%| F|  |TAMS 0x00000000a7f00000| PB 0x00000000a7f00000| Untracked |  0
| 558|0x00000000a8000000, 0x00000000a8000000, 0x00000000a8100000|  0%| F|  |TAMS 0x00000000a8000000| PB 0x00000000a8000000| Untracked |  0
| 559|0x00000000a8100000, 0x00000000a8100000, 0x00000000a8200000|  0%| F|  |TAMS 0x00000000a8100000| PB 0x00000000a8100000| Untracked |  0
| 560|0x00000000a8200000, 0x00000000a8200000, 0x00000000a8300000|  0%| F|  |TAMS 0x00000000a8200000| PB 0x00000000a8200000| Untracked |  0
| 561|0x00000000a8300000, 0x00000000a8300000, 0x00000000a8400000|  0%| F|  |TAMS 0x00000000a8300000| PB 0x00000000a8300000| Untracked |  0
| 562|0x00000000a8400000, 0x00000000a8400000, 0x00000000a8500000|  0%| F|  |TAMS 0x00000000a8400000| PB 0x00000000a8400000| Untracked |  0
| 563|0x00000000a8500000, 0x00000000a8500000, 0x00000000a8600000|  0%| F|  |TAMS 0x00000000a8500000| PB 0x00000000a8500000| Untracked |  0
| 564|0x00000000a8600000, 0x00000000a8600000, 0x00000000a8700000|  0%| F|  |TAMS 0x00000000a8600000| PB 0x00000000a8600000| Untracked |  0
| 565|0x00000000a8700000, 0x00000000a8700000, 0x00000000a8800000|  0%| F|  |TAMS 0x00000000a8700000| PB 0x00000000a8700000| Untracked |  0
| 566|0x00000000a8800000, 0x00000000a8800000, 0x00000000a8900000|  0%| F|  |TAMS 0x00000000a8800000| PB 0x00000000a8800000| Untracked |  0
| 567|0x00000000a8900000, 0x00000000a8900000, 0x00000000a8a00000|  0%| F|  |TAMS 0x00000000a8900000| PB 0x00000000a8900000| Untracked |  0
| 568|0x00000000a8a00000, 0x00000000a8a00000, 0x00000000a8b00000|  0%| F|  |TAMS 0x00000000a8a00000| PB 0x00000000a8a00000| Untracked |  0
| 569|0x00000000a8b00000, 0x00000000a8b00000, 0x00000000a8c00000|  0%| F|  |TAMS 0x00000000a8b00000| PB 0x00000000a8b00000| Untracked |  0
| 570|0x00000000a8c00000, 0x00000000a8c00000, 0x00000000a8d00000|  0%| F|  |TAMS 0x00000000a8c00000| PB 0x00000000a8c00000| Untracked |  0
| 571|0x00000000a8d00000, 0x00000000a8d00000, 0x00000000a8e00000|  0%| F|  |TAMS 0x00000000a8d00000| PB 0x00000000a8d00000| Untracked |  0
| 572|0x00000000a8e00000, 0x00000000a8e00000, 0x00000000a8f00000|  0%| F|  |TAMS 0x00000000a8e00000| PB 0x00000000a8e00000| Untracked |  0
| 573|0x00000000a8f00000, 0x00000000a8f00000, 0x00000000a9000000|  0%| F|  |TAMS 0x00000000a8f00000| PB 0x00000000a8f00000| Untracked |  0
| 574|0x00000000a9000000, 0x00000000a9000000, 0x00000000a9100000|  0%| F|  |TAMS 0x00000000a9000000| PB 0x00000000a9000000| Untracked |  0
| 575|0x00000000a9100000, 0x00000000a9100000, 0x00000000a9200000|  0%| F|  |TAMS 0x00000000a9100000| PB 0x00000000a9100000| Untracked |  0
| 576|0x00000000a9200000, 0x00000000a9200000, 0x00000000a9300000|  0%| F|  |TAMS 0x00000000a9200000| PB 0x00000000a9200000| Untracked |  0
| 577|0x00000000a9300000, 0x00000000a9300000, 0x00000000a9400000|  0%| F|  |TAMS 0x00000000a9300000| PB 0x00000000a9300000| Untracked |  0
| 578|0x00000000a9400000, 0x00000000a9400000, 0x00000000a9500000|  0%| F|  |TAMS 0x00000000a9400000| PB 0x00000000a9400000| Untracked |  0
| 579|0x00000000a9500000, 0x00000000a9500000, 0x00000000a9600000|  0%| F|  |TAMS 0x00000000a9500000| PB 0x00000000a9500000| Untracked |  0
| 580|0x00000000a9600000, 0x00000000a9600000, 0x00000000a9700000|  0%| F|  |TAMS 0x00000000a9600000| PB 0x00000000a9600000| Untracked |  0
| 581|0x00000000a9700000, 0x00000000a9700000, 0x00000000a9800000|  0%| F|  |TAMS 0x00000000a9700000| PB 0x00000000a9700000| Untracked |  0
| 582|0x00000000a9800000, 0x00000000a9800000, 0x00000000a9900000|  0%| F|  |TAMS 0x00000000a9800000| PB 0x00000000a9800000| Untracked |  0
| 583|0x00000000a9900000, 0x00000000a9900000, 0x00000000a9a00000|  0%| F|  |TAMS 0x00000000a9900000| PB 0x00000000a9900000| Untracked |  0
| 584|0x00000000a9a00000, 0x00000000a9a00000, 0x00000000a9b00000|  0%| F|  |TAMS 0x00000000a9a00000| PB 0x00000000a9a00000| Untracked |  0
| 585|0x00000000a9b00000, 0x00000000a9b00000, 0x00000000a9c00000|  0%| F|  |TAMS 0x00000000a9b00000| PB 0x00000000a9b00000| Untracked |  0
| 586|0x00000000a9c00000, 0x00000000a9c00000, 0x00000000a9d00000|  0%| F|  |TAMS 0x00000000a9c00000| PB 0x00000000a9c00000| Untracked |  0
| 587|0x00000000a9d00000, 0x00000000a9d00000, 0x00000000a9e00000|  0%| F|  |TAMS 0x00000000a9d00000| PB 0x00000000a9d00000| Untracked |  0
| 588|0x00000000a9e00000, 0x00000000a9e00000, 0x00000000a9f00000|  0%| F|  |TAMS 0x00000000a9e00000| PB 0x00000000a9e00000| Untracked |  0
| 589|0x00000000a9f00000, 0x00000000a9f00000, 0x00000000aa000000|  0%| F|  |TAMS 0x00000000a9f00000| PB 0x00000000a9f00000| Untracked |  0
| 590|0x00000000aa000000, 0x00000000aa000000, 0x00000000aa100000|  0%| F|  |TAMS 0x00000000aa000000| PB 0x00000000aa000000| Untracked |  0
| 591|0x00000000aa100000, 0x00000000aa100000, 0x00000000aa200000|  0%| F|  |TAMS 0x00000000aa100000| PB 0x00000000aa100000| Untracked |  0
| 592|0x00000000aa200000, 0x00000000aa200000, 0x00000000aa300000|  0%| F|  |TAMS 0x00000000aa200000| PB 0x00000000aa200000| Untracked |  0
| 593|0x00000000aa300000, 0x00000000aa300000, 0x00000000aa400000|  0%| F|  |TAMS 0x00000000aa300000| PB 0x00000000aa300000| Untracked |  0
| 594|0x00000000aa400000, 0x00000000aa400000, 0x00000000aa500000|  0%| F|  |TAMS 0x00000000aa400000| PB 0x00000000aa400000| Untracked |  0
| 595|0x00000000aa500000, 0x00000000aa500000, 0x00000000aa600000|  0%| F|  |TAMS 0x00000000aa500000| PB 0x00000000aa500000| Untracked |  0
| 596|0x00000000aa600000, 0x00000000aa600000, 0x00000000aa700000|  0%| F|  |TAMS 0x00000000aa600000| PB 0x00000000aa600000| Untracked |  0
| 597|0x00000000aa700000, 0x00000000aa700000, 0x00000000aa800000|  0%| F|  |TAMS 0x00000000aa700000| PB 0x00000000aa700000| Untracked |  0
| 598|0x00000000aa800000, 0x00000000aa800000, 0x00000000aa900000|  0%| F|  |TAMS 0x00000000aa800000| PB 0x00000000aa800000| Untracked |  0
| 599|0x00000000aa900000, 0x00000000aa900000, 0x00000000aaa00000|  0%| F|  |TAMS 0x00000000aa900000| PB 0x00000000aa900000| Untracked |  0
| 600|0x00000000aaa00000, 0x00000000aaa00000, 0x00000000aab00000|  0%| F|  |TAMS 0x00000000aaa00000| PB 0x00000000aaa00000| Untracked |  0
| 601|0x00000000aab00000, 0x00000000aab00000, 0x00000000aac00000|  0%| F|  |TAMS 0x00000000aab00000| PB 0x00000000aab00000| Untracked |  0
| 602|0x00000000aac00000, 0x00000000aac00000, 0x00000000aad00000|  0%| F|  |TAMS 0x00000000aac00000| PB 0x00000000aac00000| Untracked |  0
| 603|0x00000000aad00000, 0x00000000aad00000, 0x00000000aae00000|  0%| F|  |TAMS 0x00000000aad00000| PB 0x00000000aad00000| Untracked |  0
| 604|0x00000000aae00000, 0x00000000aae00000, 0x00000000aaf00000|  0%| F|  |TAMS 0x00000000aae00000| PB 0x00000000aae00000| Untracked |  0
| 605|0x00000000aaf00000, 0x00000000aaf00000, 0x00000000ab000000|  0%| F|  |TAMS 0x00000000aaf00000| PB 0x00000000aaf00000| Untracked |  0
| 606|0x00000000ab000000, 0x00000000ab000000, 0x00000000ab100000|  0%| F|  |TAMS 0x00000000ab000000| PB 0x00000000ab000000| Untracked |  0
| 607|0x00000000ab100000, 0x00000000ab100000, 0x00000000ab200000|  0%| F|  |TAMS 0x00000000ab100000| PB 0x00000000ab100000| Untracked |  0
| 608|0x00000000ab200000, 0x00000000ab200000, 0x00000000ab300000|  0%| F|  |TAMS 0x00000000ab200000| PB 0x00000000ab200000| Untracked |  0
| 609|0x00000000ab300000, 0x00000000ab300000, 0x00000000ab400000|  0%| F|  |TAMS 0x00000000ab300000| PB 0x00000000ab300000| Untracked |  0
| 610|0x00000000ab400000, 0x00000000ab400000, 0x00000000ab500000|  0%| F|  |TAMS 0x00000000ab400000| PB 0x00000000ab400000| Untracked |  0
| 611|0x00000000ab500000, 0x00000000ab500000, 0x00000000ab600000|  0%| F|  |TAMS 0x00000000ab500000| PB 0x00000000ab500000| Untracked |  0
| 612|0x00000000ab600000, 0x00000000ab600000, 0x00000000ab700000|  0%| F|  |TAMS 0x00000000ab600000| PB 0x00000000ab600000| Untracked |  0
| 613|0x00000000ab700000, 0x00000000ab700000, 0x00000000ab800000|  0%| F|  |TAMS 0x00000000ab700000| PB 0x00000000ab700000| Untracked |  0
| 614|0x00000000ab800000, 0x00000000ab800000, 0x00000000ab900000|  0%| F|  |TAMS 0x00000000ab800000| PB 0x00000000ab800000| Untracked |  0
| 615|0x00000000ab900000, 0x00000000ab900000, 0x00000000aba00000|  0%| F|  |TAMS 0x00000000ab900000| PB 0x00000000ab900000| Untracked |  0
| 616|0x00000000aba00000, 0x00000000aba00000, 0x00000000abb00000|  0%| F|  |TAMS 0x00000000aba00000| PB 0x00000000aba00000| Untracked |  0
| 617|0x00000000abb00000, 0x00000000abb00000, 0x00000000abc00000|  0%| F|  |TAMS 0x00000000abb00000| PB 0x00000000abb00000| Untracked |  0
| 618|0x00000000abc00000, 0x00000000abc00000, 0x00000000abd00000|  0%| F|  |TAMS 0x00000000abc00000| PB 0x00000000abc00000| Untracked |  0
| 619|0x00000000abd00000, 0x00000000abd00000, 0x00000000abe00000|  0%| F|  |TAMS 0x00000000abd00000| PB 0x00000000abd00000| Untracked |  0
| 620|0x00000000abe00000, 0x00000000abe00000, 0x00000000abf00000|  0%| F|  |TAMS 0x00000000abe00000| PB 0x00000000abe00000| Untracked |  0
| 621|0x00000000abf00000, 0x00000000abf00000, 0x00000000ac000000|  0%| F|  |TAMS 0x00000000abf00000| PB 0x00000000abf00000| Untracked |  0
| 622|0x00000000ac000000, 0x00000000ac000000, 0x00000000ac100000|  0%| F|  |TAMS 0x00000000ac000000| PB 0x00000000ac000000| Untracked |  0
| 623|0x00000000ac100000, 0x00000000ac100000, 0x00000000ac200000|  0%| F|  |TAMS 0x00000000ac100000| PB 0x00000000ac100000| Untracked |  0
| 624|0x00000000ac200000, 0x00000000ac200000, 0x00000000ac300000|  0%| F|  |TAMS 0x00000000ac200000| PB 0x00000000ac200000| Untracked |  0
| 625|0x00000000ac300000, 0x00000000ac300000, 0x00000000ac400000|  0%| F|  |TAMS 0x00000000ac300000| PB 0x00000000ac300000| Untracked |  0
| 626|0x00000000ac400000, 0x00000000ac400000, 0x00000000ac500000|  0%| F|  |TAMS 0x00000000ac400000| PB 0x00000000ac400000| Untracked |  0
| 627|0x00000000ac500000, 0x00000000ac500000, 0x00000000ac600000|  0%| F|  |TAMS 0x00000000ac500000| PB 0x00000000ac500000| Untracked |  0
| 628|0x00000000ac600000, 0x00000000ac600000, 0x00000000ac700000|  0%| F|  |TAMS 0x00000000ac600000| PB 0x00000000ac600000| Untracked |  0
| 629|0x00000000ac700000, 0x00000000ac700000, 0x00000000ac800000|  0%| F|  |TAMS 0x00000000ac700000| PB 0x00000000ac700000| Untracked |  0
| 630|0x00000000ac800000, 0x00000000ac800000, 0x00000000ac900000|  0%| F|  |TAMS 0x00000000ac800000| PB 0x00000000ac800000| Untracked |  0
| 631|0x00000000ac900000, 0x00000000ac900000, 0x00000000aca00000|  0%| F|  |TAMS 0x00000000ac900000| PB 0x00000000ac900000| Untracked |  0
| 632|0x00000000aca00000, 0x00000000aca00000, 0x00000000acb00000|  0%| F|  |TAMS 0x00000000aca00000| PB 0x00000000aca00000| Untracked |  0
| 633|0x00000000acb00000, 0x00000000acb00000, 0x00000000acc00000|  0%| F|  |TAMS 0x00000000acb00000| PB 0x00000000acb00000| Untracked |  0
| 634|0x00000000acc00000, 0x00000000acc00000, 0x00000000acd00000|  0%| F|  |TAMS 0x00000000acc00000| PB 0x00000000acc00000| Untracked |  0
| 635|0x00000000acd00000, 0x00000000acd00000, 0x00000000ace00000|  0%| F|  |TAMS 0x00000000acd00000| PB 0x00000000acd00000| Untracked |  0
| 636|0x00000000ace00000, 0x00000000ace00000, 0x00000000acf00000|  0%| F|  |TAMS 0x00000000ace00000| PB 0x00000000ace00000| Untracked |  0
| 637|0x00000000acf00000, 0x00000000acf00000, 0x00000000ad000000|  0%| F|  |TAMS 0x00000000acf00000| PB 0x00000000acf00000| Untracked |  0
| 638|0x00000000ad000000, 0x00000000ad000000, 0x00000000ad100000|  0%| F|  |TAMS 0x00000000ad000000| PB 0x00000000ad000000| Untracked |  0
| 639|0x00000000ad100000, 0x00000000ad100000, 0x00000000ad200000|  0%| F|  |TAMS 0x00000000ad100000| PB 0x00000000ad100000| Untracked |  0
| 640|0x00000000ad200000, 0x00000000ad200000, 0x00000000ad300000|  0%| F|  |TAMS 0x00000000ad200000| PB 0x00000000ad200000| Untracked |  0
| 641|0x00000000ad300000, 0x00000000ad300000, 0x00000000ad400000|  0%| F|  |TAMS 0x00000000ad300000| PB 0x00000000ad300000| Untracked |  0
| 642|0x00000000ad400000, 0x00000000ad400000, 0x00000000ad500000|  0%| F|  |TAMS 0x00000000ad400000| PB 0x00000000ad400000| Untracked |  0
| 643|0x00000000ad500000, 0x00000000ad500000, 0x00000000ad600000|  0%| F|  |TAMS 0x00000000ad500000| PB 0x00000000ad500000| Untracked |  0
| 644|0x00000000ad600000, 0x00000000ad600000, 0x00000000ad700000|  0%| F|  |TAMS 0x00000000ad600000| PB 0x00000000ad600000| Untracked |  0
| 645|0x00000000ad700000, 0x00000000ad700000, 0x00000000ad800000|  0%| F|  |TAMS 0x00000000ad700000| PB 0x00000000ad700000| Untracked |  0
| 646|0x00000000ad800000, 0x00000000ad800000, 0x00000000ad900000|  0%| F|  |TAMS 0x00000000ad800000| PB 0x00000000ad800000| Untracked |  0
| 647|0x00000000ad900000, 0x00000000ad900000, 0x00000000ada00000|  0%| F|  |TAMS 0x00000000ad900000| PB 0x00000000ad900000| Untracked |  0
| 648|0x00000000ada00000, 0x00000000ada00000, 0x00000000adb00000|  0%| F|  |TAMS 0x00000000ada00000| PB 0x00000000ada00000| Untracked |  0
| 649|0x00000000adb00000, 0x00000000adb00000, 0x00000000adc00000|  0%| F|  |TAMS 0x00000000adb00000| PB 0x00000000adb00000| Untracked |  0
| 650|0x00000000adc00000, 0x00000000adc00000, 0x00000000add00000|  0%| F|  |TAMS 0x00000000adc00000| PB 0x00000000adc00000| Untracked |  0
| 651|0x00000000add00000, 0x00000000add00000, 0x00000000ade00000|  0%| F|  |TAMS 0x00000000add00000| PB 0x00000000add00000| Untracked |  0
| 652|0x00000000ade00000, 0x00000000ade00000, 0x00000000adf00000|  0%| F|  |TAMS 0x00000000ade00000| PB 0x00000000ade00000| Untracked |  0
| 653|0x00000000adf00000, 0x00000000adf00000, 0x00000000ae000000|  0%| F|  |TAMS 0x00000000adf00000| PB 0x00000000adf00000| Untracked |  0
| 654|0x00000000ae000000, 0x00000000ae000000, 0x00000000ae100000|  0%| F|  |TAMS 0x00000000ae000000| PB 0x00000000ae000000| Untracked |  0
| 655|0x00000000ae100000, 0x00000000ae100000, 0x00000000ae200000|  0%| F|  |TAMS 0x00000000ae100000| PB 0x00000000ae100000| Untracked |  0
| 656|0x00000000ae200000, 0x00000000ae200000, 0x00000000ae300000|  0%| F|  |TAMS 0x00000000ae200000| PB 0x00000000ae200000| Untracked |  0
| 657|0x00000000ae300000, 0x00000000ae300000, 0x00000000ae400000|  0%| F|  |TAMS 0x00000000ae300000| PB 0x00000000ae300000| Untracked |  0
| 658|0x00000000ae400000, 0x00000000ae400000, 0x00000000ae500000|  0%| F|  |TAMS 0x00000000ae400000| PB 0x00000000ae400000| Untracked |  0
| 659|0x00000000ae500000, 0x00000000ae500000, 0x00000000ae600000|  0%| F|  |TAMS 0x00000000ae500000| PB 0x00000000ae500000| Untracked |  0
| 660|0x00000000ae600000, 0x00000000ae600000, 0x00000000ae700000|  0%| F|  |TAMS 0x00000000ae600000| PB 0x00000000ae600000| Untracked |  0
| 661|0x00000000ae700000, 0x00000000ae700000, 0x00000000ae800000|  0%| F|  |TAMS 0x00000000ae700000| PB 0x00000000ae700000| Untracked |  0
| 662|0x00000000ae800000, 0x00000000ae800000, 0x00000000ae900000|  0%| F|  |TAMS 0x00000000ae800000| PB 0x00000000ae800000| Untracked |  0
| 663|0x00000000ae900000, 0x00000000ae900000, 0x00000000aea00000|  0%| F|  |TAMS 0x00000000ae900000| PB 0x00000000ae900000| Untracked |  0
| 664|0x00000000aea00000, 0x00000000aea00000, 0x00000000aeb00000|  0%| F|  |TAMS 0x00000000aea00000| PB 0x00000000aea00000| Untracked |  0
| 665|0x00000000aeb00000, 0x00000000aeb00000, 0x00000000aec00000|  0%| F|  |TAMS 0x00000000aeb00000| PB 0x00000000aeb00000| Untracked |  0
| 666|0x00000000aec00000, 0x00000000aec00000, 0x00000000aed00000|  0%| F|  |TAMS 0x00000000aec00000| PB 0x00000000aec00000| Untracked |  0
| 667|0x00000000aed00000, 0x00000000aed00000, 0x00000000aee00000|  0%| F|  |TAMS 0x00000000aed00000| PB 0x00000000aed00000| Untracked |  0
| 668|0x00000000aee00000, 0x00000000aee00000, 0x00000000aef00000|  0%| F|  |TAMS 0x00000000aee00000| PB 0x00000000aee00000| Untracked |  0
| 669|0x00000000aef00000, 0x00000000aef00000, 0x00000000af000000|  0%| F|  |TAMS 0x00000000aef00000| PB 0x00000000aef00000| Untracked |  0
| 670|0x00000000af000000, 0x00000000af000000, 0x00000000af100000|  0%| F|  |TAMS 0x00000000af000000| PB 0x00000000af000000| Untracked |  0
| 671|0x00000000af100000, 0x00000000af100000, 0x00000000af200000|  0%| F|  |TAMS 0x00000000af100000| PB 0x00000000af100000| Untracked |  0
| 672|0x00000000af200000, 0x00000000af200000, 0x00000000af300000|  0%| F|  |TAMS 0x00000000af200000| PB 0x00000000af200000| Untracked |  0
| 673|0x00000000af300000, 0x00000000af300000, 0x00000000af400000|  0%| F|  |TAMS 0x00000000af300000| PB 0x00000000af300000| Untracked |  0
| 674|0x00000000af400000, 0x00000000af400000, 0x00000000af500000|  0%| F|  |TAMS 0x00000000af400000| PB 0x00000000af400000| Untracked |  0
| 675|0x00000000af500000, 0x00000000af500000, 0x00000000af600000|  0%| F|  |TAMS 0x00000000af500000| PB 0x00000000af500000| Untracked |  0
| 676|0x00000000af600000, 0x00000000af600000, 0x00000000af700000|  0%| F|  |TAMS 0x00000000af600000| PB 0x00000000af600000| Untracked |  0
| 677|0x00000000af700000, 0x00000000af700000, 0x00000000af800000|  0%| F|  |TAMS 0x00000000af700000| PB 0x00000000af700000| Untracked |  0
| 678|0x00000000af800000, 0x00000000af800000, 0x00000000af900000|  0%| F|  |TAMS 0x00000000af800000| PB 0x00000000af800000| Untracked |  0
| 679|0x00000000af900000, 0x00000000af900000, 0x00000000afa00000|  0%| F|  |TAMS 0x00000000af900000| PB 0x00000000af900000| Untracked |  0
| 680|0x00000000afa00000, 0x00000000afa00000, 0x00000000afb00000|  0%| F|  |TAMS 0x00000000afa00000| PB 0x00000000afa00000| Untracked |  0
| 681|0x00000000afb00000, 0x00000000afb00000, 0x00000000afc00000|  0%| F|  |TAMS 0x00000000afb00000| PB 0x00000000afb00000| Untracked |  0
| 682|0x00000000afc00000, 0x00000000afc00000, 0x00000000afd00000|  0%| F|  |TAMS 0x00000000afc00000| PB 0x00000000afc00000| Untracked |  0
| 683|0x00000000afd00000, 0x00000000afd00000, 0x00000000afe00000|  0%| F|  |TAMS 0x00000000afd00000| PB 0x00000000afd00000| Untracked |  0
| 684|0x00000000afe00000, 0x00000000afe00000, 0x00000000aff00000|  0%| F|  |TAMS 0x00000000afe00000| PB 0x00000000afe00000| Untracked |  0
| 685|0x00000000aff00000, 0x00000000aff00000, 0x00000000b0000000|  0%| F|  |TAMS 0x00000000aff00000| PB 0x00000000aff00000| Untracked |  0
| 686|0x00000000b0000000, 0x00000000b0000000, 0x00000000b0100000|  0%| F|  |TAMS 0x00000000b0000000| PB 0x00000000b0000000| Untracked |  0
| 687|0x00000000b0100000, 0x00000000b0100000, 0x00000000b0200000|  0%| F|  |TAMS 0x00000000b0100000| PB 0x00000000b0100000| Untracked |  0
| 688|0x00000000b0200000, 0x00000000b0200000, 0x00000000b0300000|  0%| F|  |TAMS 0x00000000b0200000| PB 0x00000000b0200000| Untracked |  0
| 689|0x00000000b0300000, 0x00000000b0300000, 0x00000000b0400000|  0%| F|  |TAMS 0x00000000b0300000| PB 0x00000000b0300000| Untracked |  0
| 690|0x00000000b0400000, 0x00000000b0400000, 0x00000000b0500000|  0%| F|  |TAMS 0x00000000b0400000| PB 0x00000000b0400000| Untracked |  0
| 691|0x00000000b0500000, 0x00000000b0500000, 0x00000000b0600000|  0%| F|  |TAMS 0x00000000b0500000| PB 0x00000000b0500000| Untracked |  0
| 692|0x00000000b0600000, 0x00000000b0600000, 0x00000000b0700000|  0%| F|  |TAMS 0x00000000b0600000| PB 0x00000000b0600000| Untracked |  0
| 693|0x00000000b0700000, 0x00000000b0700000, 0x00000000b0800000|  0%| F|  |TAMS 0x00000000b0700000| PB 0x00000000b0700000| Untracked |  0
| 694|0x00000000b0800000, 0x00000000b0800000, 0x00000000b0900000|  0%| F|  |TAMS 0x00000000b0800000| PB 0x00000000b0800000| Untracked |  0
| 695|0x00000000b0900000, 0x00000000b0900000, 0x00000000b0a00000|  0%| F|  |TAMS 0x00000000b0900000| PB 0x00000000b0900000| Untracked |  0
| 696|0x00000000b0a00000, 0x00000000b0a00000, 0x00000000b0b00000|  0%| F|  |TAMS 0x00000000b0a00000| PB 0x00000000b0a00000| Untracked |  0
| 697|0x00000000b0b00000, 0x00000000b0b00000, 0x00000000b0c00000|  0%| F|  |TAMS 0x00000000b0b00000| PB 0x00000000b0b00000| Untracked |  0
| 698|0x00000000b0c00000, 0x00000000b0c00000, 0x00000000b0d00000|  0%| F|  |TAMS 0x00000000b0c00000| PB 0x00000000b0c00000| Untracked |  0
| 699|0x00000000b0d00000, 0x00000000b0d00000, 0x00000000b0e00000|  0%| F|  |TAMS 0x00000000b0d00000| PB 0x00000000b0d00000| Untracked |  0
| 700|0x00000000b0e00000, 0x00000000b0e00000, 0x00000000b0f00000|  0%| F|  |TAMS 0x00000000b0e00000| PB 0x00000000b0e00000| Untracked |  0
| 701|0x00000000b0f00000, 0x00000000b0f00000, 0x00000000b1000000|  0%| F|  |TAMS 0x00000000b0f00000| PB 0x00000000b0f00000| Untracked |  0
| 702|0x00000000b1000000, 0x00000000b1000000, 0x00000000b1100000|  0%| F|  |TAMS 0x00000000b1000000| PB 0x00000000b1000000| Untracked |  0
| 703|0x00000000b1100000, 0x00000000b1100000, 0x00000000b1200000|  0%| F|  |TAMS 0x00000000b1100000| PB 0x00000000b1100000| Untracked |  0
| 704|0x00000000b1200000, 0x00000000b1200000, 0x00000000b1300000|  0%| F|  |TAMS 0x00000000b1200000| PB 0x00000000b1200000| Untracked |  0
| 705|0x00000000b1300000, 0x00000000b1300000, 0x00000000b1400000|  0%| F|  |TAMS 0x00000000b1300000| PB 0x00000000b1300000| Untracked |  0
| 706|0x00000000b1400000, 0x00000000b1400000, 0x00000000b1500000|  0%| F|  |TAMS 0x00000000b1400000| PB 0x00000000b1400000| Untracked |  0
| 707|0x00000000b1500000, 0x00000000b1500000, 0x00000000b1600000|  0%| F|  |TAMS 0x00000000b1500000| PB 0x00000000b1500000| Untracked |  0
| 708|0x00000000b1600000, 0x00000000b1600000, 0x00000000b1700000|  0%| F|  |TAMS 0x00000000b1600000| PB 0x00000000b1600000| Untracked |  0
| 709|0x00000000b1700000, 0x00000000b1700000, 0x00000000b1800000|  0%| F|  |TAMS 0x00000000b1700000| PB 0x00000000b1700000| Untracked |  0
| 710|0x00000000b1800000, 0x00000000b1800000, 0x00000000b1900000|  0%| F|  |TAMS 0x00000000b1800000| PB 0x00000000b1800000| Untracked |  0
| 711|0x00000000b1900000, 0x00000000b1900000, 0x00000000b1a00000|  0%| F|  |TAMS 0x00000000b1900000| PB 0x00000000b1900000| Untracked |  0
| 712|0x00000000b1a00000, 0x00000000b1a00000, 0x00000000b1b00000|  0%| F|  |TAMS 0x00000000b1a00000| PB 0x00000000b1a00000| Untracked |  0
| 713|0x00000000b1b00000, 0x00000000b1b00000, 0x00000000b1c00000|  0%| F|  |TAMS 0x00000000b1b00000| PB 0x00000000b1b00000| Untracked |  0
| 714|0x00000000b1c00000, 0x00000000b1c00000, 0x00000000b1d00000|  0%| F|  |TAMS 0x00000000b1c00000| PB 0x00000000b1c00000| Untracked |  0
| 715|0x00000000b1d00000, 0x00000000b1d00000, 0x00000000b1e00000|  0%| F|  |TAMS 0x00000000b1d00000| PB 0x00000000b1d00000| Untracked |  0
| 716|0x00000000b1e00000, 0x00000000b1e00000, 0x00000000b1f00000|  0%| F|  |TAMS 0x00000000b1e00000| PB 0x00000000b1e00000| Untracked |  0
| 717|0x00000000b1f00000, 0x00000000b1f00000, 0x00000000b2000000|  0%| F|  |TAMS 0x00000000b1f00000| PB 0x00000000b1f00000| Untracked |  0
| 718|0x00000000b2000000, 0x00000000b2000000, 0x00000000b2100000|  0%| F|  |TAMS 0x00000000b2000000| PB 0x00000000b2000000| Untracked |  0
| 719|0x00000000b2100000, 0x00000000b2100000, 0x00000000b2200000|  0%| F|  |TAMS 0x00000000b2100000| PB 0x00000000b2100000| Untracked |  0
| 720|0x00000000b2200000, 0x00000000b2200000, 0x00000000b2300000|  0%| F|  |TAMS 0x00000000b2200000| PB 0x00000000b2200000| Untracked |  0
| 721|0x00000000b2300000, 0x00000000b2300000, 0x00000000b2400000|  0%| F|  |TAMS 0x00000000b2300000| PB 0x00000000b2300000| Untracked |  0
| 722|0x00000000b2400000, 0x00000000b2400000, 0x00000000b2500000|  0%| F|  |TAMS 0x00000000b2400000| PB 0x00000000b2400000| Untracked |  0
| 723|0x00000000b2500000, 0x00000000b2500000, 0x00000000b2600000|  0%| F|  |TAMS 0x00000000b2500000| PB 0x00000000b2500000| Untracked |  0
| 724|0x00000000b2600000, 0x00000000b2600000, 0x00000000b2700000|  0%| F|  |TAMS 0x00000000b2600000| PB 0x00000000b2600000| Untracked |  0
| 725|0x00000000b2700000, 0x00000000b2700000, 0x00000000b2800000|  0%| F|  |TAMS 0x00000000b2700000| PB 0x00000000b2700000| Untracked |  0
| 726|0x00000000b2800000, 0x00000000b2800000, 0x00000000b2900000|  0%| F|  |TAMS 0x00000000b2800000| PB 0x00000000b2800000| Untracked |  0
| 727|0x00000000b2900000, 0x00000000b2900000, 0x00000000b2a00000|  0%| F|  |TAMS 0x00000000b2900000| PB 0x00000000b2900000| Untracked |  0
| 728|0x00000000b2a00000, 0x00000000b2a00000, 0x00000000b2b00000|  0%| F|  |TAMS 0x00000000b2a00000| PB 0x00000000b2a00000| Untracked |  0
| 729|0x00000000b2b00000, 0x00000000b2b00000, 0x00000000b2c00000|  0%| F|  |TAMS 0x00000000b2b00000| PB 0x00000000b2b00000| Untracked |  0
| 730|0x00000000b2c00000, 0x00000000b2c00000, 0x00000000b2d00000|  0%| F|  |TAMS 0x00000000b2c00000| PB 0x00000000b2c00000| Untracked |  0
| 731|0x00000000b2d00000, 0x00000000b2d00000, 0x00000000b2e00000|  0%| F|  |TAMS 0x00000000b2d00000| PB 0x00000000b2d00000| Untracked |  0
| 732|0x00000000b2e00000, 0x00000000b2e00000, 0x00000000b2f00000|  0%| F|  |TAMS 0x00000000b2e00000| PB 0x00000000b2e00000| Untracked |  0
| 733|0x00000000b2f00000, 0x00000000b2f00000, 0x00000000b3000000|  0%| F|  |TAMS 0x00000000b2f00000| PB 0x00000000b2f00000| Untracked |  0
| 734|0x00000000b3000000, 0x00000000b3000000, 0x00000000b3100000|  0%| F|  |TAMS 0x00000000b3000000| PB 0x00000000b3000000| Untracked |  0
| 735|0x00000000b3100000, 0x00000000b3100000, 0x00000000b3200000|  0%| F|  |TAMS 0x00000000b3100000| PB 0x00000000b3100000| Untracked |  0
| 736|0x00000000b3200000, 0x00000000b3200000, 0x00000000b3300000|  0%| F|  |TAMS 0x00000000b3200000| PB 0x00000000b3200000| Untracked |  0
| 737|0x00000000b3300000, 0x00000000b3300000, 0x00000000b3400000|  0%| F|  |TAMS 0x00000000b3300000| PB 0x00000000b3300000| Untracked |  0
| 738|0x00000000b3400000, 0x00000000b3400000, 0x00000000b3500000|  0%| F|  |TAMS 0x00000000b3400000| PB 0x00000000b3400000| Untracked |  0
| 739|0x00000000b3500000, 0x00000000b3500000, 0x00000000b3600000|  0%| F|  |TAMS 0x00000000b3500000| PB 0x00000000b3500000| Untracked |  0
| 740|0x00000000b3600000, 0x00000000b3600000, 0x00000000b3700000|  0%| F|  |TAMS 0x00000000b3600000| PB 0x00000000b3600000| Untracked |  0
| 741|0x00000000b3700000, 0x00000000b3700000, 0x00000000b3800000|  0%| F|  |TAMS 0x00000000b3700000| PB 0x00000000b3700000| Untracked |  0
| 742|0x00000000b3800000, 0x00000000b3800000, 0x00000000b3900000|  0%| F|  |TAMS 0x00000000b3800000| PB 0x00000000b3800000| Untracked |  0
| 743|0x00000000b3900000, 0x00000000b3900000, 0x00000000b3a00000|  0%| F|  |TAMS 0x00000000b3900000| PB 0x00000000b3900000| Untracked |  0
| 744|0x00000000b3a00000, 0x00000000b3a00000, 0x00000000b3b00000|  0%| F|  |TAMS 0x00000000b3a00000| PB 0x00000000b3a00000| Untracked |  0
| 745|0x00000000b3b00000, 0x00000000b3b00000, 0x00000000b3c00000|  0%| F|  |TAMS 0x00000000b3b00000| PB 0x00000000b3b00000| Untracked |  0
| 746|0x00000000b3c00000, 0x00000000b3c00000, 0x00000000b3d00000|  0%| F|  |TAMS 0x00000000b3c00000| PB 0x00000000b3c00000| Untracked |  0
| 747|0x00000000b3d00000, 0x00000000b3d00000, 0x00000000b3e00000|  0%| F|  |TAMS 0x00000000b3d00000| PB 0x00000000b3d00000| Untracked |  0
| 748|0x00000000b3e00000, 0x00000000b3e00000, 0x00000000b3f00000|  0%| F|  |TAMS 0x00000000b3e00000| PB 0x00000000b3e00000| Untracked |  0
| 749|0x00000000b3f00000, 0x00000000b3f00000, 0x00000000b4000000|  0%| F|  |TAMS 0x00000000b3f00000| PB 0x00000000b3f00000| Untracked |  0
| 750|0x00000000b4000000, 0x00000000b4000000, 0x00000000b4100000|  0%| F|  |TAMS 0x00000000b4000000| PB 0x00000000b4000000| Untracked |  0
| 751|0x00000000b4100000, 0x00000000b4100000, 0x00000000b4200000|  0%| F|  |TAMS 0x00000000b4100000| PB 0x00000000b4100000| Untracked |  0
| 752|0x00000000b4200000, 0x00000000b4200000, 0x00000000b4300000|  0%| F|  |TAMS 0x00000000b4200000| PB 0x00000000b4200000| Untracked |  0
| 753|0x00000000b4300000, 0x00000000b4300000, 0x00000000b4400000|  0%| F|  |TAMS 0x00000000b4300000| PB 0x00000000b4300000| Untracked |  0
| 754|0x00000000b4400000, 0x00000000b4400000, 0x00000000b4500000|  0%| F|  |TAMS 0x00000000b4400000| PB 0x00000000b4400000| Untracked |  0
| 755|0x00000000b4500000, 0x00000000b4500000, 0x00000000b4600000|  0%| F|  |TAMS 0x00000000b4500000| PB 0x00000000b4500000| Untracked |  0
| 756|0x00000000b4600000, 0x00000000b4600000, 0x00000000b4700000|  0%| F|  |TAMS 0x00000000b4600000| PB 0x00000000b4600000| Untracked |  0
| 757|0x00000000b4700000, 0x00000000b4700000, 0x00000000b4800000|  0%| F|  |TAMS 0x00000000b4700000| PB 0x00000000b4700000| Untracked |  0
| 758|0x00000000b4800000, 0x00000000b4800000, 0x00000000b4900000|  0%| F|  |TAMS 0x00000000b4800000| PB 0x00000000b4800000| Untracked |  0
| 759|0x00000000b4900000, 0x00000000b4900000, 0x00000000b4a00000|  0%| F|  |TAMS 0x00000000b4900000| PB 0x00000000b4900000| Untracked |  0
| 760|0x00000000b4a00000, 0x00000000b4a00000, 0x00000000b4b00000|  0%| F|  |TAMS 0x00000000b4a00000| PB 0x00000000b4a00000| Untracked |  0
| 761|0x00000000b4b00000, 0x00000000b4b00000, 0x00000000b4c00000|  0%| F|  |TAMS 0x00000000b4b00000| PB 0x00000000b4b00000| Untracked |  0
| 762|0x00000000b4c00000, 0x00000000b4c00000, 0x00000000b4d00000|  0%| F|  |TAMS 0x00000000b4c00000| PB 0x00000000b4c00000| Untracked |  0
| 763|0x00000000b4d00000, 0x00000000b4d00000, 0x00000000b4e00000|  0%| F|  |TAMS 0x00000000b4d00000| PB 0x00000000b4d00000| Untracked |  0
| 764|0x00000000b4e00000, 0x00000000b4e00000, 0x00000000b4f00000|  0%| F|  |TAMS 0x00000000b4e00000| PB 0x00000000b4e00000| Untracked |  0
| 765|0x00000000b4f00000, 0x00000000b4f00000, 0x00000000b5000000|  0%| F|  |TAMS 0x00000000b4f00000| PB 0x00000000b4f00000| Untracked |  0
| 766|0x00000000b5000000, 0x00000000b5000000, 0x00000000b5100000|  0%| F|  |TAMS 0x00000000b5000000| PB 0x00000000b5000000| Untracked |  0
| 767|0x00000000b5100000, 0x00000000b5100000, 0x00000000b5200000|  0%| F|  |TAMS 0x00000000b5100000| PB 0x00000000b5100000| Untracked |  0
| 768|0x00000000b5200000, 0x00000000b5200000, 0x00000000b5300000|  0%| F|  |TAMS 0x00000000b5200000| PB 0x00000000b5200000| Untracked |  0
| 769|0x00000000b5300000, 0x00000000b5300000, 0x00000000b5400000|  0%| F|  |TAMS 0x00000000b5300000| PB 0x00000000b5300000| Untracked |  0
| 770|0x00000000b5400000, 0x00000000b5400000, 0x00000000b5500000|  0%| F|  |TAMS 0x00000000b5400000| PB 0x00000000b5400000| Untracked |  0
| 771|0x00000000b5500000, 0x00000000b5500000, 0x00000000b5600000|  0%| F|  |TAMS 0x00000000b5500000| PB 0x00000000b5500000| Untracked |  0
| 772|0x00000000b5600000, 0x00000000b5600000, 0x00000000b5700000|  0%| F|  |TAMS 0x00000000b5600000| PB 0x00000000b5600000| Untracked |  0
| 773|0x00000000b5700000, 0x00000000b5700000, 0x00000000b5800000|  0%| F|  |TAMS 0x00000000b5700000| PB 0x00000000b5700000| Untracked |  0
| 774|0x00000000b5800000, 0x00000000b5800000, 0x00000000b5900000|  0%| F|  |TAMS 0x00000000b5800000| PB 0x00000000b5800000| Untracked |  0
| 775|0x00000000b5900000, 0x00000000b5908fc8, 0x00000000b5a00000|  3%| S|CS|TAMS 0x00000000b5900000| PB 0x00000000b5900000| Complete |  0
|1963|0x00000000ffd00000, 0x00000000ffd08100, 0x00000000ffe00000|  3%| O|  |TAMS 0x00000000ffd08100| PB 0x00000000ffd00000| Untracked |  0
|1964|0x00000000ffe00000, 0x00000000fff00000, 0x00000000fff00000|100%| O|  |TAMS 0x00000000fff00000| PB 0x00000000ffe00000| Untracked |  0
|1965|0x00000000fff00000, 0x0000000100000000, 0x0000000100000000|100%| O|  |TAMS 0x0000000100000000| PB 0x00000000fff00000| Untracked |  0

Card table byte_map: [0x0000028d79a90000,0x0000028d79e70000] _byte_map_base: 0x0000028d79667000

Marking Bits: (CMBitMap*) 0x0000028d790f5120
 Bits: [0x0000028d79e70000, 0x0000028d7bd28000)

Polling page: 0x0000028d78860000

Metaspace:

Usage:
  Non-class:      6.43 MB used.
      Class:    921.09 KB used.
       Both:      7.33 MB used.

Virtual space:
  Non-class space:       64.00 MB reserved,       6.56 MB ( 10%) committed,  1 nodes.
      Class space:        1.00 GB reserved,       1.00 MB ( <1%) committed,  1 nodes.
             Both:        1.06 GB reserved,       7.56 MB ( <1%) committed. 

Chunk freelists:
   Non-Class:  8.42 MB
       Class:  14.83 MB
        Both:  23.25 MB

MaxMetaspaceSize: unlimited
CompressedClassSpaceSize: 1.00 GB
Initial GC threshold: 21.00 MB
Current GC threshold: 21.00 MB
CDS: on
 - commit_granule_bytes: 65536.
 - commit_granule_words: 8192.
 - virtual_space_node_default_size: 8388608.
 - enlarge_chunks_in_place: 1.
 - use_allocation_guard: 0.


Internal statistics:

num_allocs_failed_limit: 0.
num_arena_births: 164.
num_arena_deaths: 0.
num_vsnodes_births: 2.
num_vsnodes_deaths: 0.
num_space_committed: 121.
num_space_uncommitted: 0.
num_chunks_returned_to_freelist: 0.
num_chunks_taken_from_freelist: 360.
num_chunk_merges: 0.
num_chunk_splits: 248.
num_chunks_enlarged: 173.
num_inconsistent_stats: 0.

CodeHeap 'non-profiled nmethods': size=120064Kb used=483Kb max_used=540Kb free=119580Kb
 bounds [0x0000028d10130000, 0x0000028d103a0000, 0x0000028d17670000]
CodeHeap 'profiled nmethods': size=120000Kb used=1556Kb max_used=1917Kb free=118443Kb
 bounds [0x0000028d08670000, 0x0000028d088e0000, 0x0000028d0fba0000]
CodeHeap 'non-nmethods': size=5696Kb used=1489Kb max_used=1510Kb free=4206Kb
 bounds [0x0000028d0fba0000, 0x0000028d0fe10000, 0x0000028d10130000]
CodeCache: size=245760Kb, used=3528Kb, max_used=3967Kb, free=242229Kb
 total_blobs=1811, nmethods=1231, adapters=486, full_count=0
Compilation: enabled, stopped_count=0, restarted_count=0

Compilation events (20 events):
Event: 0.877 Thread 0x0000028d1781d440 1424 %     4       com.sun.javafx.iio.gif.GIFImageLoader2::decodeImage @ 48 (161 bytes)
Event: 0.881 Thread 0x0000028d7e981c00 1425       4       java.util.concurrent.locks.AbstractQueuedSynchronizer::signalNext (34 bytes)
Event: 0.881 Thread 0x0000028d7e981c00 nmethod 1425 0x0000028d101b1e08 code [0x0000028d101b1f20, 0x0000028d101b2000]
Event: 0.884 Thread 0x0000028d1781d440 nmethod 1424% 0x0000028d101b2108 code [0x0000028d101b22c0, 0x0000028d101b34e8]
Event: 0.885 Thread 0x0000028d1781d440 1426       4       com.sun.javafx.iio.gif.GIFImageLoader2::decodeImage (161 bytes)
Event: 0.924 Thread 0x0000028d1781d440 nmethod 1426 0x0000028d101b3588 code [0x0000028d101b3860, 0x0000028d101b5f88]
Event: 0.946 Thread 0x0000028d1781d440 1427       4       java.util.concurrent.locks.ReentrantLock$Sync::tryRelease (51 bytes)
Event: 0.947 Thread 0x0000028d1781d440 nmethod 1427 0x0000028d101b6008 code [0x0000028d101b6100, 0x0000028d101b6238]
Event: 0.951 Thread 0x0000028d7e981c00 1428       4       java.util.concurrent.locks.ReentrantLock$NonfairSync::initialTryLock (58 bytes)
Event: 0.952 Thread 0x0000028d7e981c00 nmethod 1428 0x0000028d101b6308 code [0x0000028d101b6420, 0x0000028d101b6668]
Event: 0.955 Thread 0x0000028d7e981c00 1429       4       java.io.BufferedInputStream::getBufIfOpen (61 bytes)
Event: 0.956 Thread 0x0000028d7e981c00 nmethod 1429 0x0000028d101b6708 code [0x0000028d101b6800, 0x0000028d101b68c8]
Event: 0.960 Thread 0x0000028d7e9906d0 1430       3       com.sun.javafx.iio.gif.GIFImageLoader2::readShort (17 bytes)
Event: 0.962 Thread 0x0000028d7e9906d0 nmethod 1430 0x0000028d0884ed08 code [0x0000028d0884ee80, 0x0000028d0884f3c0]
Event: 0.962 Thread 0x0000028d7e9906d0 1431       1       com.sun.javafx.tk.quantum.QuantumToolkit$PulseTask::get (5 bytes)
Event: 0.962 Thread 0x0000028d7e9906d0 nmethod 1431 0x0000028d101b6a08 code [0x0000028d101b6b20, 0x0000028d101b6bf0]
Event: 1.047 Thread 0x0000028d7e981c00 1433       4       java.io.SequenceInputStream::read (31 bytes)
Event: 1.048 Thread 0x0000028d1781d440 1434   !   4       java.io.BufferedInputStream::read (54 bytes)
Event: 1.057 Thread 0x0000028d1781d440 nmethod 1434 0x0000028d1019ca08 code [0x0000028d1019cb80, 0x0000028d1019d0e0]
Event: 1.058 Thread 0x0000028d7e981c00 nmethod 1433 0x0000028d101adf08 code [0x0000028d101ae080, 0x0000028d101ae658]

GC Heap History (20 events):
Event: 0.852 GC heap after
{Heap after GC invocations=2 (full 0):
 garbage-first heap   total reserved 2013184K, committed 126976K, used 56814K [0x0000000085200000, 0x0000000100000000)
  region size 1024K, 3 young (3072K), 3 survivors (3072K)
 Metaspace       used 7503K, committed 7744K, reserved 1114112K
  class space    used 921K, committed 1024K, reserved 1048576K
}
Event: 0.856 GC heap before
{Heap before GC invocations=2 (full 0):
 garbage-first heap   total reserved 2013184K, committed 126976K, used 61934K [0x0000000085200000, 0x0000000100000000)
  region size 1024K, 4 young (4096K), 3 survivors (3072K)
 Metaspace       used 7504K, committed 7744K, reserved 1114112K
  class space    used 921K, committed 1024K, reserved 1048576K
}
Event: 0.858 GC heap after
{Heap after GC invocations=3 (full 0):
 garbage-first heap   total reserved 2013184K, committed 126976K, used 61914K [0x0000000085200000, 0x0000000100000000)
  region size 1024K, 3 young (3072K), 3 survivors (3072K)
 Metaspace       used 7504K, committed 7744K, reserved 1114112K
  class space    used 921K, committed 1024K, reserved 1048576K
}
Event: 0.960 GC heap before
{Heap before GC invocations=4 (full 0):
 garbage-first heap   total reserved 2013184K, committed 275456K, used 272858K [0x0000000085200000, 0x0000000100000000)
  region size 1024K, 10 young (10240K), 3 survivors (3072K)
 Metaspace       used 7507K, committed 7744K, reserved 1114112K
  class space    used 921K, committed 1024K, reserved 1048576K
}
Event: 0.962 GC heap after
{Heap after GC invocations=5 (full 0):
 garbage-first heap   total reserved 2013184K, committed 278528K, used 266794K [0x0000000085200000, 0x0000000100000000)
  region size 1024K, 3 young (3072K), 3 survivors (3072K)
 Metaspace       used 7507K, committed 7744K, reserved 1114112K
  class space    used 921K, committed 1024K, reserved 1048576K
}
Event: 1.044 GC heap before
{Heap before GC invocations=5 (full 0):
 garbage-first heap   total reserved 2013184K, committed 421888K, used 419370K [0x0000000085200000, 0x0000000100000000)
  region size 1024K, 8 young (8192K), 3 survivors (3072K)
 Metaspace       used 7507K, committed 7744K, reserved 1114112K
  class space    used 921K, committed 1024K, reserved 1048576K
}
Event: 1.047 GC heap after
{Heap after GC invocations=6 (full 0):
 garbage-first heap   total reserved 2013184K, committed 425984K, used 414877K [0x0000000085200000, 0x0000000100000000)
  region size 1024K, 1 young (1024K), 1 survivors (1024K)
 Metaspace       used 7507K, committed 7744K, reserved 1114112K
  class space    used 921K, committed 1024K, reserved 1048576K
}
Event: 1.048 GC heap before
{Heap before GC invocations=6 (full 0):
 garbage-first heap   total reserved 2013184K, committed 425984K, used 414877K [0x0000000085200000, 0x0000000100000000)
  region size 1024K, 2 young (2048K), 1 survivors (1024K)
 Metaspace       used 7507K, committed 7744K, reserved 1114112K
  class space    used 921K, committed 1024K, reserved 1048576K
}
Event: 1.049 GC heap after
{Heap after GC invocations=7 (full 0):
 garbage-first heap   total reserved 2013184K, committed 425984K, used 414914K [0x0000000085200000, 0x0000000100000000)
  region size 1024K, 1 young (1024K), 1 survivors (1024K)
 Metaspace       used 7507K, committed 7744K, reserved 1114112K
  class space    used 921K, committed 1024K, reserved 1048576K
}
Event: 1.067 GC heap before
{Heap before GC invocations=8 (full 0):
 garbage-first heap   total reserved 2013184K, committed 695296K, used 425154K [0x0000000085200000, 0x0000000100000000)
  region size 1024K, 2 young (2048K), 1 survivors (1024K)
 Metaspace       used 7507K, committed 7744K, reserved 1114112K
  class space    used 921K, committed 1024K, reserved 1048576K
}
Event: 1.068 GC heap after
{Heap after GC invocations=9 (full 0):
 garbage-first heap   total reserved 2013184K, committed 695296K, used 425149K [0x0000000085200000, 0x0000000100000000)
  region size 1024K, 1 young (1024K), 1 survivors (1024K)
 Metaspace       used 7507K, committed 7744K, reserved 1114112K
  class space    used 921K, committed 1024K, reserved 1048576K
}
Event: 1.081 GC heap before
{Heap before GC invocations=10 (full 0):
 garbage-first heap   total reserved 2013184K, committed 720896K, used 435389K [0x0000000085200000, 0x0000000100000000)
  region size 1024K, 2 young (2048K), 1 survivors (1024K)
 Metaspace       used 7507K, committed 7744K, reserved 1114112K
  class space    used 921K, committed 1024K, reserved 1048576K
}
Event: 1.082 GC heap after
{Heap after GC invocations=11 (full 0):
 garbage-first heap   total reserved 2013184K, committed 720896K, used 435384K [0x0000000085200000, 0x0000000100000000)
  region size 1024K, 1 young (1024K), 1 survivors (1024K)
 Metaspace       used 7507K, committed 7744K, reserved 1114112K
  class space    used 921K, committed 1024K, reserved 1048576K
}
Event: 1.091 GC heap before
{Heap before GC invocations=12 (full 0):
 garbage-first heap   total reserved 2013184K, committed 737280K, used 445624K [0x0000000085200000, 0x0000000100000000)
  region size 1024K, 2 young (2048K), 1 survivors (1024K)
 Metaspace       used 7507K, committed 7744K, reserved 1114112K
  class space    used 921K, committed 1024K, reserved 1048576K
}
Event: 1.091 GC heap after
{Heap after GC invocations=13 (full 0):
 garbage-first heap   total reserved 2013184K, committed 737280K, used 445628K [0x0000000085200000, 0x0000000100000000)
  region size 1024K, 1 young (1024K), 1 survivors (1024K)
 Metaspace       used 7507K, committed 7744K, reserved 1114112K
  class space    used 921K, committed 1024K, reserved 1048576K
}
Event: 1.100 GC heap before
{Heap before GC invocations=14 (full 0):
 garbage-first heap   total reserved 2013184K, committed 754688K, used 455868K [0x0000000085200000, 0x0000000100000000)
  region size 1024K, 2 young (2048K), 1 survivors (1024K)
 Metaspace       used 7507K, committed 7744K, reserved 1114112K
  class space    used 921K, committed 1024K, reserved 1048576K
}
Event: 1.100 GC heap after
{Heap after GC invocations=15 (full 0):
 garbage-first heap   total reserved 2013184K, committed 754688K, used 455868K [0x0000000085200000, 0x0000000100000000)
  region size 1024K, 1 young (1024K), 1 survivors (1024K)
 Metaspace       used 7507K, committed 7744K, reserved 1114112K
  class space    used 921K, committed 1024K, reserved 1048576K
}
Event: 1.127 GC heap before
{Heap before GC invocations=16 (full 0):
 garbage-first heap   total reserved 2013184K, committed 772096K, used 466108K [0x0000000085200000, 0x0000000100000000)
  region size 1024K, 2 young (2048K), 1 survivors (1024K)
 Metaspace       used 7507K, committed 7744K, reserved 1114112K
  class space    used 921K, committed 1024K, reserved 1048576K
}
Event: 1.127 GC heap after
{Heap after GC invocations=17 (full 0):
 garbage-first heap   total reserved 2013184K, committed 772096K, used 466073K [0x0000000085200000, 0x0000000100000000)
  region size 1024K, 1 young (1024K), 1 survivors (1024K)
 Metaspace       used 7507K, committed 7744K, reserved 1114112K
  class space    used 921K, committed 1024K, reserved 1048576K
}
Event: 1.172 GC heap before
{Heap before GC invocations=18 (full 0):
 garbage-first heap   total reserved 2013184K, committed 797696K, used 486553K [0x0000000085200000, 0x0000000100000000)
  region size 1024K, 2 young (2048K), 1 survivors (1024K)
 Metaspace       used 7507K, committed 7744K, reserved 1114112K
  class space    used 921K, committed 1024K, reserved 1048576K
}

Dll operation events (20 events):
Event: 0.239 Loaded shared library C:\Users\Lynneth Dela Cerna\Downloads\openjfx-23_windows-x64_bin-sdk\javafx-sdk-23\bin\api-ms-win-crt-heap-l1-1-0.dll
Event: 0.240 Loaded shared library C:\Users\Lynneth Dela Cerna\Downloads\openjfx-23_windows-x64_bin-sdk\javafx-sdk-23\bin\api-ms-win-crt-locale-l1-1-0.dll
Event: 0.241 Loaded shared library C:\Users\Lynneth Dela Cerna\Downloads\openjfx-23_windows-x64_bin-sdk\javafx-sdk-23\bin\api-ms-win-crt-math-l1-1-0.dll
Event: 0.242 Loaded shared library C:\Users\Lynneth Dela Cerna\Downloads\openjfx-23_windows-x64_bin-sdk\javafx-sdk-23\bin\api-ms-win-crt-multibyte-l1-1-0.dll
Event: 0.243 Loaded shared library C:\Users\Lynneth Dela Cerna\Downloads\openjfx-23_windows-x64_bin-sdk\javafx-sdk-23\bin\api-ms-win-crt-private-l1-1-0.dll
Event: 0.245 Loaded shared library C:\Users\Lynneth Dela Cerna\Downloads\openjfx-23_windows-x64_bin-sdk\javafx-sdk-23\bin\api-ms-win-crt-process-l1-1-0.dll
Event: 0.246 Loaded shared library C:\Users\Lynneth Dela Cerna\Downloads\openjfx-23_windows-x64_bin-sdk\javafx-sdk-23\bin\api-ms-win-crt-runtime-l1-1-0.dll
Event: 0.247 Loaded shared library C:\Users\Lynneth Dela Cerna\Downloads\openjfx-23_windows-x64_bin-sdk\javafx-sdk-23\bin\api-ms-win-crt-stdio-l1-1-0.dll
Event: 0.248 Loaded shared library C:\Users\Lynneth Dela Cerna\Downloads\openjfx-23_windows-x64_bin-sdk\javafx-sdk-23\bin\api-ms-win-crt-string-l1-1-0.dll
Event: 0.249 Loaded shared library C:\Users\Lynneth Dela Cerna\Downloads\openjfx-23_windows-x64_bin-sdk\javafx-sdk-23\bin\api-ms-win-crt-time-l1-1-0.dll
Event: 0.250 Loaded shared library C:\Users\Lynneth Dela Cerna\Downloads\openjfx-23_windows-x64_bin-sdk\javafx-sdk-23\bin\api-ms-win-crt-utility-l1-1-0.dll
Event: 0.251 Loaded shared library C:\Users\Lynneth Dela Cerna\Downloads\openjfx-23_windows-x64_bin-sdk\javafx-sdk-23\bin\ucrtbase.dll
Event: 0.252 Loaded shared library C:\Users\Lynneth Dela Cerna\Downloads\openjfx-23_windows-x64_bin-sdk\javafx-sdk-23\bin\vcruntime140.dll
Event: 0.253 Loaded shared library C:\Users\Lynneth Dela Cerna\Downloads\openjfx-23_windows-x64_bin-sdk\javafx-sdk-23\bin\vcruntime140_1.dll
Event: 0.254 Loaded shared library C:\Users\Lynneth Dela Cerna\Downloads\openjfx-23_windows-x64_bin-sdk\javafx-sdk-23\bin\msvcp140.dll
Event: 0.256 Loaded shared library C:\Users\Lynneth Dela Cerna\Downloads\openjfx-23_windows-x64_bin-sdk\javafx-sdk-23\bin\msvcp140_1.dll
Event: 0.256 Loaded shared library C:\Users\Lynneth Dela Cerna\Downloads\openjfx-23_windows-x64_bin-sdk\javafx-sdk-23\bin\msvcp140_2.dll
Event: 0.280 Loaded shared library C:\Users\Lynneth Dela Cerna\Downloads\openjfx-23_windows-x64_bin-sdk\javafx-sdk-23\bin\prism_d3d.dll
Event: 0.365 Loaded shared library C:\Users\Lynneth Dela Cerna\Downloads\openjfx-23_windows-x64_bin-sdk\javafx-sdk-23\bin\glass.dll
Event: 0.469 Loaded shared library C:\Program Files\Java\jdk-23\bin\jimage.dll

Deoptimization events (20 events):
Event: 0.899 Thread 0x0000028d5d7f7a60 DEOPT PACKING pc=0x0000028d0884b085 sp=0x000000f445afd6e0
Event: 0.899 Thread 0x0000028d5d7f7a60 DEOPT UNPACKING pc=0x0000028d0fbf4b22 sp=0x000000f445afcc00 mode 0
Event: 0.901 Thread 0x0000028d5d7f7a60 DEOPT PACKING pc=0x0000028d0884b085 sp=0x000000f445afd6e0
Event: 0.901 Thread 0x0000028d5d7f7a60 DEOPT UNPACKING pc=0x0000028d0fbf4b22 sp=0x000000f445afcc00 mode 0
Event: 0.903 Thread 0x0000028d5d7f7a60 DEOPT PACKING pc=0x0000028d0884b0a6 sp=0x000000f445afd6e0
Event: 0.903 Thread 0x0000028d5d7f7a60 DEOPT UNPACKING pc=0x0000028d0fbf4b22 sp=0x000000f445afcc00 mode 0
Event: 0.907 Thread 0x0000028d5d7f7a60 DEOPT PACKING pc=0x0000028d0884b0a6 sp=0x000000f445afd6e0
Event: 0.907 Thread 0x0000028d5d7f7a60 DEOPT UNPACKING pc=0x0000028d0fbf4b22 sp=0x000000f445afcc00 mode 0
Event: 0.909 Thread 0x0000028d5d7f7a60 DEOPT PACKING pc=0x0000028d0884b0a6 sp=0x000000f445afd6e0
Event: 0.909 Thread 0x0000028d5d7f7a60 DEOPT UNPACKING pc=0x0000028d0fbf4b22 sp=0x000000f445afcc00 mode 0
Event: 0.912 Thread 0x0000028d5d7f7a60 DEOPT PACKING pc=0x0000028d0884b085 sp=0x000000f445afd6e0
Event: 0.912 Thread 0x0000028d5d7f7a60 DEOPT UNPACKING pc=0x0000028d0fbf4b22 sp=0x000000f445afcc00 mode 0
Event: 0.915 Thread 0x0000028d5d7f7a60 DEOPT PACKING pc=0x0000028d0884b0a6 sp=0x000000f445afd6e0
Event: 0.915 Thread 0x0000028d5d7f7a60 DEOPT UNPACKING pc=0x0000028d0fbf4b22 sp=0x000000f445afcc00 mode 0
Event: 0.917 Thread 0x0000028d5d7f7a60 DEOPT PACKING pc=0x0000028d0884b085 sp=0x000000f445afd6e0
Event: 0.917 Thread 0x0000028d5d7f7a60 DEOPT UNPACKING pc=0x0000028d0fbf4b22 sp=0x000000f445afcc00 mode 0
Event: 0.920 Thread 0x0000028d5d7f7a60 DEOPT PACKING pc=0x0000028d0884b0a6 sp=0x000000f445afd6e0
Event: 0.920 Thread 0x0000028d5d7f7a60 DEOPT UNPACKING pc=0x0000028d0fbf4b22 sp=0x000000f445afcc00 mode 0
Event: 0.923 Thread 0x0000028d5d7f7a60 DEOPT PACKING pc=0x0000028d0884b0a6 sp=0x000000f445afd6e0
Event: 0.923 Thread 0x0000028d5d7f7a60 DEOPT UNPACKING pc=0x0000028d0fbf4b22 sp=0x000000f445afcc00 mode 0

Classes loaded (20 events):
Event: 0.750 Loading class com/sun/xml/internal/stream/StaxErrorReporter
Event: 0.750 Loading class com/sun/xml/internal/stream/StaxErrorReporter done
Event: 0.751 Loading class java/util/LinkedList$Node
Event: 0.751 Loading class java/util/LinkedList$Node done
Event: 0.754 Loading class java/util/EventListener
Event: 0.754 Loading class java/util/EventListener done
Event: 0.785 Loading class java/lang/reflect/TypeVariable
Event: 0.785 Loading class java/lang/reflect/TypeVariable done
Event: 0.785 Loading class java/lang/InstantiationException
Event: 0.785 Loading class java/lang/InstantiationException done
Event: 0.785 Loading class java/lang/reflect/AnnotatedType
Event: 0.785 Loading class java/lang/reflect/AnnotatedType done
Event: 0.786 Loading class java/security/AllPermissionCollection
Event: 0.786 Loading class java/security/AllPermissionCollection done
Event: 0.791 Loading class java/util/LinkedList$ListItr
Event: 0.791 Loading class java/util/LinkedList$ListItr done
Event: 0.791 Loading class java/lang/MatchException
Event: 0.791 Loading class java/lang/MatchException done
Event: 0.792 Loading class java/io/SequenceInputStream
Event: 0.792 Loading class java/io/SequenceInputStream done

Classes unloaded (0 events):
No events

Classes redefined (0 events):
No events

Internal exceptions (20 events):
Event: 0.713 Thread 0x0000028d5d7f7a60 Exception <a 'java/lang/ClassNotFoundException'{0x000000008c3811f8}: com/sun/glass/ui/win/themes_es_US> (0x000000008c3811f8) 
thrown [s\open\src\hotspot\share\prims\jni.cpp, line 539]
Event: 0.713 Thread 0x0000028d5d7f7a60 Exception <a 'java/lang/ClassNotFoundException'{0x000000008c3825e8}: com/sun/glass/ui/win/themes_yav_Latn> (0x000000008c3825e8) 
thrown [s\open\src\hotspot\share\prims\jni.cpp, line 539]
Event: 0.713 Thread 0x0000028d5d7f7a60 Exception <a 'java/lang/ClassNotFoundException'{0x000000008c3836c8}: com/sun/glass/ui/win/themes_yav_Latn_CM> (0x000000008c3836c8) 
thrown [s\open\src\hotspot\share\prims\jni.cpp, line 539]
Event: 0.713 Thread 0x0000028d5d7f7a60 Exception <a 'java/lang/ClassNotFoundException'{0x000000008c384cd0}: com/sun/glass/ui/win/themes_en_Latn> (0x000000008c384cd0) 
thrown [s\open\src\hotspot\share\prims\jni.cpp, line 539]
Event: 0.713 Thread 0x0000028d5d7f7a60 Exception <a 'java/lang/ClassNotFoundException'{0x000000008c385da0}: com/sun/glass/ui/win/themes_en_Latn_US> (0x000000008c385da0) 
thrown [s\open\src\hotspot\share\prims\jni.cpp, line 539]
Event: 0.713 Thread 0x0000028d5d7f7a60 Exception <a 'java/lang/ClassNotFoundException'{0x000000008c3873f8}: com/sun/glass/ui/win/themes_th_Thai> (0x000000008c3873f8) 
thrown [s\open\src\hotspot\share\prims\jni.cpp, line 539]
Event: 0.713 Thread 0x0000028d5d7f7a60 Exception <a 'java/lang/ClassNotFoundException'{0x000000008c3884c8}: com/sun/glass/ui/win/themes_th_Thai_TH> (0x000000008c3884c8) 
thrown [s\open\src\hotspot\share\prims\jni.cpp, line 539]
Event: 0.713 Thread 0x0000028d5d7f7a60 Exception <a 'java/lang/ClassNotFoundException'{0x000000008c3897e0}: com/sun/glass/ui/win/themes_es_VE> (0x000000008c3897e0) 
thrown [s\open\src\hotspot\share\prims\jni.cpp, line 539]
Event: 0.713 Thread 0x0000028d5d7f7a60 Exception <a 'java/lang/ClassNotFoundException'{0x000000008c38aa68}: com/sun/glass/ui/win/themes_fr_PF> (0x000000008c38aa68) 
thrown [s\open\src\hotspot\share\prims\jni.cpp, line 539]
Event: 0.713 Thread 0x0000028d5d7f7a60 Exception <a 'java/lang/ClassNotFoundException'{0x000000008c38c068}: com/sun/glass/ui/win/themes_ses_Latn> (0x000000008c38c068) 
thrown [s\open\src\hotspot\share\prims\jni.cpp, line 539]
Event: 0.713 Thread 0x0000028d5d7f7a60 Exception <a 'java/lang/ClassNotFoundException'{0x000000008c38d148}: com/sun/glass/ui/win/themes_ses_Latn_ML> (0x000000008c38d148) 
thrown [s\open\src\hotspot\share\prims\jni.cpp, line 539]
Event: 0.714 Thread 0x0000028d5d7f7a60 Exception <a 'java/lang/ClassNotFoundException'{0x000000008c38e9c0}: com/sun/glass/ui/win/themes_doi_Deva> (0x000000008c38e9c0) 
thrown [s\open\src\hotspot\share\prims\jni.cpp, line 539]
Event: 0.714 Thread 0x0000028d5d7f7a60 Exception <a 'java/lang/ClassNotFoundException'{0x000000008c38faa0}: com/sun/glass/ui/win/themes_doi_Deva_IN> (0x000000008c38faa0) 
thrown [s\open\src\hotspot\share\prims\jni.cpp, line 539]
Event: 0.714 Thread 0x0000028d5d7f7a60 Exception <a 'java/lang/ClassNotFoundException'{0x000000008c390d90}: com/sun/glass/ui/win/themes_fr_PM> (0x000000008c390d90) 
thrown [s\open\src\hotspot\share\prims\jni.cpp, line 539]
Event: 0.714 Thread 0x0000028d5d7f7a60 Exception <a 'java/lang/ClassNotFoundException'{0x000000008c392220}: com/sun/glass/ui/win/themes_es_UY> (0x000000008c392220) 
thrown [s\open\src\hotspot\share\prims\jni.cpp, line 539]
Event: 0.714 Thread 0x0000028d5d7f7a60 Exception <a 'java/lang/ClassNotFoundException'{0x000000008c393610}: com/sun/glass/ui/win/themes_gu_Gujr> (0x000000008c393610) 
thrown [s\open\src\hotspot\share\prims\jni.cpp, line 539]
Event: 0.714 Thread 0x0000028d5d7f7a60 Exception <a 'java/lang/ClassNotFoundException'{0x000000008c3946e0}: com/sun/glass/ui/win/themes_gu_Gujr_IN> (0x000000008c3946e0) 
thrown [s\open\src\hotspot\share\prims\jni.cpp, line 539]
Event: 0.726 Thread 0x0000028d5d7f7a60 Exception <a 'java/lang/NoSuchMethodError'{0x000000008c3f81b8}: 'java.lang.Object java.lang.invoke.DirectMethodHandle$Holder.invokeInterface(java.lang.Object, java.lang.Object)'> (0x000000008c3f81b8) 
thrown [s\open\src\hotspot\share\interpreter\linkResolver.cpp, line 796]
Event: 0.769 Thread 0x0000028d5d7f7a60 Exception <a 'java/lang/NoSuchMethodError'{0x000000008bf556a8}: 'java.lang.Object java.lang.invoke.DirectMethodHandle$Holder.invokeStaticInit(java.lang.Object, java.lang.Object, java.lang.Object, java.lang.Object)'> (0x000000008bf556a8) 
thrown [s\open\src\hotspot\share\interpreter\linkResolver.cpp, line 796]
Event: 0.770 Thread 0x0000028d5d7f7a60 Exception <a 'java/lang/NullPointerException'{0x000000008bf624d8}> (0x000000008bf624d8) 
thrown [s\open\src\hotspot\share\interpreter\linkResolver.cpp, line 1389]

VM Operations (20 events):
Event: 1.090 Executing VM operation: G1PauseCleanup done
Event: 1.091 Executing VM operation: G1TryInitiateConcMark (G1 Humongous Allocation)
Event: 1.091 Executing VM operation: G1TryInitiateConcMark (G1 Humongous Allocation) done
Event: 1.094 Executing VM operation: G1PauseRemark
Event: 1.095 Executing VM operation: G1PauseRemark done
Event: 1.096 Executing VM operation: G1PauseCleanup
Event: 1.099 Executing VM operation: G1PauseCleanup done
Event: 1.100 Executing VM operation: G1TryInitiateConcMark (G1 Humongous Allocation)
Event: 1.100 Executing VM operation: G1TryInitiateConcMark (G1 Humongous Allocation) done
Event: 1.104 Executing VM operation: G1PauseRemark
Event: 1.120 Executing VM operation: G1PauseRemark done
Event: 1.122 Executing VM operation: G1PauseCleanup
Event: 1.125 Executing VM operation: G1PauseCleanup done
Event: 1.127 Executing VM operation: G1TryInitiateConcMark (G1 Humongous Allocation)
Event: 1.127 Executing VM operation: G1TryInitiateConcMark (G1 Humongous Allocation) done
Event: 1.131 Executing VM operation: G1PauseRemark
Event: 1.135 Executing VM operation: G1PauseRemark done
Event: 1.138 Executing VM operation: G1PauseCleanup
Event: 1.142 Executing VM operation: G1PauseCleanup done
Event: 1.172 Executing VM operation: G1TryInitiateConcMark (G1 Humongous Allocation)

Memory protections (0 events):
No events

Nmethod flushes (20 events):
Event: 1.056 Thread 0x0000028d7e95c940 flushing  nmethod 0x0000028d0883f108
Event: 1.056 Thread 0x0000028d7e95c940 flushing osr nmethod 0x0000028d0883f488
Event: 1.056 Thread 0x0000028d7e95c940 flushing  nmethod 0x0000028d08840908
Event: 1.056 Thread 0x0000028d7e95c940 flushing  nmethod 0x0000028d08792988
Event: 1.056 Thread 0x0000028d7e95c940 flushing  nmethod 0x0000028d08793808
Event: 1.056 Thread 0x0000028d7e95c940 flushing  nmethod 0x0000028d087b8788
Event: 1.056 Thread 0x0000028d7e95c940 flushing  nmethod 0x0000028d08813108
Event: 1.056 Thread 0x0000028d7e95c940 flushing  nmethod 0x0000028d087af808
Event: 1.056 Thread 0x0000028d7e95c940 flushing  nmethod 0x0000028d087b3208
Event: 1.056 Thread 0x0000028d7e95c940 flushing  nmethod 0x0000028d087b5e08
Event: 1.075 Thread 0x0000028d7e95c940 flushing  nmethod 0x0000028d0872bf08
Event: 1.075 Thread 0x0000028d7e95c940 flushing  nmethod 0x0000028d0878ea88
Event: 1.075 Thread 0x0000028d7e95c940 flushing  nmethod 0x0000028d0878f808
Event: 1.075 Thread 0x0000028d7e95c940 flushing  nmethod 0x0000028d08842d08
Event: 1.075 Thread 0x0000028d7e95c940 flushing  nmethod 0x0000028d08843508
Event: 1.075 Thread 0x0000028d7e95c940 flushing  nmethod 0x0000028d08843b88
Event: 1.075 Thread 0x0000028d7e95c940 flushing  nmethod 0x0000028d08844f88
Event: 1.075 Thread 0x0000028d7e95c940 flushing osr nmethod 0x0000028d08845888
Event: 1.075 Thread 0x0000028d7e95c940 flushing osr nmethod 0x0000028d08848088
Event: 1.075 Thread 0x0000028d7e95c940 flushing  nmethod 0x0000028d08849e08

Events (17 events):
Event: 0.017 Thread 0x0000028d76d1f5c0 Thread added: 0x0000028d76d1f5c0
Event: 0.025 Thread 0x0000028d76d1f5c0 Thread added: 0x0000028d7e978fd0
Event: 0.025 Thread 0x0000028d76d1f5c0 Thread added: 0x0000028d7e979cf0
Event: 0.025 Thread 0x0000028d76d1f5c0 Thread added: 0x0000028d7e97bdf0
Event: 0.025 Thread 0x0000028d76d1f5c0 Thread added: 0x0000028d7e97d1a0
Event: 0.025 Thread 0x0000028d76d1f5c0 Thread added: 0x0000028d7e980850
Event: 0.025 Thread 0x0000028d76d1f5c0 Thread added: 0x0000028d7e983d30
Event: 0.025 Thread 0x0000028d76d1f5c0 Thread added: 0x0000028d7e981c00
Event: 0.025 Thread 0x0000028d76d1f5c0 Thread added: 0x0000028d7e9906d0
Event: 0.040 Thread 0x0000028d76d1f5c0 Thread added: 0x0000028d177752b0
Event: 0.064 Thread 0x0000028d7e981c00 Thread added: 0x0000028d1781d440
Event: 0.109 Thread 0x0000028d76d1f5c0 Thread added: 0x0000028d5d19db90
Event: 0.276 Thread 0x0000028d76d1f5c0 Thread added: 0x0000028d5d3bde90
Event: 0.367 Thread 0x0000028d76d1f5c0 Thread added: 0x0000028d5d7b4060
Event: 0.370 Thread 0x0000028d76d1f5c0 Thread added: 0x0000028d5d7f7a60
Event: 0.452 Thread 0x0000028d76d1f5c0 Thread added: 0x0000028d60d4c4b0
Event: 0.464 Thread 0x0000028d60d1e3a0 Thread added: 0x0000028d60d1e3a0


Dynamic libraries:
0x00007ff7fd190000 - 0x00007ff7fd1a0000 	C:\Program Files\Java\jdk-23\bin\java.exe
0x00007fffd06d0000 - 0x00007fffd08e7000 	C:\WINDOWS\SYSTEM32\ntdll.dll
0x00007fffcf050000 - 0x00007fffcf114000 	C:\WINDOWS\System32\KERNEL32.DLL
0x00007fffcd9d0000 - 0x00007fffcdd89000 	C:\WINDOWS\System32\KERNELBASE.dll
0x00007fffce0f0000 - 0x00007fffce201000 	C:\WINDOWS\System32\ucrtbase.dll
0x00007fffaf3b0000 - 0x00007fffaf3cb000 	C:\Program Files\Java\jdk-23\bin\VCRUNTIME140.dll
0x00007fffc7b10000 - 0x00007fffc7b27000 	C:\Program Files\Java\jdk-23\bin\jli.dll
0x00007fffd00e0000 - 0x00007fffd028e000 	C:\WINDOWS\System32\USER32.dll
0x00007fffcccd0000 - 0x00007fffccf62000 	C:\WINDOWS\WinSxS\amd64_microsoft.windows.common-controls_6595b64144ccf1df_6.0.22621.4391_none_2715d37f73803e96\COMCTL32.dll
0x00007fffce0c0000 - 0x00007fffce0e6000 	C:\WINDOWS\System32\win32u.dll
0x00007fffd0290000 - 0x00007fffd0337000 	C:\WINDOWS\System32\msvcrt.dll
0x00007fffcfe00000 - 0x00007fffcfe29000 	C:\WINDOWS\System32\GDI32.dll
0x00007fffcde10000 - 0x00007fffcdf2b000 	C:\WINDOWS\System32\gdi32full.dll
0x00007fffcdf60000 - 0x00007fffcdffa000 	C:\WINDOWS\System32\msvcp_win.dll
0x00007fffcf6c0000 - 0x00007fffcf6f1000 	C:\WINDOWS\System32\IMM32.DLL
0x00007fffbc4d0000 - 0x00007fffbc4dc000 	C:\Program Files\Java\jdk-23\bin\vcruntime140_1.dll
0x00007fff821f0000 - 0x00007fff8227e000 	C:\Program Files\Java\jdk-23\bin\msvcp140.dll
0x00007fff7ebb0000 - 0x00007fff7f8ff000 	C:\Program Files\Java\jdk-23\bin\server\jvm.dll
0x00007fffcfd40000 - 0x00007fffcfdf2000 	C:\WINDOWS\System32\ADVAPI32.dll
0x00007fffcefa0000 - 0x00007fffcf047000 	C:\WINDOWS\System32\sechost.dll
0x00007fffcdf30000 - 0x00007fffcdf58000 	C:\WINDOWS\System32\bcrypt.dll
0x00007fffcf170000 - 0x00007fffcf284000 	C:\WINDOWS\System32\RPCRT4.dll
0x00007fffce3f0000 - 0x00007fffce461000 	C:\WINDOWS\System32\WS2_32.dll
0x00007fffcd8a0000 - 0x00007fffcd8ed000 	C:\WINDOWS\SYSTEM32\POWRPROF.dll
0x00007fffc4c50000 - 0x00007fffc4c84000 	C:\WINDOWS\SYSTEM32\WINMM.dll
0x00007fffcbbb0000 - 0x00007fffcbbba000 	C:\WINDOWS\SYSTEM32\VERSION.dll
0x00007fffcd6d0000 - 0x00007fffcd6e3000 	C:\WINDOWS\SYSTEM32\UMPDC.dll
0x00007fffcba40000 - 0x00007fffcba58000 	C:\WINDOWS\SYSTEM32\kernel.appcore.dll
0x00007fffaf2d0000 - 0x00007fffaf2da000 	C:\Program Files\Java\jdk-23\bin\jimage.dll
0x00007fffcd240000 - 0x00007fffcd472000 	C:\WINDOWS\SYSTEM32\DBGHELP.DLL
0x00007fffcf310000 - 0x00007fffcf69f000 	C:\WINDOWS\System32\combase.dll
0x00007fffcfe30000 - 0x00007fffcff07000 	C:\WINDOWS\System32\OLEAUT32.dll
0x00007fffcd130000 - 0x00007fffcd162000 	C:\WINDOWS\SYSTEM32\dbgcore.DLL
0x00007fffcdd90000 - 0x00007fffcde0b000 	C:\WINDOWS\System32\bcryptPrimitives.dll
0x00007fffaf2e0000 - 0x00007fffaf2fe000 	C:\Program Files\Java\jdk-23\bin\java.dll
0x00007fffcff30000 - 0x00007fffd00d5000 	C:\WINDOWS\System32\ole32.dll
0x00007fffce720000 - 0x00007fffcef96000 	C:\WINDOWS\System32\SHELL32.dll
0x00007fffca990000 - 0x00007fffcb293000 	C:\WINDOWS\SYSTEM32\windows.storage.dll
0x00007fffca850000 - 0x00007fffca98f000 	C:\WINDOWS\SYSTEM32\wintypes.dll
0x00007fffd0590000 - 0x00007fffd0689000 	C:\WINDOWS\System32\SHCORE.dll
0x00007fffcfb80000 - 0x00007fffcfbde000 	C:\WINDOWS\System32\shlwapi.dll
0x00007fffcd900000 - 0x00007fffcd92b000 	C:\WINDOWS\SYSTEM32\profapi.dll
0x00007fff811d0000 - 0x00007fff812a7000 	C:\Program Files\Java\jdk-23\bin\jsvml.dll
0x00007fffad840000 - 0x00007fffad850000 	C:\Program Files\Java\jdk-23\bin\net.dll
0x00007fffcbf00000 - 0x00007fffcbf69000 	C:\WINDOWS\system32\mswsock.dll
0x00007fffa42b0000 - 0x00007fffa42c6000 	C:\Program Files\Java\jdk-23\bin\nio.dll
0x00007fff9a2b0000 - 0x00007fff9a2c7000 	C:\Program Files\Java\jdk-23\bin\zip.dll
0x0000028d17bd0000 - 0x0000028d17bd3000 	C:\Users\Lynneth Dela Cerna\Downloads\openjfx-23_windows-x64_bin-sdk\javafx-sdk-23\bin\api-ms-win-core-console-l1-1-0.dll
0x0000028d17be0000 - 0x0000028d17be3000 	C:\Users\Lynneth Dela Cerna\Downloads\openjfx-23_windows-x64_bin-sdk\javafx-sdk-23\bin\api-ms-win-core-console-l1-2-0.dll
0x0000028d17bf0000 - 0x0000028d17bf3000 	C:\Users\Lynneth Dela Cerna\Downloads\openjfx-23_windows-x64_bin-sdk\javafx-sdk-23\bin\api-ms-win-core-datetime-l1-1-0.dll
0x0000028d17c00000 - 0x0000028d17c03000 	C:\Users\Lynneth Dela Cerna\Downloads\openjfx-23_windows-x64_bin-sdk\javafx-sdk-23\bin\api-ms-win-core-debug-l1-1-0.dll
0x0000028d17c10000 - 0x0000028d17c13000 	C:\Users\Lynneth Dela Cerna\Downloads\openjfx-23_windows-x64_bin-sdk\javafx-sdk-23\bin\api-ms-win-core-errorhandling-l1-1-0.dll
0x0000028d17c20000 - 0x0000028d17c24000 	C:\Users\Lynneth Dela Cerna\Downloads\openjfx-23_windows-x64_bin-sdk\javafx-sdk-23\bin\api-ms-win-core-file-l1-1-0.dll
0x0000028d17c30000 - 0x0000028d17c33000 	C:\Users\Lynneth Dela Cerna\Downloads\openjfx-23_windows-x64_bin-sdk\javafx-sdk-23\bin\api-ms-win-core-file-l1-2-0.dll
0x0000028d17c40000 - 0x0000028d17c43000 	C:\Users\Lynneth Dela Cerna\Downloads\openjfx-23_windows-x64_bin-sdk\javafx-sdk-23\bin\api-ms-win-core-file-l2-1-0.dll
0x0000028d17c50000 - 0x0000028d17c53000 	C:\Users\Lynneth Dela Cerna\Downloads\openjfx-23_windows-x64_bin-sdk\javafx-sdk-23\bin\api-ms-win-core-handle-l1-1-0.dll
0x0000028d17c60000 - 0x0000028d17c63000 	C:\Users\Lynneth Dela Cerna\Downloads\openjfx-23_windows-x64_bin-sdk\javafx-sdk-23\bin\api-ms-win-core-heap-l1-1-0.dll
0x0000028d17c70000 - 0x0000028d17c73000 	C:\Users\Lynneth Dela Cerna\Downloads\openjfx-23_windows-x64_bin-sdk\javafx-sdk-23\bin\api-ms-win-core-interlocked-l1-1-0.dll
0x0000028d17c80000 - 0x0000028d17c83000 	C:\Users\Lynneth Dela Cerna\Downloads\openjfx-23_windows-x64_bin-sdk\javafx-sdk-23\bin\api-ms-win-core-libraryloader-l1-1-0.dll
0x0000028d17c90000 - 0x0000028d17c93000 	C:\Users\Lynneth Dela Cerna\Downloads\openjfx-23_windows-x64_bin-sdk\javafx-sdk-23\bin\api-ms-win-core-localization-l1-2-0.dll
0x0000028d17ca0000 - 0x0000028d17ca3000 	C:\Users\Lynneth Dela Cerna\Downloads\openjfx-23_windows-x64_bin-sdk\javafx-sdk-23\bin\api-ms-win-core-memory-l1-1-0.dll
0x0000028d17cb0000 - 0x0000028d17cb3000 	C:\Users\Lynneth Dela Cerna\Downloads\openjfx-23_windows-x64_bin-sdk\javafx-sdk-23\bin\api-ms-win-core-namedpipe-l1-1-0.dll
0x0000028d17cc0000 - 0x0000028d17cc3000 	C:\Users\Lynneth Dela Cerna\Downloads\openjfx-23_windows-x64_bin-sdk\javafx-sdk-23\bin\api-ms-win-core-processenvironment-l1-1-0.dll
0x0000028d17cd0000 - 0x0000028d17cd3000 	C:\Users\Lynneth Dela Cerna\Downloads\openjfx-23_windows-x64_bin-sdk\javafx-sdk-23\bin\api-ms-win-core-processthreads-l1-1-0.dll
0x0000028d17ce0000 - 0x0000028d17ce3000 	C:\Users\Lynneth Dela Cerna\Downloads\openjfx-23_windows-x64_bin-sdk\javafx-sdk-23\bin\api-ms-win-core-processthreads-l1-1-1.dll
0x0000028d17cf0000 - 0x0000028d17cf3000 	C:\Users\Lynneth Dela Cerna\Downloads\openjfx-23_windows-x64_bin-sdk\javafx-sdk-23\bin\api-ms-win-core-profile-l1-1-0.dll
0x0000028d17d00000 - 0x0000028d17d03000 	C:\Users\Lynneth Dela Cerna\Downloads\openjfx-23_windows-x64_bin-sdk\javafx-sdk-23\bin\api-ms-win-core-rtlsupport-l1-1-0.dll
0x0000028d17d10000 - 0x0000028d17d13000 	C:\Users\Lynneth Dela Cerna\Downloads\openjfx-23_windows-x64_bin-sdk\javafx-sdk-23\bin\api-ms-win-core-string-l1-1-0.dll
0x0000028d17d20000 - 0x0000028d17d23000 	C:\Users\Lynneth Dela Cerna\Downloads\openjfx-23_windows-x64_bin-sdk\javafx-sdk-23\bin\api-ms-win-core-synch-l1-1-0.dll
0x0000028d17d30000 - 0x0000028d17d33000 	C:\Users\Lynneth Dela Cerna\Downloads\openjfx-23_windows-x64_bin-sdk\javafx-sdk-23\bin\api-ms-win-core-synch-l1-2-0.dll
0x0000028d17d40000 - 0x0000028d17d43000 	C:\Users\Lynneth Dela Cerna\Downloads\openjfx-23_windows-x64_bin-sdk\javafx-sdk-23\bin\api-ms-win-core-sysinfo-l1-1-0.dll
0x0000028d17d50000 - 0x0000028d17d53000 	C:\Users\Lynneth Dela Cerna\Downloads\openjfx-23_windows-x64_bin-sdk\javafx-sdk-23\bin\api-ms-win-core-timezone-l1-1-0.dll
0x0000028d17d60000 - 0x0000028d17d63000 	C:\Users\Lynneth Dela Cerna\Downloads\openjfx-23_windows-x64_bin-sdk\javafx-sdk-23\bin\api-ms-win-core-util-l1-1-0.dll
0x0000028d17d70000 - 0x0000028d17d73000 	C:\Users\Lynneth Dela Cerna\Downloads\openjfx-23_windows-x64_bin-sdk\javafx-sdk-23\bin\api-ms-win-crt-conio-l1-1-0.dll
0x0000028d17d80000 - 0x0000028d17d84000 	C:\Users\Lynneth Dela Cerna\Downloads\openjfx-23_windows-x64_bin-sdk\javafx-sdk-23\bin\api-ms-win-crt-convert-l1-1-0.dll
0x0000028d17d90000 - 0x0000028d17d93000 	C:\Users\Lynneth Dela Cerna\Downloads\openjfx-23_windows-x64_bin-sdk\javafx-sdk-23\bin\api-ms-win-crt-environment-l1-1-0.dll
0x0000028d17da0000 - 0x0000028d17da3000 	C:\Users\Lynneth Dela Cerna\Downloads\openjfx-23_windows-x64_bin-sdk\javafx-sdk-23\bin\api-ms-win-crt-filesystem-l1-1-0.dll
0x0000028d17db0000 - 0x0000028d17db3000 	C:\Users\Lynneth Dela Cerna\Downloads\openjfx-23_windows-x64_bin-sdk\javafx-sdk-23\bin\api-ms-win-crt-heap-l1-1-0.dll
0x0000028d17dc0000 - 0x0000028d17dc3000 	C:\Users\Lynneth Dela Cerna\Downloads\openjfx-23_windows-x64_bin-sdk\javafx-sdk-23\bin\api-ms-win-crt-locale-l1-1-0.dll
0x0000028d17dd0000 - 0x0000028d17dd5000 	C:\Users\Lynneth Dela Cerna\Downloads\openjfx-23_windows-x64_bin-sdk\javafx-sdk-23\bin\api-ms-win-crt-math-l1-1-0.dll
0x0000028d17de0000 - 0x0000028d17de5000 	C:\Users\Lynneth Dela Cerna\Downloads\openjfx-23_windows-x64_bin-sdk\javafx-sdk-23\bin\api-ms-win-crt-multibyte-l1-1-0.dll
0x0000028d17df0000 - 0x0000028d17e00000 	C:\Users\Lynneth Dela Cerna\Downloads\openjfx-23_windows-x64_bin-sdk\javafx-sdk-23\bin\api-ms-win-crt-private-l1-1-0.dll
0x0000028d17e00000 - 0x0000028d17e03000 	C:\Users\Lynneth Dela Cerna\Downloads\openjfx-23_windows-x64_bin-sdk\javafx-sdk-23\bin\api-ms-win-crt-process-l1-1-0.dll
0x0000028d17e10000 - 0x0000028d17e14000 	C:\Users\Lynneth Dela Cerna\Downloads\openjfx-23_windows-x64_bin-sdk\javafx-sdk-23\bin\api-ms-win-crt-runtime-l1-1-0.dll
0x0000028d17e20000 - 0x0000028d17e24000 	C:\Users\Lynneth Dela Cerna\Downloads\openjfx-23_windows-x64_bin-sdk\javafx-sdk-23\bin\api-ms-win-crt-stdio-l1-1-0.dll
0x0000028d17e30000 - 0x0000028d17e34000 	C:\Users\Lynneth Dela Cerna\Downloads\openjfx-23_windows-x64_bin-sdk\javafx-sdk-23\bin\api-ms-win-crt-string-l1-1-0.dll
0x0000028d17e40000 - 0x0000028d17e43000 	C:\Users\Lynneth Dela Cerna\Downloads\openjfx-23_windows-x64_bin-sdk\javafx-sdk-23\bin\api-ms-win-crt-time-l1-1-0.dll
0x0000028d17e50000 - 0x0000028d17e53000 	C:\Users\Lynneth Dela Cerna\Downloads\openjfx-23_windows-x64_bin-sdk\javafx-sdk-23\bin\api-ms-win-crt-utility-l1-1-0.dll
0x00007fff9a170000 - 0x00007fff9a26c000 	C:\Users\Lynneth Dela Cerna\Downloads\openjfx-23_windows-x64_bin-sdk\javafx-sdk-23\bin\ucrtbase.dll
0x00007fffc7a50000 - 0x00007fffc7a6b000 	C:\Users\Lynneth Dela Cerna\Downloads\openjfx-23_windows-x64_bin-sdk\javafx-sdk-23\bin\vcruntime140.dll
0x00007fffcd1a0000 - 0x00007fffcd1ac000 	C:\Users\Lynneth Dela Cerna\Downloads\openjfx-23_windows-x64_bin-sdk\javafx-sdk-23\bin\vcruntime140_1.dll
0x00007fffabd20000 - 0x00007fffabdae000 	C:\Users\Lynneth Dela Cerna\Downloads\openjfx-23_windows-x64_bin-sdk\javafx-sdk-23\bin\msvcp140.dll
0x00007fffc4e90000 - 0x00007fffc4e99000 	C:\Users\Lynneth Dela Cerna\Downloads\openjfx-23_windows-x64_bin-sdk\javafx-sdk-23\bin\msvcp140_1.dll
0x00007fffc4e40000 - 0x00007fffc4e81000 	C:\Users\Lynneth Dela Cerna\Downloads\openjfx-23_windows-x64_bin-sdk\javafx-sdk-23\bin\msvcp140_2.dll
0x00007fffc4ce0000 - 0x00007fffc4d10000 	C:\Users\Lynneth Dela Cerna\Downloads\openjfx-23_windows-x64_bin-sdk\javafx-sdk-23\bin\prism_d3d.dll
0x00007fff40220000 - 0x00007fff403c8000 	C:\WINDOWS\system32\d3d9.dll
0x00007fffca120000 - 0x00007fffca14b000 	C:\WINDOWS\SYSTEM32\dwmapi.dll
0x00007fffc9fb0000 - 0x00007fffc9fe7000 	C:\WINDOWS\SYSTEM32\dxcore.dll
0x00007fffc9c70000 - 0x00007fffc9d21000 	C:\WINDOWS\system32\uxtheme.dll
0x00007fff86160000 - 0x00007fff86210000 	C:\WINDOWS\SYSTEM32\d3d9on12.dll
0x00007fffc9ff0000 - 0x00007fffca0e7000 	C:\WINDOWS\SYSTEM32\dxgi.dll
0x00007fffc47b0000 - 0x00007fffc47d6000 	C:\WINDOWS\SYSTEM32\d3d12.dll
0x00007fffcd610000 - 0x00007fffcd65e000 	C:\WINDOWS\SYSTEM32\cfgmgr32.dll
0x00007fff85f50000 - 0x00007fff86152000 	C:\WINDOWS\SYSTEM32\D3D12Core.dll
0x00007fff85d70000 - 0x00007fff85e63000 	C:\WINDOWS\System32\DriverStore\FileRepository\iigd_dch.inf_amd64_46a183a099a0cf25\igd12umd64.dll
0x00007fff84ae0000 - 0x00007fff85d65000 	C:\WINDOWS\System32\DriverStore\FileRepository\iigd_dch.inf_amd64_46a183a099a0cf25\igd12um64xel.dll
0x00007fffce280000 - 0x00007fffce3e6000 	C:\WINDOWS\System32\CRYPT32.dll
0x00007fffb2550000 - 0x00007fffb26b2000 	C:\WINDOWS\SYSTEM32\drvstore.dll
0x00007fffc4780000 - 0x00007fffc47a6000 	C:\WINDOWS\System32\DriverStore\FileRepository\iigd_dch.inf_amd64_46a183a099a0cf25\igdext64.dll
0x00007fffa0c30000 - 0x00007fffa0c79000 	C:\WINDOWS\SYSTEM32\ControlLib.dll
0x00007fffbbb40000 - 0x00007fffbbbd1000 	C:\WINDOWS\System32\DriverStore\FileRepository\iigd_dch.inf_amd64_46a183a099a0cf25\IntelControlLib.dll
0x00007fffc1cf0000 - 0x00007fffc1d39000 	C:\WINDOWS\SYSTEM32\directxdatabasehelper.dll
0x00007fffb6de0000 - 0x00007fffb721e000 	C:\WINDOWS\System32\DriverStore\FileRepository\iigd_dch.inf_amd64_46a183a099a0cf25\igdgmm64.dll
0x00007fffb28d0000 - 0x00007fffb6924000 	C:\WINDOWS\System32\DriverStore\FileRepository\iigd_dch.inf_amd64_46a183a099a0cf25\igc64.dll
0x00007fff85f20000 - 0x00007fff85f4f000 	C:\WINDOWS\SYSTEM32\D3DSCache.dll
0x00007fffcbff0000 - 0x00007fffcc018000 	C:\WINDOWS\SYSTEM32\USERENV.dll
0x00007fff847d0000 - 0x00007fff84adc000 	C:\WINDOWS\System32\DriverStore\FileRepository\iigd_dch.inf_amd64_46a183a099a0cf25\igd12dxva64.dll
0x00007fffcf700000 - 0x00007fffcfb74000 	C:\WINDOWS\System32\SETUPAPI.dll
0x00007fff98850000 - 0x00007fff99a2d000 	C:\WINDOWS\System32\DriverStore\FileRepository\iigd_dch.inf_amd64_46a183a099a0cf25\igddxvacommon64.dll
0x00007fff96b20000 - 0x00007fff9884b000 	C:\WINDOWS\System32\DriverStore\FileRepository\iigd_dch.inf_amd64_46a183a099a0cf25\media_bin_64.dll
0x00007fffcc950000 - 0x00007fffcc977000 	C:\WINDOWS\System32\DriverStore\FileRepository\iigd_dch.inf_amd64_46a183a099a0cf25\igdinfo64.dll
0x00007fffaf3f0000 - 0x00007fffaf435000 	C:\Users\Lynneth Dela Cerna\Downloads\openjfx-23_windows-x64_bin-sdk\javafx-sdk-23\bin\glass.dll
0x00007fffce4f0000 - 0x00007fffce5ef000 	C:\WINDOWS\System32\COMDLG32.dll
0x00007fffcfbe0000 - 0x00007fffcfd40000 	C:\WINDOWS\System32\MSCTF.dll
0x00007fffce5f0000 - 0x00007fffce6a0000 	C:\WINDOWS\System32\clbcatq.dll
0x00007fffbc0c0000 - 0x00007fffbc239000 	C:\Windows\System32\Windows.UI.dll
0x00007fffb7ae0000 - 0x00007fffb7c55000 	C:\Windows\System32\Windows.UI.Immersive.dll

dbghelp: loaded successfully - version: 4.0.5 - missing functions: none
symbol engine: initialized successfully - sym options: 0x614 - pdb path: .;C:\Program Files\Java\jdk-23\bin;C:\WINDOWS\SYSTEM32;C:\WINDOWS\WinSxS\amd64_microsoft.windows.common-controls_6595b64144ccf1df_6.0.22621.4391_none_2715d37f73803e96;C:\Program Files\Java\jdk-23\bin\server;C:\Users\Lynneth Dela Cerna\Downloads\openjfx-23_windows-x64_bin-sdk\javafx-sdk-23\bin;C:\WINDOWS\System32\DriverStore\FileRepository\iigd_dch.inf_amd64_46a183a099a0cf25

VM Arguments:
jvm_args: -Dfile.encoding=UTF-8 --module-path=C:\Java\javafx-sdk-23\lb --add-modules=javafx.controls,javafx.fxml --module-path=C:\Users\Lynneth Dela Cerna\Downloads\openjfx-23_windows-x64_bin-sdk\javafx-sdk-23\lib\javafx-swt.jar;C:\Users\Lynneth Dela Cerna\Downloads\openjfx-23_windows-x64_bin-sdk\javafx-sdk-23\lib\javafx.base.jar;C:\Users\Lynneth Dela Cerna\Downloads\openjfx-23_windows-x64_bin-sdk\javafx-sdk-23\lib\javafx.controls.jar;C:\Users\Lynneth Dela Cerna\Downloads\openjfx-23_windows-x64_bin-sdk\javafx-sdk-23\lib\javafx.fxml.jar;C:\Users\Lynneth Dela Cerna\Downloads\openjfx-23_windows-x64_bin-sdk\javafx-sdk-23\lib\javafx.graphics.jar;C:\Users\Lynneth Dela Cerna\Downloads\openjfx-23_windows-x64_bin-sdk\javafx-sdk-23\lib\javafx.media.jar;C:\Users\Lynneth Dela Cerna\Downloads\openjfx-23_windows-x64_bin-sdk\javafx-sdk-23\lib\javafx.swing.jar;C:\Users\Lynneth Dela Cerna\Downloads\openjfx-23_windows-x64_bin-sdk\javafx-sdk-23\lib\javafx.web.jar 
java_command: IDE.JavaFXMainClass
java_class_path (initial): C:\Users\Lynneth Dela Cerna\Downloads\openjfx-23_windows-x64_bin-sdk\javafx-sdk-23\lib\javafx-swt.jar;C:\Users\Lynneth Dela Cerna\Downloads\openjfx-23_windows-x64_bin-sdk\javafx-sdk-23\lib\javafx.base.jar;C:\Users\Lynneth Dela Cerna\Downloads\openjfx-23_windows-x64_bin-sdk\javafx-sdk-23\lib\javafx.controls.jar;C:\Users\Lynneth Dela Cerna\Downloads\openjfx-23_windows-x64_bin-sdk\javafx-sdk-23\lib\javafx.fxml.jar;C:\Users\Lynneth Dela Cerna\Downloads\openjfx-23_windows-x64_bin-sdk\javafx-sdk-23\lib\javafx.graphics.jar;C:\Users\Lynneth Dela Cerna\Downloads\openjfx-23_windows-x64_bin-sdk\javafx-sdk-23\lib\javafx.media.jar;C:\Users\Lynneth Dela Cerna\Downloads\openjfx-23_windows-x64_bin-sdk\javafx-sdk-23\lib\javafx.swing.jar;C:\Users\Lynneth Dela Cerna\Downloads\openjfx-23_windows-x64_bin-sdk\javafx-sdk-23\lib\javafx.web.jar;C:\Users\Lynneth Dela Cerna\Documents\NetBeansProjects\V-12\build\classes
Launcher Type: SUN_STANDARD

[Global flags]
     intx CICompilerCount                          = 4                                         {product} {ergonomic}
     uint ConcGCThreads                            = 3                                         {product} {ergonomic}
     uint G1ConcRefinementThreads                  = 10                                        {product} {ergonomic}
   size_t G1HeapRegionSize                         = 1048576                                   {product} {ergonomic}
   size_t InitialHeapSize                          = 130023424                                 {product} {ergonomic}
   size_t MarkStackSize                            = 4194304                                   {product} {ergonomic}
   size_t MarkStackSizeMax                         = 536870912                                 {product} {ergonomic}
   size_t MaxHeapSize                              = 2061500416                                {product} {ergonomic}
   size_t MaxNewSize                               = 1236271104                                {product} {ergonomic}
   size_t MinHeapDeltaBytes                        = 1048576                                   {product} {ergonomic}
   size_t MinHeapSize                              = 8388608                                   {product} {ergonomic}
    uintx NonNMethodCodeHeapSize                   = 5832704                                {pd product} {ergonomic}
    uintx NonProfiledCodeHeapSize                  = 122945536                              {pd product} {ergonomic}
    uintx ProfiledCodeHeapSize                     = 122880000                              {pd product} {ergonomic}
    uintx ReservedCodeCacheSize                    = 251658240                              {pd product} {ergonomic}
     bool SegmentedCodeCache                       = true                                      {product} {ergonomic}
   size_t SoftMaxHeapSize                          = 2061500416                             {manageable} {ergonomic}
     bool UseCompressedOops                        = true                           {product lp64_product} {ergonomic}
     bool UseG1GC                                  = true                                      {product} {ergonomic}
     bool UseLargePagesIndividualAllocation        = false                                  {pd product} {ergonomic}

Logging:
Log output configuration:
 #0: stdout all=warning uptime,level,tags foldmultilines=false
 #1: stderr all=off uptime,level,tags foldmultilines=false

Environment Variables:
PATH=C:\Program Files\Common Files\Oracle\Java\javapath;C:\Program Files (x86)\Common Files\Oracle\Java\java8path;C:\Program Files (x86)\Common Files\Oracle\Java\javapath;C:\Program Files\Microsoft\jdk-11.0.12.7-hotspot\bin;C:\windows\system32;C:\windows;C:\windows\System32\Wbem;C:\windows\System32\WindowsPowerShell\v1.0\;C:\windows\System32\OpenSSH\;C:\Program Files\dotnet\;\msys64\mingw64\bin;C:\msys64\mingw64;C:\WINDOWS\system32;C:\WINDOWS;C:\WINDOWS\System32\Wbem;C:\WINDOWS\System32\WindowsPowerShell\v1.0\;C:\WINDOWS\System32\OpenSSH\;C:\ProgramData\chocolatey\bin;C:\Program Files\swipl\bin;C:\Program Files\Microsoft SQL Server\150\Tools\Binn\;C:\Program Files\Microsoft SQL Server\Client SDK\ODBC\170\Tools\Binn\;C:\Program Files (x86)\Windows Kits\10\Windows Performance Toolkit\;C:\Program Files\Git\cmd;C:\Program Files\nodejs\;C:\Users\Lynneth Dela Cerna\AppData\Local\Microsoft\WindowsApps;C:\Users\Lynneth Dela Cerna\AppData\Local\Programs\Microsoft VS Code\bin;C:\Users\Lynneth Dela Cerna\.dotnet\tools;C:\ghcup\bin;C:\Users\Lynneth Dela Cerna\AppData\Local\GitHubDesktop\bin;C:\Users\Lynneth Dela Cerna\AppData\Roaming\npm
USERNAME=Lynneth Dela Cerna
OS=Windows_NT
PROCESSOR_IDENTIFIER=Intel64 Family 6 Model 154 Stepping 4, GenuineIntel
TMP=C:\Users\LYNNET~1\AppData\Local\Temp
TEMP=C:\Users\LYNNET~1\AppData\Local\Temp




Periodic native trim disabled

---------------  S Y S T E M  ---------------

OS:
 Windows 11 , 64 bit Build 22621 (10.0.22621.4391)
OS uptime: 0 days 5:41 hours
Hyper-V role detected

CPU: total 12 (initial active 12) (6 cores per cpu, 2 threads per core) family 6 model 154 stepping 4 microcode 0x42c, cx8, cmov, fxsr, ht, mmx, 3dnowpref, sse, sse2, sse3, ssse3, sse4.1, sse4.2, popcnt, lzcnt, tsc, tscinvbit, avx, avx2, aes, erms, clmul, bmi1, bmi2, adx, sha, fma, vzeroupper, clflush, clflushopt, clwb, hv, serialize, rdtscp, rdpid, fsrm, gfni, f16c, cet_ibt, cet_ss
Processor Information for processor 0
  Max Mhz: 1300, Current Mhz: 1300, Mhz Limit: 1300
Processor Information for processor 1
  Max Mhz: 1300, Current Mhz: 1300, Mhz Limit: 1300
Processor Information for processor 2
  Max Mhz: 1300, Current Mhz: 1300, Mhz Limit: 1300
Processor Information for processor 3
  Max Mhz: 1300, Current Mhz: 1300, Mhz Limit: 1300
Processor Information for processor 4
  Max Mhz: 1300, Current Mhz: 900, Mhz Limit: 897
Processor Information for processor 5
  Max Mhz: 1300, Current Mhz: 900, Mhz Limit: 897
Processor Information for processor 6
  Max Mhz: 1300, Current Mhz: 900, Mhz Limit: 897
Processor Information for processor 7
  Max Mhz: 1300, Current Mhz: 900, Mhz Limit: 897
Processor Information for processor 8
  Max Mhz: 1300, Current Mhz: 900, Mhz Limit: 897
Processor Information for processor 9
  Max Mhz: 1300, Current Mhz: 900, Mhz Limit: 897
Processor Information for processor 10
  Max Mhz: 1300, Current Mhz: 900, Mhz Limit: 897
Processor Information for processor 11
  Max Mhz: 1300, Current Mhz: 900, Mhz Limit: 897

Memory: 4k page, system-wide physical 7863M (25M free)
TotalPageFile size 32439M (AvailPageFile size 47M)
current process WorkingSet (physical memory assigned to process): 488M, peak: 489M
current process commit charge ("private bytes"): 1008M, peak: 1481M

vm_info: Java HotSpot(TM) 64-Bit Server VM (23+37-2369) for windows-amd64 JRE (23+37-2369), built on 2024-08-20T16:01:23Z with MS VC++ 17.6 (VS2022)

END.
