#
# There is insufficient memory for the Java Runtime Environment to continue.
# Native memory allocation (mmap) failed to map 585105408 bytes. Error detail: G1 virtual space
# Possible reasons:
#   The system is out of physical RAM or swap space
#   This process is running with CompressedOops enabled, and the Java Heap may be blocking the growth of the native heap
# Possible solutions:
#   Reduce memory load on the system
#   Increase physical memory or swap space
#   Check if swap backing store is full
#   Decrease Java heap size (-Xmx/-Xms)
#   Decrease number of Java threads
#   Decrease Java thread stack sizes (-Xss)
#   Set larger code cache with -XX:ReservedCodeCacheSize=
#   JVM is running with Unscaled Compressed Oops mode in which the Java heap is
#     placed in the first 4GB address space. The Java Heap base address is the
#     maximum limit for the native heap growth. Please use -XX:HeapBaseMinAddress
#     to set the Java Heap base and to place the Java Heap above 4GB virtual address.
# This output file may be truncated or incomplete.
#
#  Out of Memory Error (os_windows.cpp:3703), pid=840, tid=1184
#
# JRE version: Java(TM) SE Runtime Environment (23.0+37) (build 23+37-2369)
# Java VM: Java HotSpot(TM) 64-Bit Server VM (23+37-2369, mixed mode, sharing, tiered, compressed oops, compressed class ptrs, g1 gc, windows-amd64)
# No core dump will be written. Minidumps are not enabled by default on client versions of Windows
#

---------------  S U M M A R Y ------------

Command Line: -Dfile.encoding=UTF-8 --module-path=C:\Java\javafx-sdk-23\lb --add-modules=javafx.controls,javafx.fxml --module-path=C:\Users\Lynneth Dela Cerna\Downloads\openjfx-23_windows-x64_bin-sdk\javafx-sdk-23\lib\javafx-swt.jar;C:\Users\Lynneth Dela Cerna\Downloads\openjfx-23_windows-x64_bin-sdk\javafx-sdk-23\lib\javafx.base.jar;C:\Users\Lynneth Dela Cerna\Downloads\openjfx-23_windows-x64_bin-sdk\javafx-sdk-23\lib\javafx.controls.jar;C:\Users\Lynneth Dela Cerna\Downloads\openjfx-23_windows-x64_bin-sdk\javafx-sdk-23\lib\javafx.fxml.jar;C:\Users\Lynneth Dela Cerna\Downloads\openjfx-23_windows-x64_bin-sdk\javafx-sdk-23\lib\javafx.graphics.jar;C:\Users\Lynneth Dela Cerna\Downloads\openjfx-23_windows-x64_bin-sdk\javafx-sdk-23\lib\javafx.media.jar;C:\Users\Lynneth Dela Cerna\Downloads\openjfx-23_windows-x64_bin-sdk\javafx-sdk-23\lib\javafx.swing.jar;C:\Users\Lynneth Dela Cerna\Downloads\openjfx-23_windows-x64_bin-sdk\javafx-sdk-23\lib\javafx.web.jar IDE.JavaFXMainClass

Host: 12th Gen Intel(R) Core(TM) i5-1235U, 12 cores, 7G,  Windows 11 , 64 bit Build 22621 (10.0.22621.4391)
Time: Wed Dec  4 12:52:09 2024 Malay Peninsula Standard Time elapsed time: 0.979739 seconds (0d 0h 0m 0s)

---------------  T H R E A D  ---------------

Current thread (0x000002c0fdbba890):  VMThread "VM Thread"          [id=1184, stack(0x000000cd00100000,0x000000cd00200000) (1024K)]

Stack: [0x000000cd00100000,0x000000cd00200000]
Native frames: (J=compiled Java code, j=interpreted, Vv=VM code, C=native code)
V  [jvm.dll+0x6e08a9]  (no source info available)
V  [jvm.dll+0x87da63]  (no source info available)
V  [jvm.dll+0x87feee]  (no source info available)
V  [jvm.dll+0x8805c3]  (no source info available)
V  [jvm.dll+0x27aee6]  (no source info available)
V  [jvm.dll+0x6dd1b5]  (no source info available)
V  [jvm.dll+0x6d103a]  (no source info available)
V  [jvm.dll+0x35b3ea]  (no source info available)
V  [jvm.dll+0x3637f6]  (no source info available)
V  [jvm.dll+0x34fd5e]  (no source info available)
V  [jvm.dll+0x34fff8]  (no source info available)
V  [jvm.dll+0x3289cc]  (no source info available)
V  [jvm.dll+0x328a5a]  (no source info available)
V  [jvm.dll+0x374c92]  (no source info available)
V  [jvm.dll+0x373392]  (no source info available)
V  [jvm.dll+0x3281a7]  (no source info available)
V  [jvm.dll+0x372e58]  (no source info available)
V  [jvm.dll+0x886500]  (no source info available)
V  [jvm.dll+0x887827]  (no source info available)
V  [jvm.dll+0x887d58]  (no source info available)
V  [jvm.dll+0x887ff3]  (no source info available)
V  [jvm.dll+0x824f1b]  (no source info available)
V  [jvm.dll+0x6df055]  (no source info available)
C  [ucrtbase.dll+0x29333]  (no source info available)
C  [KERNEL32.DLL+0x1259d]  (no source info available)
C  [ntdll.dll+0x5af38]  (no source info available)

VM_Operation (0x000000cd013fc148): G1TryInitiateConcMark, mode: safepoint, requested by thread 0x000002c0fdbecb90


---------------  P R O C E S S  ---------------

Threads class SMR info:
_java_thread_list=0x000002c0d498f680, length=17, elements={
0x000002c0ed95e2a0, 0x000002c0fdbd9330, 0x000002c0fdbda2a0, 0x000002c0fdbdce70,
0x000002c0fdbe4430, 0x000002c0fdbeaac0, 0x000002c0fdbebe70, 0x000002c0fdbe7f00,
0x000002c0fdbe8bc0, 0x000002c0fdbeb150, 0x000002c0d41037a0, 0x000002c0fdbeb7e0,
0x000002c0fdbec500, 0x000002c0fdbe9da0, 0x000002c0fdbecb90, 0x000002c0fdbe9710,
0x000002c0fdbea430
}

Java Threads: ( => current thread )
  0x000002c0ed95e2a0 JavaThread "main"                              [_thread_blocked, id=21608, stack(0x000000cd7fa00000,0x000000cd7fb00000) (1024K)]
  0x000002c0fdbd9330 JavaThread "Reference Handler"          daemon [_thread_blocked, id=13236, stack(0x000000cd00200000,0x000000cd00300000) (1024K)]
  0x000002c0fdbda2a0 JavaThread "Finalizer"                  daemon [_thread_blocked, id=11664, stack(0x000000cd00300000,0x000000cd00400000) (1024K)]
  0x000002c0fdbdce70 JavaThread "Signal Dispatcher"          daemon [_thread_blocked, id=17416, stack(0x000000cd00400000,0x000000cd00500000) (1024K)]
  0x000002c0fdbe4430 JavaThread "Attach Listener"            daemon [_thread_blocked, id=17904, stack(0x000000cd00500000,0x000000cd00600000) (1024K)]
  0x000002c0fdbeaac0 JavaThread "Service Thread"             daemon [_thread_blocked, id=16460, stack(0x000000cd00600000,0x000000cd00700000) (1024K)]
  0x000002c0fdbebe70 JavaThread "Monitor Deflation Thread"   daemon [_thread_blocked, id=5192, stack(0x000000cd00700000,0x000000cd00800000) (1024K)]
  0x000002c0fdbe7f00 JavaThread "C2 CompilerThread0"         daemon [_thread_blocked, id=16616, stack(0x000000cd00800000,0x000000cd00900000) (1024K)]
  0x000002c0fdbe8bc0 JavaThread "C1 CompilerThread0"         daemon [_thread_blocked, id=12972, stack(0x000000cd00900000,0x000000cd00a00000) (1024K)]
  0x000002c0fdbeb150 JavaThread "Common-Cleaner"             daemon [_thread_blocked, id=9760, stack(0x000000cd00a00000,0x000000cd00b00000) (1024K)]
  0x000002c0d41037a0 JavaThread "C2 CompilerThread1"         daemon [_thread_blocked, id=16728, stack(0x000000cd00b00000,0x000000cd00c00000) (1024K)]
  0x000002c0fdbeb7e0 JavaThread "Notification Thread"        daemon [_thread_blocked, id=9588, stack(0x000000cd00c00000,0x000000cd00d00000) (1024K)]
  0x000002c0fdbec500 JavaThread "QuantumRenderer-0"          daemon [_thread_blocked, id=6916, stack(0x000000cd00d00000,0x000000cd00e00000) (1024K)]
  0x000002c0fdbe9da0 JavaThread "InvokeLaterDispatcher"      daemon [_thread_blocked, id=14264, stack(0x000000cd01200000,0x000000cd01300000) (1024K)]
  0x000002c0fdbecb90 JavaThread "JavaFX Application Thread"         [_thread_blocked, id=15428, stack(0x000000cd01300000,0x000000cd01400000) (1024K)]
  0x000002c0fdbe9710 JavaThread "JavaFX-Launcher"                   [_thread_blocked, id=11764, stack(0x000000cd01600000,0x000000cd01700000) (1024K)]
  0x000002c0fdbea430 JavaThread "Thread-2"                   daemon [_thread_blocked, id=5504, stack(0x000000cd01500000,0x000000cd01600000) (1024K)]
Total: 17

Other Threads:
=>0x000002c0fdbba890 VMThread "VM Thread"                           [id=1184, stack(0x000000cd00100000,0x000000cd00200000) (1024K)]
  0x000002c0fdba9850 WatcherThread "VM Periodic Task Thread"        [id=7752, stack(0x000000cd00000000,0x000000cd00100000) (1024K)]
  0x000002c0efcd3aa0 WorkerThread "GC Thread#0"                     [id=14932, stack(0x000000cd7fb00000,0x000000cd7fc00000) (1024K)]
  0x000002c0dd09c740 WorkerThread "GC Thread#1"                     [id=5640, stack(0x000000cd01700000,0x000000cd01800000) (1024K)]
  0x000002c0dd09caf0 WorkerThread "GC Thread#2"                     [id=4208, stack(0x000000cd01800000,0x000000cd01900000) (1024K)]
  0x000002c0dd09cea0 WorkerThread "GC Thread#3"                     [id=16956, stack(0x000000cd01900000,0x000000cd01a00000) (1024K)]
  0x000002c0dd09d250 WorkerThread "GC Thread#4"                     [id=20108, stack(0x000000cd01a00000,0x000000cd01b00000) (1024K)]
  0x000002c0dd09d600 WorkerThread "GC Thread#5"                     [id=19320, stack(0x000000cd01b00000,0x000000cd01c00000) (1024K)]
  0x000002c0dd5aa010 WorkerThread "GC Thread#6"                     [id=21492, stack(0x000000cd01c00000,0x000000cd01d00000) (1024K)]
  0x000002c0dd5a9c60 WorkerThread "GC Thread#7"                     [id=18200, stack(0x000000cd01d00000,0x000000cd01e00000) (1024K)]
  0x000002c0efce8050 ConcurrentGCThread "G1 Main Marker"            [id=18908, stack(0x000000cd7fc00000,0x000000cd7fd00000) (1024K)]
  0x000002c0efce9300 WorkerThread "G1 Conc#0"                       [id=10792, stack(0x000000cd7fd00000,0x000000cd7fe00000) (1024K)]
  0x000002c0dd5aa770 WorkerThread "G1 Conc#1"                       [id=9312, stack(0x000000cd01e00000,0x000000cd01f00000) (1024K)]
  0x000002c0dd5aa3c0 WorkerThread "G1 Conc#2"                       [id=9804, stack(0x000000cd01f00000,0x000000cd02000000) (1024K)]
  0x000002c0efd3ea40 ConcurrentGCThread "G1 Refine#0"               [id=368, stack(0x000000cd7fe00000,0x000000cd7ff00000) (1024K)]
  0x000002c0fda7cb90 ConcurrentGCThread "G1 Service"                [id=15172, stack(0x000000cd7ff00000,0x000000cd80000000) (1024K)]
Total: 16

Threads with active compile tasks:
Total: 0

VM state: at safepoint (normal execution)

VM Mutex/Monitor currently owned by a thread:  ([mutex/lock_event])
[0x00007fff7c193910] Threads_lock - owner thread: 0x000002c0fdbba890
[0x00007fff7c193a10] Heap_lock - owner thread: 0x000002c0fdbecb90

Heap address: 0x0000000085200000, size: 1966 MB, Compressed Oops mode: 32-bit

CDS archive(s) mapped at: [0x000002c08f000000-0x000002c08fd70000-0x000002c08fd70000), size 14090240, SharedBaseAddress: 0x000002c08f000000, ArchiveRelocationMode: 1.
Compressed class space mapped at: 0x000002c090000000-0x000002c0d0000000, reserved size: 1073741824
Narrow klass base: 0x000002c08f000000, Narrow klass shift: 0, Narrow klass range: 0x41000000

GC Precious Log:
 CardTable entry size: 512
 Card Set container configuration: InlinePtr #cards 5 size 8 Array Of Cards #cards 10 size 36 Howl #buckets 4 coarsen threshold 1843 Howl Bitmap #cards 512 size 80 coarsen threshold 460 Card regions per heap region 1 cards per card region 2048
 CPUs: 12 total, 12 available
 Memory: 7863M
 Large Page Support: Disabled
 NUMA Support: Disabled
 Compressed Oops: Enabled (32-bit)
 Heap Region Size: 1M
 Heap Min Capacity: 8M
 Heap Initial Capacity: 124M
 Heap Max Capacity: 1966M
 Pre-touch: Disabled
 Parallel Workers: 10
 Concurrent Workers: 3
 Concurrent Refinement Workers: 10
 Periodic GC: Disabled

Heap:
 garbage-first heap   total reserved 2013184K, committed 285696K, used 174608K [0x0000000085200000, 0x0000000100000000)
  region size 1024K, 3 young (3072K), 3 survivors (3072K)
 Metaspace       used 7485K, committed 7744K, reserved 1114112K
  class space    used 919K, committed 1024K, reserved 1048576K

Heap Regions: E=young(eden), S=young(survivor), O=old, HS=humongous(starts), HC=humongous(continues), CS=collection set, F=free, TAMS=top-at-mark-start, PB=parsable bottom
|   0|0x0000000085200000, 0x0000000085300000, 0x0000000085300000|100%| O|  |TAMS 0x0000000085300000| PB 0x0000000085200000| Untracked |  0
|   1|0x0000000085300000, 0x0000000085400000, 0x0000000085400000|100%|HS|  |TAMS 0x0000000085400000| PB 0x0000000085300000| Complete |  0
|   2|0x0000000085400000, 0x0000000085500000, 0x0000000085500000|100%|HC|  |TAMS 0x0000000085500000| PB 0x0000000085400000| Complete |  0
|   3|0x0000000085500000, 0x0000000085600000, 0x0000000085600000|100%|HC|  |TAMS 0x0000000085600000| PB 0x0000000085500000| Complete |  0
|   4|0x0000000085600000, 0x0000000085700000, 0x0000000085700000|100%|HC|  |TAMS 0x0000000085700000| PB 0x0000000085600000| Complete |  0
|   5|0x0000000085700000, 0x0000000085800000, 0x0000000085800000|100%|HC|  |TAMS 0x0000000085800000| PB 0x0000000085700000| Complete |  0
|   6|0x0000000085800000, 0x0000000085800000, 0x0000000085900000|  0%| F|  |TAMS 0x0000000085800000| PB 0x0000000085800000| Untracked |  0
|   7|0x0000000085900000, 0x0000000085900000, 0x0000000085a00000|  0%| F|  |TAMS 0x0000000085900000| PB 0x0000000085900000| Untracked |  0
|   8|0x0000000085a00000, 0x0000000085b00000, 0x0000000085b00000|100%|HS|  |TAMS 0x0000000085b00000| PB 0x0000000085a00000| Complete |  0
|   9|0x0000000085b00000, 0x0000000085c00000, 0x0000000085c00000|100%|HC|  |TAMS 0x0000000085c00000| PB 0x0000000085b00000| Complete |  0
|  10|0x0000000085c00000, 0x0000000085d00000, 0x0000000085d00000|100%|HC|  |TAMS 0x0000000085d00000| PB 0x0000000085c00000| Complete |  0
|  11|0x0000000085d00000, 0x0000000085e00000, 0x0000000085e00000|100%|HC|  |TAMS 0x0000000085e00000| PB 0x0000000085d00000| Complete |  0
|  12|0x0000000085e00000, 0x0000000085f00000, 0x0000000085f00000|100%|HC|  |TAMS 0x0000000085f00000| PB 0x0000000085e00000| Complete |  0
|  13|0x0000000085f00000, 0x0000000086000000, 0x0000000086000000|100%|HS|  |TAMS 0x0000000086000000| PB 0x0000000085f00000| Complete |  0
|  14|0x0000000086000000, 0x0000000086100000, 0x0000000086100000|100%|HC|  |TAMS 0x0000000086100000| PB 0x0000000086000000| Complete |  0
|  15|0x0000000086100000, 0x0000000086200000, 0x0000000086200000|100%|HC|  |TAMS 0x0000000086200000| PB 0x0000000086100000| Complete |  0
|  16|0x0000000086200000, 0x0000000086300000, 0x0000000086300000|100%|HC|  |TAMS 0x0000000086300000| PB 0x0000000086200000| Complete |  0
|  17|0x0000000086300000, 0x0000000086400000, 0x0000000086400000|100%|HC|  |TAMS 0x0000000086400000| PB 0x0000000086300000| Complete |  0
|  18|0x0000000086400000, 0x0000000086500000, 0x0000000086500000|100%|HS|  |TAMS 0x0000000086500000| PB 0x0000000086400000| Complete |  0
|  19|0x0000000086500000, 0x0000000086600000, 0x0000000086600000|100%|HC|  |TAMS 0x0000000086600000| PB 0x0000000086500000| Complete |  0
|  20|0x0000000086600000, 0x0000000086700000, 0x0000000086700000|100%|HC|  |TAMS 0x0000000086700000| PB 0x0000000086600000| Complete |  0
|  21|0x0000000086700000, 0x0000000086800000, 0x0000000086800000|100%|HC|  |TAMS 0x0000000086800000| PB 0x0000000086700000| Complete |  0
|  22|0x0000000086800000, 0x0000000086900000, 0x0000000086900000|100%|HC|  |TAMS 0x0000000086900000| PB 0x0000000086800000| Complete |  0
|  23|0x0000000086900000, 0x0000000086a00000, 0x0000000086a00000|100%|HS|  |TAMS 0x0000000086a00000| PB 0x0000000086900000| Complete |  0
|  24|0x0000000086a00000, 0x0000000086b00000, 0x0000000086b00000|100%|HC|  |TAMS 0x0000000086b00000| PB 0x0000000086a00000| Complete |  0
|  25|0x0000000086b00000, 0x0000000086c00000, 0x0000000086c00000|100%|HC|  |TAMS 0x0000000086c00000| PB 0x0000000086b00000| Complete |  0
|  26|0x0000000086c00000, 0x0000000086d00000, 0x0000000086d00000|100%|HC|  |TAMS 0x0000000086d00000| PB 0x0000000086c00000| Complete |  0
|  27|0x0000000086d00000, 0x0000000086e00000, 0x0000000086e00000|100%|HC|  |TAMS 0x0000000086e00000| PB 0x0000000086d00000| Complete |  0
|  28|0x0000000086e00000, 0x0000000086f00000, 0x0000000086f00000|100%|HS|  |TAMS 0x0000000086f00000| PB 0x0000000086e00000| Complete |  0
|  29|0x0000000086f00000, 0x0000000087000000, 0x0000000087000000|100%|HC|  |TAMS 0x0000000087000000| PB 0x0000000086f00000| Complete |  0
|  30|0x0000000087000000, 0x0000000087100000, 0x0000000087100000|100%|HC|  |TAMS 0x0000000087100000| PB 0x0000000087000000| Complete |  0
|  31|0x0000000087100000, 0x0000000087200000, 0x0000000087200000|100%|HC|  |TAMS 0x0000000087200000| PB 0x0000000087100000| Complete |  0
|  32|0x0000000087200000, 0x0000000087300000, 0x0000000087300000|100%|HC|  |TAMS 0x0000000087300000| PB 0x0000000087200000| Complete |  0
|  33|0x0000000087300000, 0x0000000087400000, 0x0000000087400000|100%|HS|  |TAMS 0x0000000087400000| PB 0x0000000087300000| Complete |  0
|  34|0x0000000087400000, 0x0000000087500000, 0x0000000087500000|100%|HC|  |TAMS 0x0000000087500000| PB 0x0000000087400000| Complete |  0
|  35|0x0000000087500000, 0x0000000087600000, 0x0000000087600000|100%|HC|  |TAMS 0x0000000087600000| PB 0x0000000087500000| Complete |  0
|  36|0x0000000087600000, 0x0000000087700000, 0x0000000087700000|100%|HC|  |TAMS 0x0000000087700000| PB 0x0000000087600000| Complete |  0
|  37|0x0000000087700000, 0x0000000087800000, 0x0000000087800000|100%|HC|  |TAMS 0x0000000087800000| PB 0x0000000087700000| Complete |  0
|  38|0x0000000087800000, 0x0000000087900000, 0x0000000087900000|100%|HS|  |TAMS 0x0000000087900000| PB 0x0000000087800000| Complete |  0
|  39|0x0000000087900000, 0x0000000087a00000, 0x0000000087a00000|100%|HC|  |TAMS 0x0000000087a00000| PB 0x0000000087900000| Complete |  0
|  40|0x0000000087a00000, 0x0000000087b00000, 0x0000000087b00000|100%|HC|  |TAMS 0x0000000087b00000| PB 0x0000000087a00000| Complete |  0
|  41|0x0000000087b00000, 0x0000000087c00000, 0x0000000087c00000|100%|HC|  |TAMS 0x0000000087c00000| PB 0x0000000087b00000| Complete |  0
|  42|0x0000000087c00000, 0x0000000087d00000, 0x0000000087d00000|100%|HC|  |TAMS 0x0000000087d00000| PB 0x0000000087c00000| Complete |  0
|  43|0x0000000087d00000, 0x0000000087e00000, 0x0000000087e00000|100%|HS|  |TAMS 0x0000000087e00000| PB 0x0000000087d00000| Complete |  0
|  44|0x0000000087e00000, 0x0000000087f00000, 0x0000000087f00000|100%|HC|  |TAMS 0x0000000087f00000| PB 0x0000000087e00000| Complete |  0
|  45|0x0000000087f00000, 0x0000000088000000, 0x0000000088000000|100%|HC|  |TAMS 0x0000000088000000| PB 0x0000000087f00000| Complete |  0
|  46|0x0000000088000000, 0x0000000088100000, 0x0000000088100000|100%|HC|  |TAMS 0x0000000088100000| PB 0x0000000088000000| Complete |  0
|  47|0x0000000088100000, 0x0000000088200000, 0x0000000088200000|100%|HC|  |TAMS 0x0000000088200000| PB 0x0000000088100000| Complete |  0
|  48|0x0000000088200000, 0x0000000088300000, 0x0000000088300000|100%|HS|  |TAMS 0x0000000088300000| PB 0x0000000088200000| Complete |  0
|  49|0x0000000088300000, 0x0000000088400000, 0x0000000088400000|100%|HC|  |TAMS 0x0000000088400000| PB 0x0000000088300000| Complete |  0
|  50|0x0000000088400000, 0x0000000088500000, 0x0000000088500000|100%|HC|  |TAMS 0x0000000088500000| PB 0x0000000088400000| Complete |  0
|  51|0x0000000088500000, 0x0000000088600000, 0x0000000088600000|100%|HC|  |TAMS 0x0000000088600000| PB 0x0000000088500000| Complete |  0
|  52|0x0000000088600000, 0x0000000088700000, 0x0000000088700000|100%|HC|  |TAMS 0x0000000088700000| PB 0x0000000088600000| Complete |  0
|  53|0x0000000088700000, 0x0000000088800000, 0x0000000088800000|100%| O|  |TAMS 0x0000000088800000| PB 0x0000000088700000| Untracked |  0
|  54|0x0000000088800000, 0x0000000088900000, 0x0000000088900000|100%| O|  |TAMS 0x0000000088900000| PB 0x0000000088800000| Untracked |  0
|  55|0x0000000088900000, 0x0000000088917200, 0x0000000088a00000|  9%| O|  |TAMS 0x0000000088917200| PB 0x0000000088900000| Untracked |  0
|  56|0x0000000088a00000, 0x0000000088b00000, 0x0000000088b00000|100%|HS|  |TAMS 0x0000000088b00000| PB 0x0000000088a00000| Complete |  0
|  57|0x0000000088b00000, 0x0000000088c00000, 0x0000000088c00000|100%|HC|  |TAMS 0x0000000088c00000| PB 0x0000000088b00000| Complete |  0
|  58|0x0000000088c00000, 0x0000000088d00000, 0x0000000088d00000|100%|HC|  |TAMS 0x0000000088d00000| PB 0x0000000088c00000| Complete |  0
|  59|0x0000000088d00000, 0x0000000088e00000, 0x0000000088e00000|100%|HC|  |TAMS 0x0000000088e00000| PB 0x0000000088d00000| Complete |  0
|  60|0x0000000088e00000, 0x0000000088f00000, 0x0000000088f00000|100%|HC|  |TAMS 0x0000000088f00000| PB 0x0000000088e00000| Complete |  0
|  61|0x0000000088f00000, 0x0000000089000000, 0x0000000089000000|100%|HS|  |TAMS 0x0000000089000000| PB 0x0000000088f00000| Complete |  0
|  62|0x0000000089000000, 0x0000000089100000, 0x0000000089100000|100%|HC|  |TAMS 0x0000000089100000| PB 0x0000000089000000| Complete |  0
|  63|0x0000000089100000, 0x0000000089200000, 0x0000000089200000|100%|HC|  |TAMS 0x0000000089200000| PB 0x0000000089100000| Complete |  0
|  64|0x0000000089200000, 0x0000000089300000, 0x0000000089300000|100%|HC|  |TAMS 0x0000000089300000| PB 0x0000000089200000| Complete |  0
|  65|0x0000000089300000, 0x0000000089400000, 0x0000000089400000|100%|HC|  |TAMS 0x0000000089400000| PB 0x0000000089300000| Complete |  0
|  66|0x0000000089400000, 0x0000000089500000, 0x0000000089500000|100%|HS|  |TAMS 0x0000000089500000| PB 0x0000000089400000| Complete |  0
|  67|0x0000000089500000, 0x0000000089600000, 0x0000000089600000|100%|HC|  |TAMS 0x0000000089600000| PB 0x0000000089500000| Complete |  0
|  68|0x0000000089600000, 0x0000000089700000, 0x0000000089700000|100%|HC|  |TAMS 0x0000000089700000| PB 0x0000000089600000| Complete |  0
|  69|0x0000000089700000, 0x0000000089800000, 0x0000000089800000|100%|HC|  |TAMS 0x0000000089800000| PB 0x0000000089700000| Complete |  0
|  70|0x0000000089800000, 0x0000000089900000, 0x0000000089900000|100%|HC|  |TAMS 0x0000000089900000| PB 0x0000000089800000| Complete |  0
|  71|0x0000000089900000, 0x0000000089a00000, 0x0000000089a00000|100%|HS|  |TAMS 0x0000000089a00000| PB 0x0000000089900000| Complete |  0
|  72|0x0000000089a00000, 0x0000000089b00000, 0x0000000089b00000|100%|HC|  |TAMS 0x0000000089b00000| PB 0x0000000089a00000| Complete |  0
|  73|0x0000000089b00000, 0x0000000089c00000, 0x0000000089c00000|100%|HC|  |TAMS 0x0000000089c00000| PB 0x0000000089b00000| Complete |  0
|  74|0x0000000089c00000, 0x0000000089d00000, 0x0000000089d00000|100%|HC|  |TAMS 0x0000000089d00000| PB 0x0000000089c00000| Complete |  0
|  75|0x0000000089d00000, 0x0000000089e00000, 0x0000000089e00000|100%|HC|  |TAMS 0x0000000089e00000| PB 0x0000000089d00000| Complete |  0
|  76|0x0000000089e00000, 0x0000000089f00000, 0x0000000089f00000|100%|HS|  |TAMS 0x0000000089f00000| PB 0x0000000089e00000| Complete |  0
|  77|0x0000000089f00000, 0x000000008a000000, 0x000000008a000000|100%|HC|  |TAMS 0x000000008a000000| PB 0x0000000089f00000| Complete |  0
|  78|0x000000008a000000, 0x000000008a100000, 0x000000008a100000|100%|HC|  |TAMS 0x000000008a100000| PB 0x000000008a000000| Complete |  0
|  79|0x000000008a100000, 0x000000008a200000, 0x000000008a200000|100%|HC|  |TAMS 0x000000008a200000| PB 0x000000008a100000| Complete |  0
|  80|0x000000008a200000, 0x000000008a300000, 0x000000008a300000|100%|HC|  |TAMS 0x000000008a300000| PB 0x000000008a200000| Complete |  0
|  81|0x000000008a300000, 0x000000008a400000, 0x000000008a400000|100%|HS|  |TAMS 0x000000008a400000| PB 0x000000008a300000| Complete |  0
|  82|0x000000008a400000, 0x000000008a500000, 0x000000008a500000|100%|HC|  |TAMS 0x000000008a500000| PB 0x000000008a400000| Complete |  0
|  83|0x000000008a500000, 0x000000008a600000, 0x000000008a600000|100%|HC|  |TAMS 0x000000008a600000| PB 0x000000008a500000| Complete |  0
|  84|0x000000008a600000, 0x000000008a700000, 0x000000008a700000|100%|HC|  |TAMS 0x000000008a700000| PB 0x000000008a600000| Complete |  0
|  85|0x000000008a700000, 0x000000008a800000, 0x000000008a800000|100%|HC|  |TAMS 0x000000008a800000| PB 0x000000008a700000| Complete |  0
|  86|0x000000008a800000, 0x000000008a900000, 0x000000008a900000|100%|HS|  |TAMS 0x000000008a900000| PB 0x000000008a800000| Complete |  0
|  87|0x000000008a900000, 0x000000008aa00000, 0x000000008aa00000|100%|HC|  |TAMS 0x000000008aa00000| PB 0x000000008a900000| Complete |  0
|  88|0x000000008aa00000, 0x000000008ab00000, 0x000000008ab00000|100%|HC|  |TAMS 0x000000008ab00000| PB 0x000000008aa00000| Complete |  0
|  89|0x000000008ab00000, 0x000000008ac00000, 0x000000008ac00000|100%|HC|  |TAMS 0x000000008ac00000| PB 0x000000008ab00000| Complete |  0
|  90|0x000000008ac00000, 0x000000008ad00000, 0x000000008ad00000|100%|HC|  |TAMS 0x000000008ad00000| PB 0x000000008ac00000| Complete |  0
|  91|0x000000008ad00000, 0x000000008ae00000, 0x000000008ae00000|100%|HS|  |TAMS 0x000000008ae00000| PB 0x000000008ad00000| Complete |  0
|  92|0x000000008ae00000, 0x000000008af00000, 0x000000008af00000|100%|HC|  |TAMS 0x000000008af00000| PB 0x000000008ae00000| Complete |  0
|  93|0x000000008af00000, 0x000000008b000000, 0x000000008b000000|100%|HC|  |TAMS 0x000000008b000000| PB 0x000000008af00000| Complete |  0
|  94|0x000000008b000000, 0x000000008b100000, 0x000000008b100000|100%|HC|  |TAMS 0x000000008b100000| PB 0x000000008b000000| Complete |  0
|  95|0x000000008b100000, 0x000000008b200000, 0x000000008b200000|100%|HC|  |TAMS 0x000000008b200000| PB 0x000000008b100000| Complete |  0
|  96|0x000000008b200000, 0x000000008b300000, 0x000000008b300000|100%|HS|  |TAMS 0x000000008b300000| PB 0x000000008b200000| Complete |  0
|  97|0x000000008b300000, 0x000000008b400000, 0x000000008b400000|100%|HC|  |TAMS 0x000000008b400000| PB 0x000000008b300000| Complete |  0
|  98|0x000000008b400000, 0x000000008b500000, 0x000000008b500000|100%|HC|  |TAMS 0x000000008b500000| PB 0x000000008b400000| Complete |  0
|  99|0x000000008b500000, 0x000000008b600000, 0x000000008b600000|100%|HC|  |TAMS 0x000000008b600000| PB 0x000000008b500000| Complete |  0
| 100|0x000000008b600000, 0x000000008b700000, 0x000000008b700000|100%|HC|  |TAMS 0x000000008b700000| PB 0x000000008b600000| Complete |  0
| 101|0x000000008b700000, 0x000000008b800000, 0x000000008b800000|100%|HS|  |TAMS 0x000000008b800000| PB 0x000000008b700000| Complete |  0
| 102|0x000000008b800000, 0x000000008b900000, 0x000000008b900000|100%|HC|  |TAMS 0x000000008b900000| PB 0x000000008b800000| Complete |  0
| 103|0x000000008b900000, 0x000000008ba00000, 0x000000008ba00000|100%|HC|  |TAMS 0x000000008ba00000| PB 0x000000008b900000| Complete |  0
| 104|0x000000008ba00000, 0x000000008bb00000, 0x000000008bb00000|100%|HC|  |TAMS 0x000000008bb00000| PB 0x000000008ba00000| Complete |  0
| 105|0x000000008bb00000, 0x000000008bc00000, 0x000000008bc00000|100%|HC|  |TAMS 0x000000008bc00000| PB 0x000000008bb00000| Complete |  0
| 106|0x000000008bc00000, 0x000000008bd00000, 0x000000008bd00000|100%|HS|  |TAMS 0x000000008bd00000| PB 0x000000008bc00000| Complete |  0
| 107|0x000000008bd00000, 0x000000008be00000, 0x000000008be00000|100%|HC|  |TAMS 0x000000008be00000| PB 0x000000008bd00000| Complete |  0
| 108|0x000000008be00000, 0x000000008bf00000, 0x000000008bf00000|100%|HC|  |TAMS 0x000000008bf00000| PB 0x000000008be00000| Complete |  0
| 109|0x000000008bf00000, 0x000000008c000000, 0x000000008c000000|100%|HC|  |TAMS 0x000000008c000000| PB 0x000000008bf00000| Complete |  0
| 110|0x000000008c000000, 0x000000008c100000, 0x000000008c100000|100%|HC|  |TAMS 0x000000008c100000| PB 0x000000008c000000| Complete |  0
| 111|0x000000008c100000, 0x000000008c200000, 0x000000008c200000|100%|HS|  |TAMS 0x000000008c200000| PB 0x000000008c100000| Complete |  0
| 112|0x000000008c200000, 0x000000008c300000, 0x000000008c300000|100%|HC|  |TAMS 0x000000008c300000| PB 0x000000008c200000| Complete |  0
| 113|0x000000008c300000, 0x000000008c400000, 0x000000008c400000|100%|HC|  |TAMS 0x000000008c400000| PB 0x000000008c300000| Complete |  0
| 114|0x000000008c400000, 0x000000008c500000, 0x000000008c500000|100%|HC|  |TAMS 0x000000008c500000| PB 0x000000008c400000| Complete |  0
| 115|0x000000008c500000, 0x000000008c600000, 0x000000008c600000|100%|HC|  |TAMS 0x000000008c600000| PB 0x000000008c500000| Complete |  0
| 116|0x000000008c600000, 0x000000008c700000, 0x000000008c700000|100%|HS|  |TAMS 0x000000008c700000| PB 0x000000008c600000| Complete |  0
| 117|0x000000008c700000, 0x000000008c800000, 0x000000008c800000|100%|HC|  |TAMS 0x000000008c800000| PB 0x000000008c700000| Complete |  0
| 118|0x000000008c800000, 0x000000008c900000, 0x000000008c900000|100%|HC|  |TAMS 0x000000008c900000| PB 0x000000008c800000| Complete |  0
| 119|0x000000008c900000, 0x000000008ca00000, 0x000000008ca00000|100%|HC|  |TAMS 0x000000008ca00000| PB 0x000000008c900000| Complete |  0
| 120|0x000000008ca00000, 0x000000008cb00000, 0x000000008cb00000|100%|HC|  |TAMS 0x000000008cb00000| PB 0x000000008ca00000| Complete |  0
| 121|0x000000008cb00000, 0x000000008cc00000, 0x000000008cc00000|100%|HS|  |TAMS 0x000000008cc00000| PB 0x000000008cb00000| Complete |  0
| 122|0x000000008cc00000, 0x000000008cd00000, 0x000000008cd00000|100%|HC|  |TAMS 0x000000008cd00000| PB 0x000000008cc00000| Complete |  0
| 123|0x000000008cd00000, 0x000000008ce00000, 0x000000008ce00000|100%|HC|  |TAMS 0x000000008ce00000| PB 0x000000008cd00000| Complete |  0
| 124|0x000000008ce00000, 0x000000008cf00000, 0x000000008cf00000|100%|HC|  |TAMS 0x000000008cf00000| PB 0x000000008ce00000| Complete |  0
| 125|0x000000008cf00000, 0x000000008d000000, 0x000000008d000000|100%|HC|  |TAMS 0x000000008d000000| PB 0x000000008cf00000| Complete |  0
| 126|0x000000008d000000, 0x000000008d100000, 0x000000008d100000|100%|HS|  |TAMS 0x000000008d100000| PB 0x000000008d000000| Complete |  0
| 127|0x000000008d100000, 0x000000008d200000, 0x000000008d200000|100%|HC|  |TAMS 0x000000008d200000| PB 0x000000008d100000| Complete |  0
| 128|0x000000008d200000, 0x000000008d300000, 0x000000008d300000|100%|HC|  |TAMS 0x000000008d300000| PB 0x000000008d200000| Complete |  0
| 129|0x000000008d300000, 0x000000008d400000, 0x000000008d400000|100%|HC|  |TAMS 0x000000008d400000| PB 0x000000008d300000| Complete |  0
| 130|0x000000008d400000, 0x000000008d500000, 0x000000008d500000|100%|HC|  |TAMS 0x000000008d500000| PB 0x000000008d400000| Complete |  0
| 131|0x000000008d500000, 0x000000008d600000, 0x000000008d600000|100%|HS|  |TAMS 0x000000008d600000| PB 0x000000008d500000| Complete |  0
| 132|0x000000008d600000, 0x000000008d700000, 0x000000008d700000|100%|HC|  |TAMS 0x000000008d700000| PB 0x000000008d600000| Complete |  0
| 133|0x000000008d700000, 0x000000008d800000, 0x000000008d800000|100%|HC|  |TAMS 0x000000008d800000| PB 0x000000008d700000| Complete |  0
| 134|0x000000008d800000, 0x000000008d900000, 0x000000008d900000|100%|HC|  |TAMS 0x000000008d900000| PB 0x000000008d800000| Complete |  0
| 135|0x000000008d900000, 0x000000008da00000, 0x000000008da00000|100%|HC|  |TAMS 0x000000008da00000| PB 0x000000008d900000| Complete |  0
| 136|0x000000008da00000, 0x000000008db00000, 0x000000008db00000|100%|HS|  |TAMS 0x000000008db00000| PB 0x000000008da00000| Complete |  0
| 137|0x000000008db00000, 0x000000008dc00000, 0x000000008dc00000|100%|HC|  |TAMS 0x000000008dc00000| PB 0x000000008db00000| Complete |  0
| 138|0x000000008dc00000, 0x000000008dd00000, 0x000000008dd00000|100%|HC|  |TAMS 0x000000008dd00000| PB 0x000000008dc00000| Complete |  0
| 139|0x000000008dd00000, 0x000000008de00000, 0x000000008de00000|100%|HC|  |TAMS 0x000000008de00000| PB 0x000000008dd00000| Complete |  0
| 140|0x000000008de00000, 0x000000008df00000, 0x000000008df00000|100%|HC|  |TAMS 0x000000008df00000| PB 0x000000008de00000| Complete |  0
| 141|0x000000008df00000, 0x000000008e000000, 0x000000008e000000|100%|HS|  |TAMS 0x000000008e000000| PB 0x000000008df00000| Complete |  0
| 142|0x000000008e000000, 0x000000008e100000, 0x000000008e100000|100%|HC|  |TAMS 0x000000008e100000| PB 0x000000008e000000| Complete |  0
| 143|0x000000008e100000, 0x000000008e200000, 0x000000008e200000|100%|HC|  |TAMS 0x000000008e200000| PB 0x000000008e100000| Complete |  0
| 144|0x000000008e200000, 0x000000008e300000, 0x000000008e300000|100%|HC|  |TAMS 0x000000008e300000| PB 0x000000008e200000| Complete |  0
| 145|0x000000008e300000, 0x000000008e400000, 0x000000008e400000|100%|HC|  |TAMS 0x000000008e400000| PB 0x000000008e300000| Complete |  0
| 146|0x000000008e400000, 0x000000008e500000, 0x000000008e500000|100%|HS|  |TAMS 0x000000008e500000| PB 0x000000008e400000| Complete |  0
| 147|0x000000008e500000, 0x000000008e600000, 0x000000008e600000|100%|HC|  |TAMS 0x000000008e600000| PB 0x000000008e500000| Complete |  0
| 148|0x000000008e600000, 0x000000008e700000, 0x000000008e700000|100%|HC|  |TAMS 0x000000008e700000| PB 0x000000008e600000| Complete |  0
| 149|0x000000008e700000, 0x000000008e800000, 0x000000008e800000|100%|HC|  |TAMS 0x000000008e800000| PB 0x000000008e700000| Complete |  0
| 150|0x000000008e800000, 0x000000008e900000, 0x000000008e900000|100%|HC|  |TAMS 0x000000008e900000| PB 0x000000008e800000| Complete |  0
| 151|0x000000008e900000, 0x000000008ea00000, 0x000000008ea00000|100%|HS|  |TAMS 0x000000008ea00000| PB 0x000000008e900000| Complete |  0
| 152|0x000000008ea00000, 0x000000008eb00000, 0x000000008eb00000|100%|HC|  |TAMS 0x000000008eb00000| PB 0x000000008ea00000| Complete |  0
| 153|0x000000008eb00000, 0x000000008ec00000, 0x000000008ec00000|100%|HC|  |TAMS 0x000000008ec00000| PB 0x000000008eb00000| Complete |  0
| 154|0x000000008ec00000, 0x000000008ed00000, 0x000000008ed00000|100%|HC|  |TAMS 0x000000008ed00000| PB 0x000000008ec00000| Complete |  0
| 155|0x000000008ed00000, 0x000000008ee00000, 0x000000008ee00000|100%|HC|  |TAMS 0x000000008ee00000| PB 0x000000008ed00000| Complete |  0
| 156|0x000000008ee00000, 0x000000008ef00000, 0x000000008ef00000|100%|HS|  |TAMS 0x000000008ef00000| PB 0x000000008ee00000| Complete |  0
| 157|0x000000008ef00000, 0x000000008f000000, 0x000000008f000000|100%|HC|  |TAMS 0x000000008f000000| PB 0x000000008ef00000| Complete |  0
| 158|0x000000008f000000, 0x000000008f100000, 0x000000008f100000|100%|HC|  |TAMS 0x000000008f100000| PB 0x000000008f000000| Complete |  0
| 159|0x000000008f100000, 0x000000008f200000, 0x000000008f200000|100%|HC|  |TAMS 0x000000008f200000| PB 0x000000008f100000| Complete |  0
| 160|0x000000008f200000, 0x000000008f300000, 0x000000008f300000|100%|HC|  |TAMS 0x000000008f300000| PB 0x000000008f200000| Complete |  0
| 161|0x000000008f300000, 0x000000008f400000, 0x000000008f400000|100%|HS|  |TAMS 0x000000008f400000| PB 0x000000008f300000| Complete |  0
| 162|0x000000008f400000, 0x000000008f500000, 0x000000008f500000|100%|HC|  |TAMS 0x000000008f500000| PB 0x000000008f400000| Complete |  0
| 163|0x000000008f500000, 0x000000008f600000, 0x000000008f600000|100%|HC|  |TAMS 0x000000008f600000| PB 0x000000008f500000| Complete |  0
| 164|0x000000008f600000, 0x000000008f700000, 0x000000008f700000|100%|HC|  |TAMS 0x000000008f700000| PB 0x000000008f600000| Complete |  0
| 165|0x000000008f700000, 0x000000008f800000, 0x000000008f800000|100%|HC|  |TAMS 0x000000008f800000| PB 0x000000008f700000| Complete |  0
| 166|0x000000008f800000, 0x000000008f900000, 0x000000008f900000|100%|HS|  |TAMS 0x000000008f900000| PB 0x000000008f800000| Complete |  0
| 167|0x000000008f900000, 0x000000008fa00000, 0x000000008fa00000|100%|HC|  |TAMS 0x000000008fa00000| PB 0x000000008f900000| Complete |  0
| 168|0x000000008fa00000, 0x000000008fb00000, 0x000000008fb00000|100%|HC|  |TAMS 0x000000008fb00000| PB 0x000000008fa00000| Complete |  0
| 169|0x000000008fb00000, 0x000000008fc00000, 0x000000008fc00000|100%|HC|  |TAMS 0x000000008fc00000| PB 0x000000008fb00000| Complete |  0
| 170|0x000000008fc00000, 0x000000008fd00000, 0x000000008fd00000|100%|HC|  |TAMS 0x000000008fd00000| PB 0x000000008fc00000| Complete |  0
| 171|0x000000008fd00000, 0x000000008fd00000, 0x000000008fe00000|  0%| F|  |TAMS 0x000000008fd00000| PB 0x000000008fd00000| Untracked |  0
| 172|0x000000008fe00000, 0x000000008fe00000, 0x000000008ff00000|  0%| F|  |TAMS 0x000000008fe00000| PB 0x000000008fe00000| Untracked |  0
| 173|0x000000008ff00000, 0x000000008ff00000, 0x0000000090000000|  0%| F|  |TAMS 0x000000008ff00000| PB 0x000000008ff00000| Untracked |  0
| 174|0x0000000090000000, 0x0000000090000000, 0x0000000090100000|  0%| F|  |TAMS 0x0000000090000000| PB 0x0000000090000000| Untracked |  0
| 175|0x0000000090100000, 0x0000000090100000, 0x0000000090200000|  0%| F|  |TAMS 0x0000000090100000| PB 0x0000000090100000| Untracked |  0
| 176|0x0000000090200000, 0x0000000090200000, 0x0000000090300000|  0%| F|  |TAMS 0x0000000090200000| PB 0x0000000090200000| Untracked |  0
| 177|0x0000000090300000, 0x0000000090300000, 0x0000000090400000|  0%| F|  |TAMS 0x0000000090300000| PB 0x0000000090300000| Untracked |  0
| 178|0x0000000090400000, 0x0000000090400000, 0x0000000090500000|  0%| F|  |TAMS 0x0000000090400000| PB 0x0000000090400000| Untracked |  0
| 179|0x0000000090500000, 0x0000000090500000, 0x0000000090600000|  0%| F|  |TAMS 0x0000000090500000| PB 0x0000000090500000| Untracked |  0
| 180|0x0000000090600000, 0x0000000090600000, 0x0000000090700000|  0%| F|  |TAMS 0x0000000090600000| PB 0x0000000090600000| Untracked |  0
| 181|0x0000000090700000, 0x0000000090700000, 0x0000000090800000|  0%| F|  |TAMS 0x0000000090700000| PB 0x0000000090700000| Untracked |  0
| 182|0x0000000090800000, 0x0000000090800000, 0x0000000090900000|  0%| F|  |TAMS 0x0000000090800000| PB 0x0000000090800000| Untracked |  0
| 183|0x0000000090900000, 0x0000000090900000, 0x0000000090a00000|  0%| F|  |TAMS 0x0000000090900000| PB 0x0000000090900000| Untracked |  0
| 184|0x0000000090a00000, 0x0000000090a00000, 0x0000000090b00000|  0%| F|  |TAMS 0x0000000090a00000| PB 0x0000000090a00000| Untracked |  0
| 185|0x0000000090b00000, 0x0000000090b00000, 0x0000000090c00000|  0%| F|  |TAMS 0x0000000090b00000| PB 0x0000000090b00000| Untracked |  0
| 186|0x0000000090c00000, 0x0000000090c00000, 0x0000000090d00000|  0%| F|  |TAMS 0x0000000090c00000| PB 0x0000000090c00000| Untracked |  0
| 187|0x0000000090d00000, 0x0000000090d00000, 0x0000000090e00000|  0%| F|  |TAMS 0x0000000090d00000| PB 0x0000000090d00000| Untracked |  0
| 188|0x0000000090e00000, 0x0000000090e00000, 0x0000000090f00000|  0%| F|  |TAMS 0x0000000090e00000| PB 0x0000000090e00000| Untracked |  0
| 189|0x0000000090f00000, 0x0000000090f00000, 0x0000000091000000|  0%| F|  |TAMS 0x0000000090f00000| PB 0x0000000090f00000| Untracked |  0
| 190|0x0000000091000000, 0x0000000091000000, 0x0000000091100000|  0%| F|  |TAMS 0x0000000091000000| PB 0x0000000091000000| Untracked |  0
| 191|0x0000000091100000, 0x0000000091100000, 0x0000000091200000|  0%| F|  |TAMS 0x0000000091100000| PB 0x0000000091100000| Untracked |  0
| 192|0x0000000091200000, 0x0000000091200000, 0x0000000091300000|  0%| F|  |TAMS 0x0000000091200000| PB 0x0000000091200000| Untracked |  0
| 193|0x0000000091300000, 0x0000000091300000, 0x0000000091400000|  0%| F|  |TAMS 0x0000000091300000| PB 0x0000000091300000| Untracked |  0
| 194|0x0000000091400000, 0x0000000091400000, 0x0000000091500000|  0%| F|  |TAMS 0x0000000091400000| PB 0x0000000091400000| Untracked |  0
| 195|0x0000000091500000, 0x0000000091500000, 0x0000000091600000|  0%| F|  |TAMS 0x0000000091500000| PB 0x0000000091500000| Untracked |  0
| 196|0x0000000091600000, 0x0000000091600000, 0x0000000091700000|  0%| F|  |TAMS 0x0000000091600000| PB 0x0000000091600000| Untracked |  0
| 197|0x0000000091700000, 0x0000000091700000, 0x0000000091800000|  0%| F|  |TAMS 0x0000000091700000| PB 0x0000000091700000| Untracked |  0
| 198|0x0000000091800000, 0x0000000091800000, 0x0000000091900000|  0%| F|  |TAMS 0x0000000091800000| PB 0x0000000091800000| Untracked |  0
| 199|0x0000000091900000, 0x0000000091900000, 0x0000000091a00000|  0%| F|  |TAMS 0x0000000091900000| PB 0x0000000091900000| Untracked |  0
| 200|0x0000000091a00000, 0x0000000091a00000, 0x0000000091b00000|  0%| F|  |TAMS 0x0000000091a00000| PB 0x0000000091a00000| Untracked |  0
| 201|0x0000000091b00000, 0x0000000091b00000, 0x0000000091c00000|  0%| F|  |TAMS 0x0000000091b00000| PB 0x0000000091b00000| Untracked |  0
| 202|0x0000000091c00000, 0x0000000091c00000, 0x0000000091d00000|  0%| F|  |TAMS 0x0000000091c00000| PB 0x0000000091c00000| Untracked |  0
| 203|0x0000000091d00000, 0x0000000091d00000, 0x0000000091e00000|  0%| F|  |TAMS 0x0000000091d00000| PB 0x0000000091d00000| Untracked |  0
| 204|0x0000000091e00000, 0x0000000091e00000, 0x0000000091f00000|  0%| F|  |TAMS 0x0000000091e00000| PB 0x0000000091e00000| Untracked |  0
| 205|0x0000000091f00000, 0x0000000091f00000, 0x0000000092000000|  0%| F|  |TAMS 0x0000000091f00000| PB 0x0000000091f00000| Untracked |  0
| 206|0x0000000092000000, 0x0000000092000000, 0x0000000092100000|  0%| F|  |TAMS 0x0000000092000000| PB 0x0000000092000000| Untracked |  0
| 207|0x0000000092100000, 0x0000000092100000, 0x0000000092200000|  0%| F|  |TAMS 0x0000000092100000| PB 0x0000000092100000| Untracked |  0
| 208|0x0000000092200000, 0x0000000092200000, 0x0000000092300000|  0%| F|  |TAMS 0x0000000092200000| PB 0x0000000092200000| Untracked |  0
| 209|0x0000000092300000, 0x0000000092300000, 0x0000000092400000|  0%| F|  |TAMS 0x0000000092300000| PB 0x0000000092300000| Untracked |  0
| 210|0x0000000092400000, 0x0000000092400000, 0x0000000092500000|  0%| F|  |TAMS 0x0000000092400000| PB 0x0000000092400000| Untracked |  0
| 211|0x0000000092500000, 0x0000000092500000, 0x0000000092600000|  0%| F|  |TAMS 0x0000000092500000| PB 0x0000000092500000| Untracked |  0
| 212|0x0000000092600000, 0x0000000092600000, 0x0000000092700000|  0%| F|  |TAMS 0x0000000092600000| PB 0x0000000092600000| Untracked |  0
| 213|0x0000000092700000, 0x0000000092700000, 0x0000000092800000|  0%| F|  |TAMS 0x0000000092700000| PB 0x0000000092700000| Untracked |  0
| 214|0x0000000092800000, 0x0000000092800000, 0x0000000092900000|  0%| F|  |TAMS 0x0000000092800000| PB 0x0000000092800000| Untracked |  0
| 215|0x0000000092900000, 0x0000000092900000, 0x0000000092a00000|  0%| F|  |TAMS 0x0000000092900000| PB 0x0000000092900000| Untracked |  0
| 216|0x0000000092a00000, 0x0000000092a00000, 0x0000000092b00000|  0%| F|  |TAMS 0x0000000092a00000| PB 0x0000000092a00000| Untracked |  0
| 217|0x0000000092b00000, 0x0000000092b00000, 0x0000000092c00000|  0%| F|  |TAMS 0x0000000092b00000| PB 0x0000000092b00000| Untracked |  0
| 218|0x0000000092c00000, 0x0000000092c00000, 0x0000000092d00000|  0%| F|  |TAMS 0x0000000092c00000| PB 0x0000000092c00000| Untracked |  0
| 219|0x0000000092d00000, 0x0000000092d00000, 0x0000000092e00000|  0%| F|  |TAMS 0x0000000092d00000| PB 0x0000000092d00000| Untracked |  0
| 220|0x0000000092e00000, 0x0000000092e00000, 0x0000000092f00000|  0%| F|  |TAMS 0x0000000092e00000| PB 0x0000000092e00000| Untracked |  0
| 221|0x0000000092f00000, 0x0000000092f00000, 0x0000000093000000|  0%| F|  |TAMS 0x0000000092f00000| PB 0x0000000092f00000| Untracked |  0
| 222|0x0000000093000000, 0x0000000093000000, 0x0000000093100000|  0%| F|  |TAMS 0x0000000093000000| PB 0x0000000093000000| Untracked |  0
| 223|0x0000000093100000, 0x0000000093100000, 0x0000000093200000|  0%| F|  |TAMS 0x0000000093100000| PB 0x0000000093100000| Untracked |  0
| 224|0x0000000093200000, 0x0000000093200000, 0x0000000093300000|  0%| F|  |TAMS 0x0000000093200000| PB 0x0000000093200000| Untracked |  0
| 225|0x0000000093300000, 0x0000000093300000, 0x0000000093400000|  0%| F|  |TAMS 0x0000000093300000| PB 0x0000000093300000| Untracked |  0
| 226|0x0000000093400000, 0x0000000093400000, 0x0000000093500000|  0%| F|  |TAMS 0x0000000093400000| PB 0x0000000093400000| Untracked |  0
| 227|0x0000000093500000, 0x0000000093500000, 0x0000000093600000|  0%| F|  |TAMS 0x0000000093500000| PB 0x0000000093500000| Untracked |  0
| 228|0x0000000093600000, 0x0000000093600000, 0x0000000093700000|  0%| F|  |TAMS 0x0000000093600000| PB 0x0000000093600000| Untracked |  0
| 229|0x0000000093700000, 0x0000000093700000, 0x0000000093800000|  0%| F|  |TAMS 0x0000000093700000| PB 0x0000000093700000| Untracked |  0
| 230|0x0000000093800000, 0x0000000093800000, 0x0000000093900000|  0%| F|  |TAMS 0x0000000093800000| PB 0x0000000093800000| Untracked |  0
| 231|0x0000000093900000, 0x0000000093900000, 0x0000000093a00000|  0%| F|  |TAMS 0x0000000093900000| PB 0x0000000093900000| Untracked |  0
| 232|0x0000000093a00000, 0x0000000093a00000, 0x0000000093b00000|  0%| F|  |TAMS 0x0000000093a00000| PB 0x0000000093a00000| Untracked |  0
| 233|0x0000000093b00000, 0x0000000093b00000, 0x0000000093c00000|  0%| F|  |TAMS 0x0000000093b00000| PB 0x0000000093b00000| Untracked |  0
| 234|0x0000000093c00000, 0x0000000093c00000, 0x0000000093d00000|  0%| F|  |TAMS 0x0000000093c00000| PB 0x0000000093c00000| Untracked |  0
| 235|0x0000000093d00000, 0x0000000093d00000, 0x0000000093e00000|  0%| F|  |TAMS 0x0000000093d00000| PB 0x0000000093d00000| Untracked |  0
| 236|0x0000000093e00000, 0x0000000093e00000, 0x0000000093f00000|  0%| F|  |TAMS 0x0000000093e00000| PB 0x0000000093e00000| Untracked |  0
| 237|0x0000000093f00000, 0x0000000093f00000, 0x0000000094000000|  0%| F|  |TAMS 0x0000000093f00000| PB 0x0000000093f00000| Untracked |  0
| 238|0x0000000094000000, 0x0000000094000000, 0x0000000094100000|  0%| F|  |TAMS 0x0000000094000000| PB 0x0000000094000000| Untracked |  0
| 239|0x0000000094100000, 0x0000000094100000, 0x0000000094200000|  0%| F|  |TAMS 0x0000000094100000| PB 0x0000000094100000| Untracked |  0
| 240|0x0000000094200000, 0x0000000094200000, 0x0000000094300000|  0%| F|  |TAMS 0x0000000094200000| PB 0x0000000094200000| Untracked |  0
| 241|0x0000000094300000, 0x0000000094300000, 0x0000000094400000|  0%| F|  |TAMS 0x0000000094300000| PB 0x0000000094300000| Untracked |  0
| 242|0x0000000094400000, 0x0000000094400000, 0x0000000094500000|  0%| F|  |TAMS 0x0000000094400000| PB 0x0000000094400000| Untracked |  0
| 243|0x0000000094500000, 0x0000000094500000, 0x0000000094600000|  0%| F|  |TAMS 0x0000000094500000| PB 0x0000000094500000| Untracked |  0
| 244|0x0000000094600000, 0x0000000094600000, 0x0000000094700000|  0%| F|  |TAMS 0x0000000094600000| PB 0x0000000094600000| Untracked |  0
| 245|0x0000000094700000, 0x0000000094700000, 0x0000000094800000|  0%| F|  |TAMS 0x0000000094700000| PB 0x0000000094700000| Untracked |  0
| 246|0x0000000094800000, 0x0000000094800000, 0x0000000094900000|  0%| F|  |TAMS 0x0000000094800000| PB 0x0000000094800000| Untracked |  0
| 247|0x0000000094900000, 0x0000000094900000, 0x0000000094a00000|  0%| F|  |TAMS 0x0000000094900000| PB 0x0000000094900000| Untracked |  0
| 248|0x0000000094a00000, 0x0000000094a00000, 0x0000000094b00000|  0%| F|  |TAMS 0x0000000094a00000| PB 0x0000000094a00000| Untracked |  0
| 249|0x0000000094b00000, 0x0000000094b00000, 0x0000000094c00000|  0%| F|  |TAMS 0x0000000094b00000| PB 0x0000000094b00000| Untracked |  0
| 250|0x0000000094c00000, 0x0000000094c00000, 0x0000000094d00000|  0%| F|  |TAMS 0x0000000094c00000| PB 0x0000000094c00000| Untracked |  0
| 251|0x0000000094d00000, 0x0000000094d00000, 0x0000000094e00000|  0%| F|  |TAMS 0x0000000094d00000| PB 0x0000000094d00000| Untracked |  0
| 252|0x0000000094e00000, 0x0000000094e00000, 0x0000000094f00000|  0%| F|  |TAMS 0x0000000094e00000| PB 0x0000000094e00000| Untracked |  0
| 253|0x0000000094f00000, 0x0000000094f00000, 0x0000000095000000|  0%| F|  |TAMS 0x0000000094f00000| PB 0x0000000094f00000| Untracked |  0
| 254|0x0000000095000000, 0x0000000095000000, 0x0000000095100000|  0%| F|  |TAMS 0x0000000095000000| PB 0x0000000095000000| Untracked |  0
| 255|0x0000000095100000, 0x0000000095100000, 0x0000000095200000|  0%| F|  |TAMS 0x0000000095100000| PB 0x0000000095100000| Untracked |  0
| 256|0x0000000095200000, 0x0000000095200000, 0x0000000095300000|  0%| F|  |TAMS 0x0000000095200000| PB 0x0000000095200000| Untracked |  0
| 257|0x0000000095300000, 0x0000000095300000, 0x0000000095400000|  0%| F|  |TAMS 0x0000000095300000| PB 0x0000000095300000| Untracked |  0
| 258|0x0000000095400000, 0x0000000095400000, 0x0000000095500000|  0%| F|  |TAMS 0x0000000095400000| PB 0x0000000095400000| Untracked |  0
| 259|0x0000000095500000, 0x0000000095500000, 0x0000000095600000|  0%| F|  |TAMS 0x0000000095500000| PB 0x0000000095500000| Untracked |  0
| 260|0x0000000095600000, 0x0000000095600000, 0x0000000095700000|  0%| F|  |TAMS 0x0000000095600000| PB 0x0000000095600000| Untracked |  0
| 261|0x0000000095700000, 0x0000000095700000, 0x0000000095800000|  0%| F|  |TAMS 0x0000000095700000| PB 0x0000000095700000| Untracked |  0
| 262|0x0000000095800000, 0x0000000095800000, 0x0000000095900000|  0%| F|  |TAMS 0x0000000095800000| PB 0x0000000095800000| Untracked |  0
| 263|0x0000000095900000, 0x0000000095900000, 0x0000000095a00000|  0%| F|  |TAMS 0x0000000095900000| PB 0x0000000095900000| Untracked |  0
| 264|0x0000000095a00000, 0x0000000095a00000, 0x0000000095b00000|  0%| F|  |TAMS 0x0000000095a00000| PB 0x0000000095a00000| Untracked |  0
| 265|0x0000000095b00000, 0x0000000095b00000, 0x0000000095c00000|  0%| F|  |TAMS 0x0000000095b00000| PB 0x0000000095b00000| Untracked |  0
| 266|0x0000000095c00000, 0x0000000095c00000, 0x0000000095d00000|  0%| F|  |TAMS 0x0000000095c00000| PB 0x0000000095c00000| Untracked |  0
| 267|0x0000000095d00000, 0x0000000095d00000, 0x0000000095e00000|  0%| F|  |TAMS 0x0000000095d00000| PB 0x0000000095d00000| Untracked |  0
| 268|0x0000000095e00000, 0x0000000095e00000, 0x0000000095f00000|  0%| F|  |TAMS 0x0000000095e00000| PB 0x0000000095e00000| Untracked |  0
| 269|0x0000000095f00000, 0x0000000095f00000, 0x0000000096000000|  0%| F|  |TAMS 0x0000000095f00000| PB 0x0000000095f00000| Untracked |  0
| 270|0x0000000096000000, 0x0000000096000000, 0x0000000096100000|  0%| F|  |TAMS 0x0000000096000000| PB 0x0000000096000000| Untracked |  0
| 271|0x0000000096100000, 0x0000000096100000, 0x0000000096200000|  0%| F|  |TAMS 0x0000000096100000| PB 0x0000000096100000| Untracked |  0
| 272|0x0000000096200000, 0x0000000096200000, 0x0000000096300000|  0%| F|  |TAMS 0x0000000096200000| PB 0x0000000096200000| Untracked |  0
| 273|0x0000000096300000, 0x0000000096300000, 0x0000000096400000|  0%| F|  |TAMS 0x0000000096300000| PB 0x0000000096300000| Untracked |  0
| 274|0x0000000096400000, 0x0000000096400000, 0x0000000096500000|  0%| F|  |TAMS 0x0000000096400000| PB 0x0000000096400000| Untracked |  0
| 275|0x0000000096500000, 0x0000000096500000, 0x0000000096600000|  0%| F|  |TAMS 0x0000000096500000| PB 0x0000000096500000| Untracked |  0
| 276|0x0000000096600000, 0x000000009666d1d8, 0x0000000096700000| 42%| S|CS|TAMS 0x0000000096600000| PB 0x0000000096600000| Complete |  0
| 277|0x0000000096700000, 0x0000000096800000, 0x0000000096800000|100%| S|CS|TAMS 0x0000000096700000| PB 0x0000000096700000| Complete |  0
| 278|0x0000000096800000, 0x0000000096900000, 0x0000000096900000|100%| S|CS|TAMS 0x0000000096800000| PB 0x0000000096800000| Complete |  0

Card table byte_map: [0x000002c0f8ce0000,0x000002c0f90c0000] _byte_map_base: 0x000002c0f88b7000

Marking Bits: (CMBitMap*) 0x000002c0efcd41b0
 Bits: [0x000002c0f90c0000, 0x000002c0faf78000)

Polling page: 0x000002c0edad0000

Metaspace:

Usage:
  Non-class:      6.41 MB used.
      Class:    919.90 KB used.
       Both:      7.31 MB used.

Virtual space:
  Non-class space:       64.00 MB reserved,       6.56 MB ( 10%) committed,  1 nodes.
      Class space:        1.00 GB reserved,       1.00 MB ( <1%) committed,  1 nodes.
             Both:        1.06 GB reserved,       7.56 MB ( <1%) committed. 

Chunk freelists:
   Non-Class:  8.42 MB
       Class:  14.83 MB
        Both:  23.25 MB

MaxMetaspaceSize: unlimited
CompressedClassSpaceSize: 1.00 GB
Initial GC threshold: 21.00 MB
Current GC threshold: 21.00 MB
CDS: on
 - commit_granule_bytes: 65536.
 - commit_granule_words: 8192.
 - virtual_space_node_default_size: 8388608.
 - enlarge_chunks_in_place: 1.
 - use_allocation_guard: 0.


Internal statistics:

num_allocs_failed_limit: 0.
num_arena_births: 164.
num_arena_deaths: 0.
num_vsnodes_births: 2.
num_vsnodes_deaths: 0.
num_space_committed: 121.
num_space_uncommitted: 0.
num_chunks_returned_to_freelist: 0.
num_chunks_taken_from_freelist: 359.
num_chunk_merges: 0.
num_chunk_splits: 248.
num_chunks_enlarged: 173.
num_inconsistent_stats: 0.

CodeHeap 'non-profiled nmethods': size=120064Kb used=473Kb max_used=495Kb free=119590Kb
 bounds [0x000002c087ac0000, 0x000002c087d30000, 0x000002c08f000000]
CodeHeap 'profiled nmethods': size=120000Kb used=1566Kb max_used=1894Kb free=118433Kb
 bounds [0x000002c080000000, 0x000002c080270000, 0x000002c087530000]
CodeHeap 'non-nmethods': size=5696Kb used=1490Kb max_used=1521Kb free=4205Kb
 bounds [0x000002c087530000, 0x000002c0877a0000, 0x000002c087ac0000]
CodeCache: size=245760Kb, used=3529Kb, max_used=3910Kb, free=242228Kb
 total_blobs=1806, nmethods=1226, adapters=486, full_count=0
Compilation: enabled, stopped_count=0, restarted_count=0

Compilation events (20 events):
Event: 0.883 Thread 0x000002c0fdbe8bc0 nmethod 1411 0x000002c0801d8988 code [0x000002c0801d8ae0, 0x000002c0801d8e80]
Event: 0.883 Thread 0x000002c0fdbe8bc0 1412       3       com.sun.javafx.iio.gif.GIFImageLoader2$LZWDecoder::readData (52 bytes)
Event: 0.884 Thread 0x000002c0fdbe8bc0 nmethod 1412 0x000002c0801d8f08 code [0x000002c0801d9080, 0x000002c0801d9500]
Event: 0.888 Thread 0x000002c0fdbe8bc0 1414       3       java.lang.Integer::valueOf (32 bytes)
Event: 0.889 Thread 0x000002c0fdbe8bc0 nmethod 1414 0x000002c0801d9588 code [0x000002c0801d96c0, 0x000002c0801d99b8]
Event: 0.896 Thread 0x000002c0fdbe8bc0 1415       3       java.util.HashMap::isEmpty (13 bytes)
Event: 0.896 Thread 0x000002c0fdbe8bc0 nmethod 1415 0x000002c080009588 code [0x000002c0800096a0, 0x000002c0800097f8]
Event: 0.896 Thread 0x000002c0fdbe8bc0 1416       3       java.io.SequenceInputStream::read (68 bytes)
Event: 0.897 Thread 0x000002c0fdbe8bc0 nmethod 1416 0x000002c08000cf08 code [0x000002c08000d0c0, 0x000002c08000d8b8]
Event: 0.900 Thread 0x000002c0d41037a0 nmethod 1413% 0x000002c087b36e88 code [0x000002c087b37040, 0x000002c087b38268]
Event: 0.901 Thread 0x000002c0fdbe8bc0 1417       1       com.sun.javafx.tk.quantum.QuantumToolkit$PulseTask::get (5 bytes)
Event: 0.901 Thread 0x000002c0fdbe8bc0 nmethod 1417 0x000002c087aceb88 code [0x000002c087aceca0, 0x000002c087aced70]
Event: 0.902 Thread 0x000002c0fdbe7f00 1418 %     4       com.sun.javafx.iio.gif.GIFImageLoader2::decodeImage @ 26 (161 bytes)
Event: 0.913 Thread 0x000002c0d41037a0 1419       4       java.util.concurrent.locks.AbstractQueuedSynchronizer::signalNext (34 bytes)
Event: 0.913 Thread 0x000002c0d41037a0 nmethod 1419 0x000002c087b07d88 code [0x000002c087b07ea0, 0x000002c087b07f80]
Event: 0.914 Thread 0x000002c0fdbe7f00 nmethod 1418% 0x000002c087b3bf88 code [0x000002c087b3c140, 0x000002c087b3d2b8]
Event: 0.918 Thread 0x000002c0d41037a0 1420       4       com.sun.javafx.iio.gif.GIFImageLoader2::decodeImage (161 bytes)
Event: 0.959 Thread 0x000002c0fdbe8bc0 1421       3       java.util.HashMap$HashIterator::<init> (79 bytes)
Event: 0.961 Thread 0x000002c0fdbe8bc0 nmethod 1421 0x000002c080097a08 code [0x000002c080097b40, 0x000002c080097f28]
Event: 0.970 Thread 0x000002c0d41037a0 nmethod 1420 0x000002c087b3d308 code [0x000002c087b3d5e0, 0x000002c087b3fd08]

GC Heap History (20 events):
Event: 0.873 GC heap after
{Heap after GC invocations=3 (full 0):
 garbage-first heap   total reserved 2013184K, committed 126976K, used 61594K [0x0000000085200000, 0x0000000100000000)
  region size 1024K, 3 young (3072K), 3 survivors (3072K)
 Metaspace       used 7482K, committed 7744K, reserved 1114112K
  class space    used 919K, committed 1024K, reserved 1048576K
}
Event: 0.884 GC heap before
{Heap before GC invocations=4 (full 0):
 garbage-first heap   total reserved 2013184K, committed 126976K, used 76954K [0x0000000085200000, 0x0000000100000000)
  region size 1024K, 4 young (4096K), 3 survivors (3072K)
 Metaspace       used 7485K, committed 7744K, reserved 1114112K
  class space    used 919K, committed 1024K, reserved 1048576K
}
Event: 0.887 GC heap after
{Heap after GC invocations=5 (full 0):
 garbage-first heap   total reserved 2013184K, committed 126976K, used 77205K [0x0000000085200000, 0x0000000100000000)
  region size 1024K, 3 young (3072K), 3 survivors (3072K)
 Metaspace       used 7485K, committed 7744K, reserved 1114112K
  class space    used 919K, committed 1024K, reserved 1048576K
}
Event: 0.897 GC heap before
{Heap before GC invocations=6 (full 0):
 garbage-first heap   total reserved 2013184K, committed 148480K, used 92565K [0x0000000085200000, 0x0000000100000000)
  region size 1024K, 4 young (4096K), 3 survivors (3072K)
 Metaspace       used 7485K, committed 7744K, reserved 1114112K
  class space    used 919K, committed 1024K, reserved 1048576K
}
Event: 0.900 GC heap after
{Heap after GC invocations=7 (full 0):
 garbage-first heap   total reserved 2013184K, committed 148480K, used 92376K [0x0000000085200000, 0x0000000100000000)
  region size 1024K, 3 young (3072K), 3 survivors (3072K)
 Metaspace       used 7485K, committed 7744K, reserved 1114112K
  class space    used 919K, committed 1024K, reserved 1048576K
}
Event: 0.906 GC heap before
{Heap before GC invocations=8 (full 0):
 garbage-first heap   total reserved 2013184K, committed 165888K, used 102616K [0x0000000085200000, 0x0000000100000000)
  region size 1024K, 4 young (4096K), 3 survivors (3072K)
 Metaspace       used 7485K, committed 7744K, reserved 1114112K
  class space    used 919K, committed 1024K, reserved 1048576K
}
Event: 0.909 GC heap after
{Heap after GC invocations=9 (full 0):
 garbage-first heap   total reserved 2013184K, committed 165888K, used 102743K [0x0000000085200000, 0x0000000100000000)
  region size 1024K, 3 young (3072K), 3 survivors (3072K)
 Metaspace       used 7485K, committed 7744K, reserved 1114112K
  class space    used 919K, committed 1024K, reserved 1048576K
}
Event: 0.914 GC heap before
{Heap before GC invocations=10 (full 0):
 garbage-first heap   total reserved 2013184K, committed 191488K, used 112983K [0x0000000085200000, 0x0000000100000000)
  region size 1024K, 4 young (4096K), 3 survivors (3072K)
 Metaspace       used 7485K, committed 7744K, reserved 1114112K
  class space    used 919K, committed 1024K, reserved 1048576K
}
Event: 0.917 GC heap after
{Heap after GC invocations=11 (full 0):
 garbage-first heap   total reserved 2013184K, committed 191488K, used 112980K [0x0000000085200000, 0x0000000100000000)
  region size 1024K, 3 young (3072K), 3 survivors (3072K)
 Metaspace       used 7485K, committed 7744K, reserved 1114112K
  class space    used 919K, committed 1024K, reserved 1048576K
}
Event: 0.924 GC heap before
{Heap before GC invocations=12 (full 0):
 garbage-first heap   total reserved 2013184K, committed 208896K, used 128340K [0x0000000085200000, 0x0000000100000000)
  region size 1024K, 4 young (4096K), 3 survivors (3072K)
 Metaspace       used 7485K, committed 7744K, reserved 1114112K
  class space    used 919K, committed 1024K, reserved 1048576K
}
Event: 0.926 GC heap after
{Heap after GC invocations=13 (full 0):
 garbage-first heap   total reserved 2013184K, committed 208896K, used 128405K [0x0000000085200000, 0x0000000100000000)
  region size 1024K, 3 young (3072K), 3 survivors (3072K)
 Metaspace       used 7485K, committed 7744K, reserved 1114112K
  class space    used 919K, committed 1024K, reserved 1048576K
}
Event: 0.936 GC heap before
{Heap before GC invocations=14 (full 0):
 garbage-first heap   total reserved 2013184K, committed 225280K, used 138645K [0x0000000085200000, 0x0000000100000000)
  region size 1024K, 4 young (4096K), 3 survivors (3072K)
 Metaspace       used 7485K, committed 7744K, reserved 1114112K
  class space    used 919K, committed 1024K, reserved 1048576K
}
Event: 0.938 GC heap after
{Heap after GC invocations=15 (full 0):
 garbage-first heap   total reserved 2013184K, committed 225280K, used 138646K [0x0000000085200000, 0x0000000100000000)
  region size 1024K, 3 young (3072K), 3 survivors (3072K)
 Metaspace       used 7485K, committed 7744K, reserved 1114112K
  class space    used 919K, committed 1024K, reserved 1048576K
}
Event: 0.946 GC heap before
{Heap before GC invocations=16 (full 0):
 garbage-first heap   total reserved 2013184K, committed 242688K, used 148886K [0x0000000085200000, 0x0000000100000000)
  region size 1024K, 4 young (4096K), 3 survivors (3072K)
 Metaspace       used 7485K, committed 7744K, reserved 1114112K
  class space    used 919K, committed 1024K, reserved 1048576K
}
Event: 0.949 GC heap after
{Heap after GC invocations=17 (full 0):
 garbage-first heap   total reserved 2013184K, committed 242688K, used 149009K [0x0000000085200000, 0x0000000100000000)
  region size 1024K, 3 young (3072K), 3 survivors (3072K)
 Metaspace       used 7485K, committed 7744K, reserved 1114112K
  class space    used 919K, committed 1024K, reserved 1048576K
}
Event: 0.954 GC heap before
{Heap before GC invocations=18 (full 0):
 garbage-first heap   total reserved 2013184K, committed 260096K, used 154129K [0x0000000085200000, 0x0000000100000000)
  region size 1024K, 4 young (4096K), 3 survivors (3072K)
 Metaspace       used 7485K, committed 7744K, reserved 1114112K
  class space    used 919K, committed 1024K, reserved 1048576K
}
Event: 0.957 GC heap after
{Heap after GC invocations=19 (full 0):
 garbage-first heap   total reserved 2013184K, committed 260096K, used 153880K [0x0000000085200000, 0x0000000100000000)
  region size 1024K, 3 young (3072K), 3 survivors (3072K)
 Metaspace       used 7485K, committed 7744K, reserved 1114112K
  class space    used 919K, committed 1024K, reserved 1048576K
}
Event: 0.966 GC heap before
{Heap before GC invocations=20 (full 0):
 garbage-first heap   total reserved 2013184K, committed 268288K, used 164120K [0x0000000085200000, 0x0000000100000000)
  region size 1024K, 4 young (4096K), 3 survivors (3072K)
 Metaspace       used 7485K, committed 7744K, reserved 1114112K
  class space    used 919K, committed 1024K, reserved 1048576K
}
Event: 0.969 GC heap after
{Heap after GC invocations=21 (full 0):
 garbage-first heap   total reserved 2013184K, committed 268288K, used 164181K [0x0000000085200000, 0x0000000100000000)
  region size 1024K, 3 young (3072K), 3 survivors (3072K)
 Metaspace       used 7485K, committed 7744K, reserved 1114112K
  class space    used 919K, committed 1024K, reserved 1048576K
}
Event: 0.977 GC heap before
{Heap before GC invocations=22 (full 0):
 garbage-first heap   total reserved 2013184K, committed 285696K, used 174421K [0x0000000085200000, 0x0000000100000000)
  region size 1024K, 4 young (4096K), 3 survivors (3072K)
 Metaspace       used 7485K, committed 7744K, reserved 1114112K
  class space    used 919K, committed 1024K, reserved 1048576K
}

Dll operation events (20 events):
Event: 0.208 Loaded shared library C:\Users\Lynneth Dela Cerna\Downloads\openjfx-23_windows-x64_bin-sdk\javafx-sdk-23\bin\api-ms-win-crt-heap-l1-1-0.dll
Event: 0.209 Loaded shared library C:\Users\Lynneth Dela Cerna\Downloads\openjfx-23_windows-x64_bin-sdk\javafx-sdk-23\bin\api-ms-win-crt-locale-l1-1-0.dll
Event: 0.210 Loaded shared library C:\Users\Lynneth Dela Cerna\Downloads\openjfx-23_windows-x64_bin-sdk\javafx-sdk-23\bin\api-ms-win-crt-math-l1-1-0.dll
Event: 0.211 Loaded shared library C:\Users\Lynneth Dela Cerna\Downloads\openjfx-23_windows-x64_bin-sdk\javafx-sdk-23\bin\api-ms-win-crt-multibyte-l1-1-0.dll
Event: 0.211 Loaded shared library C:\Users\Lynneth Dela Cerna\Downloads\openjfx-23_windows-x64_bin-sdk\javafx-sdk-23\bin\api-ms-win-crt-private-l1-1-0.dll
Event: 0.212 Loaded shared library C:\Users\Lynneth Dela Cerna\Downloads\openjfx-23_windows-x64_bin-sdk\javafx-sdk-23\bin\api-ms-win-crt-process-l1-1-0.dll
Event: 0.214 Loaded shared library C:\Users\Lynneth Dela Cerna\Downloads\openjfx-23_windows-x64_bin-sdk\javafx-sdk-23\bin\api-ms-win-crt-runtime-l1-1-0.dll
Event: 0.215 Loaded shared library C:\Users\Lynneth Dela Cerna\Downloads\openjfx-23_windows-x64_bin-sdk\javafx-sdk-23\bin\api-ms-win-crt-stdio-l1-1-0.dll
Event: 0.217 Loaded shared library C:\Users\Lynneth Dela Cerna\Downloads\openjfx-23_windows-x64_bin-sdk\javafx-sdk-23\bin\api-ms-win-crt-string-l1-1-0.dll
Event: 0.218 Loaded shared library C:\Users\Lynneth Dela Cerna\Downloads\openjfx-23_windows-x64_bin-sdk\javafx-sdk-23\bin\api-ms-win-crt-time-l1-1-0.dll
Event: 0.219 Loaded shared library C:\Users\Lynneth Dela Cerna\Downloads\openjfx-23_windows-x64_bin-sdk\javafx-sdk-23\bin\api-ms-win-crt-utility-l1-1-0.dll
Event: 0.220 Loaded shared library C:\Users\Lynneth Dela Cerna\Downloads\openjfx-23_windows-x64_bin-sdk\javafx-sdk-23\bin\ucrtbase.dll
Event: 0.221 Loaded shared library C:\Users\Lynneth Dela Cerna\Downloads\openjfx-23_windows-x64_bin-sdk\javafx-sdk-23\bin\vcruntime140.dll
Event: 0.222 Loaded shared library C:\Users\Lynneth Dela Cerna\Downloads\openjfx-23_windows-x64_bin-sdk\javafx-sdk-23\bin\vcruntime140_1.dll
Event: 0.223 Loaded shared library C:\Users\Lynneth Dela Cerna\Downloads\openjfx-23_windows-x64_bin-sdk\javafx-sdk-23\bin\msvcp140.dll
Event: 0.224 Loaded shared library C:\Users\Lynneth Dela Cerna\Downloads\openjfx-23_windows-x64_bin-sdk\javafx-sdk-23\bin\msvcp140_1.dll
Event: 0.225 Loaded shared library C:\Users\Lynneth Dela Cerna\Downloads\openjfx-23_windows-x64_bin-sdk\javafx-sdk-23\bin\msvcp140_2.dll
Event: 0.254 Loaded shared library C:\Users\Lynneth Dela Cerna\Downloads\openjfx-23_windows-x64_bin-sdk\javafx-sdk-23\bin\prism_d3d.dll
Event: 0.313 Loaded shared library C:\Users\Lynneth Dela Cerna\Downloads\openjfx-23_windows-x64_bin-sdk\javafx-sdk-23\bin\glass.dll
Event: 0.419 Loaded shared library C:\Program Files\Java\jdk-23\bin\jimage.dll

Deoptimization events (20 events):
Event: 0.918 Thread 0x000002c0fdbecb90 DEOPT PACKING pc=0x000002c0801d5e85 sp=0x000000cd013fd850
Event: 0.918 Thread 0x000002c0fdbecb90 DEOPT UNPACKING pc=0x000002c087584b22 sp=0x000000cd013fcd70 mode 0
Event: 0.921 Thread 0x000002c0fdbecb90 DEOPT PACKING pc=0x000002c0801d5e85 sp=0x000000cd013fd850
Event: 0.921 Thread 0x000002c0fdbecb90 DEOPT UNPACKING pc=0x000002c087584b22 sp=0x000000cd013fcd70 mode 0
Event: 0.923 Thread 0x000002c0fdbecb90 DEOPT PACKING pc=0x000002c0801d5e85 sp=0x000000cd013fd850
Event: 0.923 Thread 0x000002c0fdbecb90 DEOPT UNPACKING pc=0x000002c087584b22 sp=0x000000cd013fcd70 mode 0
Event: 0.929 Thread 0x000002c0fdbecb90 DEOPT PACKING pc=0x000002c0801d5e85 sp=0x000000cd013fd850
Event: 0.929 Thread 0x000002c0fdbecb90 DEOPT UNPACKING pc=0x000002c087584b22 sp=0x000000cd013fcd70 mode 0
Event: 0.935 Thread 0x000002c0fdbecb90 DEOPT PACKING pc=0x000002c0801d5ea6 sp=0x000000cd013fd850
Event: 0.935 Thread 0x000002c0fdbecb90 DEOPT UNPACKING pc=0x000002c087584b22 sp=0x000000cd013fcd70 mode 0
Event: 0.941 Thread 0x000002c0fdbecb90 DEOPT PACKING pc=0x000002c0801d5ea6 sp=0x000000cd013fd850
Event: 0.941 Thread 0x000002c0fdbecb90 DEOPT UNPACKING pc=0x000002c087584b22 sp=0x000000cd013fcd70 mode 0
Event: 0.945 Thread 0x000002c0fdbecb90 DEOPT PACKING pc=0x000002c0801d5e85 sp=0x000000cd013fd850
Event: 0.945 Thread 0x000002c0fdbecb90 DEOPT UNPACKING pc=0x000002c087584b22 sp=0x000000cd013fcd70 mode 0
Event: 0.953 Thread 0x000002c0fdbecb90 DEOPT PACKING pc=0x000002c0801d5e85 sp=0x000000cd013fd850
Event: 0.953 Thread 0x000002c0fdbecb90 DEOPT UNPACKING pc=0x000002c087584b22 sp=0x000000cd013fcd70 mode 0
Event: 0.959 Thread 0x000002c0fdbecb90 DEOPT PACKING pc=0x000002c0801d5ea6 sp=0x000000cd013fd850
Event: 0.960 Thread 0x000002c0fdbecb90 DEOPT UNPACKING pc=0x000002c087584b22 sp=0x000000cd013fcd70 mode 0
Event: 0.965 Thread 0x000002c0fdbecb90 DEOPT PACKING pc=0x000002c0801d5ea6 sp=0x000000cd013fd850
Event: 0.965 Thread 0x000002c0fdbecb90 DEOPT UNPACKING pc=0x000002c087584b22 sp=0x000000cd013fcd70 mode 0

Classes loaded (20 events):
Event: 0.745 Loading class com/sun/xml/internal/stream/StaxErrorReporter
Event: 0.746 Loading class com/sun/xml/internal/stream/StaxErrorReporter done
Event: 0.746 Loading class java/util/LinkedList$Node
Event: 0.746 Loading class java/util/LinkedList$Node done
Event: 0.750 Loading class java/util/EventListener
Event: 0.750 Loading class java/util/EventListener done
Event: 0.792 Loading class java/lang/reflect/TypeVariable
Event: 0.792 Loading class java/lang/reflect/TypeVariable done
Event: 0.792 Loading class java/lang/InstantiationException
Event: 0.792 Loading class java/lang/InstantiationException done
Event: 0.792 Loading class java/lang/reflect/AnnotatedType
Event: 0.792 Loading class java/lang/reflect/AnnotatedType done
Event: 0.794 Loading class java/security/AllPermissionCollection
Event: 0.794 Loading class java/security/AllPermissionCollection done
Event: 0.798 Loading class java/util/LinkedList$ListItr
Event: 0.798 Loading class java/util/LinkedList$ListItr done
Event: 0.799 Loading class java/lang/MatchException
Event: 0.799 Loading class java/lang/MatchException done
Event: 0.800 Loading class java/io/SequenceInputStream
Event: 0.800 Loading class java/io/SequenceInputStream done

Classes unloaded (0 events):
No events

Classes redefined (0 events):
No events

Internal exceptions (20 events):
Event: 0.687 Thread 0x000002c0fdbecb90 Exception <a 'java/lang/ClassNotFoundException'{0x000000008c3981c8}: com/sun/glass/ui/win/themes_es_US> (0x000000008c3981c8) 
thrown [s\open\src\hotspot\share\prims\jni.cpp, line 539]
Event: 0.687 Thread 0x000002c0fdbecb90 Exception <a 'java/lang/ClassNotFoundException'{0x000000008c3997c8}: com/sun/glass/ui/win/themes_yav_Latn> (0x000000008c3997c8) 
thrown [s\open\src\hotspot\share\prims\jni.cpp, line 539]
Event: 0.687 Thread 0x000002c0fdbecb90 Exception <a 'java/lang/ClassNotFoundException'{0x000000008c39a8a8}: com/sun/glass/ui/win/themes_yav_Latn_CM> (0x000000008c39a8a8) 
thrown [s\open\src\hotspot\share\prims\jni.cpp, line 539]
Event: 0.687 Thread 0x000002c0fdbecb90 Exception <a 'java/lang/ClassNotFoundException'{0x000000008c39bca0}: com/sun/glass/ui/win/themes_en_Latn> (0x000000008c39bca0) 
thrown [s\open\src\hotspot\share\prims\jni.cpp, line 539]
Event: 0.687 Thread 0x000002c0fdbecb90 Exception <a 'java/lang/ClassNotFoundException'{0x000000008c39cd70}: com/sun/glass/ui/win/themes_en_Latn_US> (0x000000008c39cd70) 
thrown [s\open\src\hotspot\share\prims\jni.cpp, line 539]
Event: 0.687 Thread 0x000002c0fdbecb90 Exception <a 'java/lang/ClassNotFoundException'{0x000000008c39e188}: com/sun/glass/ui/win/themes_th_Thai> (0x000000008c39e188) 
thrown [s\open\src\hotspot\share\prims\jni.cpp, line 539]
Event: 0.687 Thread 0x000002c0fdbecb90 Exception <a 'java/lang/ClassNotFoundException'{0x000000008c39f258}: com/sun/glass/ui/win/themes_th_Thai_TH> (0x000000008c39f258) 
thrown [s\open\src\hotspot\share\prims\jni.cpp, line 539]
Event: 0.688 Thread 0x000002c0fdbecb90 Exception <a 'java/lang/ClassNotFoundException'{0x000000008c3a0570}: com/sun/glass/ui/win/themes_es_VE> (0x000000008c3a0570) 
thrown [s\open\src\hotspot\share\prims\jni.cpp, line 539]
Event: 0.688 Thread 0x000002c0fdbecb90 Exception <a 'java/lang/ClassNotFoundException'{0x000000008c3a17f8}: com/sun/glass/ui/win/themes_fr_PF> (0x000000008c3a17f8) 
thrown [s\open\src\hotspot\share\prims\jni.cpp, line 539]
Event: 0.688 Thread 0x000002c0fdbecb90 Exception <a 'java/lang/ClassNotFoundException'{0x000000008c3a3218}: com/sun/glass/ui/win/themes_ses_Latn> (0x000000008c3a3218) 
thrown [s\open\src\hotspot\share\prims\jni.cpp, line 539]
Event: 0.688 Thread 0x000002c0fdbecb90 Exception <a 'java/lang/ClassNotFoundException'{0x000000008c3a42f8}: com/sun/glass/ui/win/themes_ses_Latn_ML> (0x000000008c3a42f8) 
thrown [s\open\src\hotspot\share\prims\jni.cpp, line 539]
Event: 0.688 Thread 0x000002c0fdbecb90 Exception <a 'java/lang/ClassNotFoundException'{0x000000008c3a5750}: com/sun/glass/ui/win/themes_doi_Deva> (0x000000008c3a5750) 
thrown [s\open\src\hotspot\share\prims\jni.cpp, line 539]
Event: 0.688 Thread 0x000002c0fdbecb90 Exception <a 'java/lang/ClassNotFoundException'{0x000000008c3a6830}: com/sun/glass/ui/win/themes_doi_Deva_IN> (0x000000008c3a6830) 
thrown [s\open\src\hotspot\share\prims\jni.cpp, line 539]
Event: 0.688 Thread 0x000002c0fdbecb90 Exception <a 'java/lang/ClassNotFoundException'{0x000000008c3a7b20}: com/sun/glass/ui/win/themes_fr_PM> (0x000000008c3a7b20) 
thrown [s\open\src\hotspot\share\prims\jni.cpp, line 539]
Event: 0.688 Thread 0x000002c0fdbecb90 Exception <a 'java/lang/ClassNotFoundException'{0x000000008c3a8fb0}: com/sun/glass/ui/win/themes_es_UY> (0x000000008c3a8fb0) 
thrown [s\open\src\hotspot\share\prims\jni.cpp, line 539]
Event: 0.688 Thread 0x000002c0fdbecb90 Exception <a 'java/lang/ClassNotFoundException'{0x000000008c3aa3a0}: com/sun/glass/ui/win/themes_gu_Gujr> (0x000000008c3aa3a0) 
thrown [s\open\src\hotspot\share\prims\jni.cpp, line 539]
Event: 0.689 Thread 0x000002c0fdbecb90 Exception <a 'java/lang/ClassNotFoundException'{0x000000008c3ab470}: com/sun/glass/ui/win/themes_gu_Gujr_IN> (0x000000008c3ab470) 
thrown [s\open\src\hotspot\share\prims\jni.cpp, line 539]
Event: 0.711 Thread 0x000002c0fdbecb90 Exception <a 'java/lang/NoSuchMethodError'{0x000000008c20fe48}: 'java.lang.Object java.lang.invoke.DirectMethodHandle$Holder.invokeInterface(java.lang.Object, java.lang.Object)'> (0x000000008c20fe48) 
thrown [s\open\src\hotspot\share\interpreter\linkResolver.cpp, line 796]
Event: 0.768 Thread 0x000002c0fdbecb90 Exception <a 'java/lang/NoSuchMethodError'{0x000000008bf70628}: 'java.lang.Object java.lang.invoke.DirectMethodHandle$Holder.invokeStaticInit(java.lang.Object, java.lang.Object, java.lang.Object, java.lang.Object)'> (0x000000008bf70628) 
thrown [s\open\src\hotspot\share\interpreter\linkResolver.cpp, line 796]
Event: 0.769 Thread 0x000002c0fdbecb90 Exception <a 'java/lang/NullPointerException'{0x000000008bf7d498}> (0x000000008bf7d498) 
thrown [s\open\src\hotspot\share\interpreter\linkResolver.cpp, line 1389]

VM Operations (20 events):
Event: 0.944 Executing VM operation: G1PauseCleanup done
Event: 0.946 Executing VM operation: G1TryInitiateConcMark (G1 Humongous Allocation)
Event: 0.949 Executing VM operation: G1TryInitiateConcMark (G1 Humongous Allocation) done
Event: 0.952 Executing VM operation: G1PauseRemark
Event: 0.953 Executing VM operation: G1PauseRemark done
Event: 0.954 Executing VM operation: G1PauseCleanup
Event: 0.954 Executing VM operation: G1PauseCleanup done
Event: 0.954 Executing VM operation: G1TryInitiateConcMark (G1 Humongous Allocation)
Event: 0.957 Executing VM operation: G1TryInitiateConcMark (G1 Humongous Allocation) done
Event: 0.960 Executing VM operation: G1PauseRemark
Event: 0.960 Executing VM operation: G1PauseRemark done
Event: 0.962 Executing VM operation: G1PauseCleanup
Event: 0.964 Executing VM operation: G1PauseCleanup done
Event: 0.966 Executing VM operation: G1TryInitiateConcMark (G1 Humongous Allocation)
Event: 0.969 Executing VM operation: G1TryInitiateConcMark (G1 Humongous Allocation) done
Event: 0.972 Executing VM operation: G1PauseRemark
Event: 0.973 Executing VM operation: G1PauseRemark done
Event: 0.973 Executing VM operation: G1PauseCleanup
Event: 0.973 Executing VM operation: G1PauseCleanup done
Event: 0.977 Executing VM operation: G1TryInitiateConcMark (G1 Humongous Allocation)

Memory protections (0 events):
No events

Nmethod flushes (20 events):
Event: 0.893 Thread 0x000002c0fdbba890 flushing  nmethod 0x000002c080008488
Event: 0.893 Thread 0x000002c0fdbba890 flushing  nmethod 0x000002c080009588
Event: 0.893 Thread 0x000002c0fdbba890 flushing  nmethod 0x000002c080009f08
Event: 0.893 Thread 0x000002c0fdbba890 flushing  nmethod 0x000002c08000a308
Event: 0.893 Thread 0x000002c0fdbba890 flushing  nmethod 0x000002c08000a788
Event: 0.893 Thread 0x000002c0fdbba890 flushing  nmethod 0x000002c08000bb08
Event: 0.893 Thread 0x000002c0fdbba890 flushing  nmethod 0x000002c080033808
Event: 0.893 Thread 0x000002c0fdbba890 flushing  nmethod 0x000002c080033c88
Event: 0.893 Thread 0x000002c0fdbba890 flushing  nmethod 0x000002c080036308
Event: 0.893 Thread 0x000002c0fdbba890 flushing  nmethod 0x000002c080037108
Event: 0.893 Thread 0x000002c0fdbba890 flushing  nmethod 0x000002c08004f208
Event: 0.893 Thread 0x000002c0fdbba890 flushing  nmethod 0x000002c08004f508
Event: 0.893 Thread 0x000002c0fdbba890 flushing  nmethod 0x000002c080052188
Event: 0.893 Thread 0x000002c0fdbba890 flushing  nmethod 0x000002c080084988
Event: 0.893 Thread 0x000002c0fdbba890 flushing  nmethod 0x000002c080085b88
Event: 0.893 Thread 0x000002c0fdbba890 flushing  nmethod 0x000002c080087708
Event: 0.893 Thread 0x000002c0fdbba890 flushing  nmethod 0x000002c080087f08
Event: 0.903 Thread 0x000002c0fdbba890 flushing  nmethod 0x000002c0801d1b08
Event: 0.930 Thread 0x000002c0fdbba890 flushing  nmethod 0x000002c0800b1488
Event: 0.930 Thread 0x000002c0fdbba890 flushing osr nmethod 0x000002c0801d2408

Events (17 events):
Event: 0.023 Thread 0x000002c0ed95e2a0 Thread added: 0x000002c0ed95e2a0
Event: 0.032 Thread 0x000002c0ed95e2a0 Thread added: 0x000002c0fdbd9330
Event: 0.032 Thread 0x000002c0ed95e2a0 Thread added: 0x000002c0fdbda2a0
Event: 0.032 Thread 0x000002c0ed95e2a0 Thread added: 0x000002c0fdbdce70
Event: 0.032 Thread 0x000002c0ed95e2a0 Thread added: 0x000002c0fdbe4430
Event: 0.032 Thread 0x000002c0ed95e2a0 Thread added: 0x000002c0fdbeaac0
Event: 0.032 Thread 0x000002c0ed95e2a0 Thread added: 0x000002c0fdbebe70
Event: 0.032 Thread 0x000002c0ed95e2a0 Thread added: 0x000002c0fdbe7f00
Event: 0.032 Thread 0x000002c0ed95e2a0 Thread added: 0x000002c0fdbe8bc0
Event: 0.047 Thread 0x000002c0ed95e2a0 Thread added: 0x000002c0fdbeb150
Event: 0.078 Thread 0x000002c0fdbe8bc0 Thread added: 0x000002c0d41037a0
Event: 0.115 Thread 0x000002c0ed95e2a0 Thread added: 0x000002c0fdbeb7e0
Event: 0.250 Thread 0x000002c0ed95e2a0 Thread added: 0x000002c0fdbec500
Event: 0.317 Thread 0x000002c0ed95e2a0 Thread added: 0x000002c0fdbe9da0
Event: 0.320 Thread 0x000002c0ed95e2a0 Thread added: 0x000002c0fdbecb90
Event: 0.394 Thread 0x000002c0ed95e2a0 Thread added: 0x000002c0fdbe9710
Event: 0.406 Thread 0x000002c0fdbea430 Thread added: 0x000002c0fdbea430


Dynamic libraries:
0x00007ff74dd60000 - 0x00007ff74dd70000 	C:\Program Files\Java\jdk-23\bin\java.exe
0x00007fffd06d0000 - 0x00007fffd08e7000 	C:\WINDOWS\SYSTEM32\ntdll.dll
0x00007fffcf050000 - 0x00007fffcf114000 	C:\WINDOWS\System32\KERNEL32.DLL
0x00007fffcd9d0000 - 0x00007fffcdd89000 	C:\WINDOWS\System32\KERNELBASE.dll
0x00007fffce0f0000 - 0x00007fffce201000 	C:\WINDOWS\System32\ucrtbase.dll
0x00007fffb1f40000 - 0x00007fffb1f5b000 	C:\Program Files\Java\jdk-23\bin\VCRUNTIME140.dll
0x00007fffcd1b0000 - 0x00007fffcd1c7000 	C:\Program Files\Java\jdk-23\bin\jli.dll
0x00007fffd00e0000 - 0x00007fffd028e000 	C:\WINDOWS\System32\USER32.dll
0x00007fffcccd0000 - 0x00007fffccf62000 	C:\WINDOWS\WinSxS\amd64_microsoft.windows.common-controls_6595b64144ccf1df_6.0.22621.4391_none_2715d37f73803e96\COMCTL32.dll
0x00007fffd0290000 - 0x00007fffd0337000 	C:\WINDOWS\System32\msvcrt.dll
0x00007fffcfe00000 - 0x00007fffcfe29000 	C:\WINDOWS\System32\GDI32.dll
0x00007fffce0c0000 - 0x00007fffce0e6000 	C:\WINDOWS\System32\win32u.dll
0x00007fffcde10000 - 0x00007fffcdf2b000 	C:\WINDOWS\System32\gdi32full.dll
0x00007fffcdf60000 - 0x00007fffcdffa000 	C:\WINDOWS\System32\msvcp_win.dll
0x00007fffcf6c0000 - 0x00007fffcf6f1000 	C:\WINDOWS\System32\IMM32.DLL
0x00007fffcc290000 - 0x00007fffcc29c000 	C:\Program Files\Java\jdk-23\bin\vcruntime140_1.dll
0x00007fff8ea10000 - 0x00007fff8ea9e000 	C:\Program Files\Java\jdk-23\bin\msvcp140.dll
0x00007fff7b520000 - 0x00007fff7c26f000 	C:\Program Files\Java\jdk-23\bin\server\jvm.dll
0x00007fffcfd40000 - 0x00007fffcfdf2000 	C:\WINDOWS\System32\ADVAPI32.dll
0x00007fffcefa0000 - 0x00007fffcf047000 	C:\WINDOWS\System32\sechost.dll
0x00007fffcdf30000 - 0x00007fffcdf58000 	C:\WINDOWS\System32\bcrypt.dll
0x00007fffcf170000 - 0x00007fffcf284000 	C:\WINDOWS\System32\RPCRT4.dll
0x00007fffce3f0000 - 0x00007fffce461000 	C:\WINDOWS\System32\WS2_32.dll
0x00007fffcd8a0000 - 0x00007fffcd8ed000 	C:\WINDOWS\SYSTEM32\POWRPROF.dll
0x00007fffc4c50000 - 0x00007fffc4c84000 	C:\WINDOWS\SYSTEM32\WINMM.dll
0x00007fffcbbb0000 - 0x00007fffcbbba000 	C:\WINDOWS\SYSTEM32\VERSION.dll
0x00007fffcd6d0000 - 0x00007fffcd6e3000 	C:\WINDOWS\SYSTEM32\UMPDC.dll
0x00007fffcba40000 - 0x00007fffcba58000 	C:\WINDOWS\SYSTEM32\kernel.appcore.dll
0x00007fffb1e70000 - 0x00007fffb1e7a000 	C:\Program Files\Java\jdk-23\bin\jimage.dll
0x00007fffcd240000 - 0x00007fffcd472000 	C:\WINDOWS\SYSTEM32\DBGHELP.DLL
0x00007fffcf310000 - 0x00007fffcf69f000 	C:\WINDOWS\System32\combase.dll
0x00007fffcfe30000 - 0x00007fffcff07000 	C:\WINDOWS\System32\OLEAUT32.dll
0x00007fffcd130000 - 0x00007fffcd162000 	C:\WINDOWS\SYSTEM32\dbgcore.DLL
0x00007fffcdd90000 - 0x00007fffcde0b000 	C:\WINDOWS\System32\bcryptPrimitives.dll
0x00007fffb1970000 - 0x00007fffb198e000 	C:\Program Files\Java\jdk-23\bin\java.dll
0x00007fffcff30000 - 0x00007fffd00d5000 	C:\WINDOWS\System32\ole32.dll
0x00007fffce720000 - 0x00007fffcef96000 	C:\WINDOWS\System32\SHELL32.dll
0x00007fffca990000 - 0x00007fffcb293000 	C:\WINDOWS\SYSTEM32\windows.storage.dll
0x00007fffca850000 - 0x00007fffca98f000 	C:\WINDOWS\SYSTEM32\wintypes.dll
0x00007fffd0590000 - 0x00007fffd0689000 	C:\WINDOWS\System32\SHCORE.dll
0x00007fffcfb80000 - 0x00007fffcfbde000 	C:\WINDOWS\System32\shlwapi.dll
0x00007fffcd900000 - 0x00007fffcd92b000 	C:\WINDOWS\SYSTEM32\profapi.dll
0x00007fff815b0000 - 0x00007fff81687000 	C:\Program Files\Java\jdk-23\bin\jsvml.dll
0x00007fffb0820000 - 0x00007fffb0830000 	C:\Program Files\Java\jdk-23\bin\net.dll
0x00007fffcbf00000 - 0x00007fffcbf69000 	C:\WINDOWS\system32\mswsock.dll
0x00007fffab370000 - 0x00007fffab386000 	C:\Program Files\Java\jdk-23\bin\nio.dll
0x00007fff8eaa0000 - 0x00007fff8eab7000 	C:\Program Files\Java\jdk-23\bin\zip.dll
0x000002c0d4d60000 - 0x000002c0d4d63000 	C:\Users\Lynneth Dela Cerna\Downloads\openjfx-23_windows-x64_bin-sdk\javafx-sdk-23\bin\api-ms-win-core-console-l1-1-0.dll
0x000002c0d4d70000 - 0x000002c0d4d73000 	C:\Users\Lynneth Dela Cerna\Downloads\openjfx-23_windows-x64_bin-sdk\javafx-sdk-23\bin\api-ms-win-core-console-l1-2-0.dll
0x000002c0d4d80000 - 0x000002c0d4d83000 	C:\Users\Lynneth Dela Cerna\Downloads\openjfx-23_windows-x64_bin-sdk\javafx-sdk-23\bin\api-ms-win-core-datetime-l1-1-0.dll
0x000002c0d4d90000 - 0x000002c0d4d93000 	C:\Users\Lynneth Dela Cerna\Downloads\openjfx-23_windows-x64_bin-sdk\javafx-sdk-23\bin\api-ms-win-core-debug-l1-1-0.dll
0x000002c0d4da0000 - 0x000002c0d4da3000 	C:\Users\Lynneth Dela Cerna\Downloads\openjfx-23_windows-x64_bin-sdk\javafx-sdk-23\bin\api-ms-win-core-errorhandling-l1-1-0.dll
0x000002c0d4db0000 - 0x000002c0d4db4000 	C:\Users\Lynneth Dela Cerna\Downloads\openjfx-23_windows-x64_bin-sdk\javafx-sdk-23\bin\api-ms-win-core-file-l1-1-0.dll
0x000002c0d4dc0000 - 0x000002c0d4dc3000 	C:\Users\Lynneth Dela Cerna\Downloads\openjfx-23_windows-x64_bin-sdk\javafx-sdk-23\bin\api-ms-win-core-file-l1-2-0.dll
0x000002c0d4dd0000 - 0x000002c0d4dd3000 	C:\Users\Lynneth Dela Cerna\Downloads\openjfx-23_windows-x64_bin-sdk\javafx-sdk-23\bin\api-ms-win-core-file-l2-1-0.dll
0x000002c0d4de0000 - 0x000002c0d4de3000 	C:\Users\Lynneth Dela Cerna\Downloads\openjfx-23_windows-x64_bin-sdk\javafx-sdk-23\bin\api-ms-win-core-handle-l1-1-0.dll
0x000002c0d4df0000 - 0x000002c0d4df3000 	C:\Users\Lynneth Dela Cerna\Downloads\openjfx-23_windows-x64_bin-sdk\javafx-sdk-23\bin\api-ms-win-core-heap-l1-1-0.dll
0x000002c0d4e00000 - 0x000002c0d4e03000 	C:\Users\Lynneth Dela Cerna\Downloads\openjfx-23_windows-x64_bin-sdk\javafx-sdk-23\bin\api-ms-win-core-interlocked-l1-1-0.dll
0x000002c0d4e10000 - 0x000002c0d4e13000 	C:\Users\Lynneth Dela Cerna\Downloads\openjfx-23_windows-x64_bin-sdk\javafx-sdk-23\bin\api-ms-win-core-libraryloader-l1-1-0.dll
0x000002c0d4e20000 - 0x000002c0d4e23000 	C:\Users\Lynneth Dela Cerna\Downloads\openjfx-23_windows-x64_bin-sdk\javafx-sdk-23\bin\api-ms-win-core-localization-l1-2-0.dll
0x000002c0d4e30000 - 0x000002c0d4e33000 	C:\Users\Lynneth Dela Cerna\Downloads\openjfx-23_windows-x64_bin-sdk\javafx-sdk-23\bin\api-ms-win-core-memory-l1-1-0.dll
0x000002c0d4e40000 - 0x000002c0d4e43000 	C:\Users\Lynneth Dela Cerna\Downloads\openjfx-23_windows-x64_bin-sdk\javafx-sdk-23\bin\api-ms-win-core-namedpipe-l1-1-0.dll
0x000002c0d4e50000 - 0x000002c0d4e53000 	C:\Users\Lynneth Dela Cerna\Downloads\openjfx-23_windows-x64_bin-sdk\javafx-sdk-23\bin\api-ms-win-core-processenvironment-l1-1-0.dll
0x000002c0d4e60000 - 0x000002c0d4e63000 	C:\Users\Lynneth Dela Cerna\Downloads\openjfx-23_windows-x64_bin-sdk\javafx-sdk-23\bin\api-ms-win-core-processthreads-l1-1-0.dll
0x000002c0d4e70000 - 0x000002c0d4e73000 	C:\Users\Lynneth Dela Cerna\Downloads\openjfx-23_windows-x64_bin-sdk\javafx-sdk-23\bin\api-ms-win-core-processthreads-l1-1-1.dll
0x000002c0d4e80000 - 0x000002c0d4e83000 	C:\Users\Lynneth Dela Cerna\Downloads\openjfx-23_windows-x64_bin-sdk\javafx-sdk-23\bin\api-ms-win-core-profile-l1-1-0.dll
0x000002c0d4e90000 - 0x000002c0d4e93000 	C:\Users\Lynneth Dela Cerna\Downloads\openjfx-23_windows-x64_bin-sdk\javafx-sdk-23\bin\api-ms-win-core-rtlsupport-l1-1-0.dll
0x000002c0d4ea0000 - 0x000002c0d4ea3000 	C:\Users\Lynneth Dela Cerna\Downloads\openjfx-23_windows-x64_bin-sdk\javafx-sdk-23\bin\api-ms-win-core-string-l1-1-0.dll
0x000002c0d4eb0000 - 0x000002c0d4eb3000 	C:\Users\Lynneth Dela Cerna\Downloads\openjfx-23_windows-x64_bin-sdk\javafx-sdk-23\bin\api-ms-win-core-synch-l1-1-0.dll
0x000002c0d4ec0000 - 0x000002c0d4ec3000 	C:\Users\Lynneth Dela Cerna\Downloads\openjfx-23_windows-x64_bin-sdk\javafx-sdk-23\bin\api-ms-win-core-synch-l1-2-0.dll
0x000002c0d4ed0000 - 0x000002c0d4ed3000 	C:\Users\Lynneth Dela Cerna\Downloads\openjfx-23_windows-x64_bin-sdk\javafx-sdk-23\bin\api-ms-win-core-sysinfo-l1-1-0.dll
0x000002c0d4ee0000 - 0x000002c0d4ee3000 	C:\Users\Lynneth Dela Cerna\Downloads\openjfx-23_windows-x64_bin-sdk\javafx-sdk-23\bin\api-ms-win-core-timezone-l1-1-0.dll
0x000002c0d4ef0000 - 0x000002c0d4ef3000 	C:\Users\Lynneth Dela Cerna\Downloads\openjfx-23_windows-x64_bin-sdk\javafx-sdk-23\bin\api-ms-win-core-util-l1-1-0.dll
0x000002c0d4f00000 - 0x000002c0d4f03000 	C:\Users\Lynneth Dela Cerna\Downloads\openjfx-23_windows-x64_bin-sdk\javafx-sdk-23\bin\api-ms-win-crt-conio-l1-1-0.dll
0x000002c0d4f10000 - 0x000002c0d4f14000 	C:\Users\Lynneth Dela Cerna\Downloads\openjfx-23_windows-x64_bin-sdk\javafx-sdk-23\bin\api-ms-win-crt-convert-l1-1-0.dll
0x000002c0d4f20000 - 0x000002c0d4f23000 	C:\Users\Lynneth Dela Cerna\Downloads\openjfx-23_windows-x64_bin-sdk\javafx-sdk-23\bin\api-ms-win-crt-environment-l1-1-0.dll
0x000002c0d4f30000 - 0x000002c0d4f33000 	C:\Users\Lynneth Dela Cerna\Downloads\openjfx-23_windows-x64_bin-sdk\javafx-sdk-23\bin\api-ms-win-crt-filesystem-l1-1-0.dll
0x000002c0d4f40000 - 0x000002c0d4f43000 	C:\Users\Lynneth Dela Cerna\Downloads\openjfx-23_windows-x64_bin-sdk\javafx-sdk-23\bin\api-ms-win-crt-heap-l1-1-0.dll
0x000002c0d4f50000 - 0x000002c0d4f53000 	C:\Users\Lynneth Dela Cerna\Downloads\openjfx-23_windows-x64_bin-sdk\javafx-sdk-23\bin\api-ms-win-crt-locale-l1-1-0.dll
0x000002c0d4f60000 - 0x000002c0d4f65000 	C:\Users\Lynneth Dela Cerna\Downloads\openjfx-23_windows-x64_bin-sdk\javafx-sdk-23\bin\api-ms-win-crt-math-l1-1-0.dll
0x000002c0d4f70000 - 0x000002c0d4f75000 	C:\Users\Lynneth Dela Cerna\Downloads\openjfx-23_windows-x64_bin-sdk\javafx-sdk-23\bin\api-ms-win-crt-multibyte-l1-1-0.dll
0x000002c0d4f80000 - 0x000002c0d4f90000 	C:\Users\Lynneth Dela Cerna\Downloads\openjfx-23_windows-x64_bin-sdk\javafx-sdk-23\bin\api-ms-win-crt-private-l1-1-0.dll
0x000002c0d4f90000 - 0x000002c0d4f93000 	C:\Users\Lynneth Dela Cerna\Downloads\openjfx-23_windows-x64_bin-sdk\javafx-sdk-23\bin\api-ms-win-crt-process-l1-1-0.dll
0x000002c0d4fa0000 - 0x000002c0d4fa4000 	C:\Users\Lynneth Dela Cerna\Downloads\openjfx-23_windows-x64_bin-sdk\javafx-sdk-23\bin\api-ms-win-crt-runtime-l1-1-0.dll
0x000002c0d4fb0000 - 0x000002c0d4fb4000 	C:\Users\Lynneth Dela Cerna\Downloads\openjfx-23_windows-x64_bin-sdk\javafx-sdk-23\bin\api-ms-win-crt-stdio-l1-1-0.dll
0x000002c0d4fc0000 - 0x000002c0d4fc4000 	C:\Users\Lynneth Dela Cerna\Downloads\openjfx-23_windows-x64_bin-sdk\javafx-sdk-23\bin\api-ms-win-crt-string-l1-1-0.dll
0x000002c0d4fd0000 - 0x000002c0d4fd3000 	C:\Users\Lynneth Dela Cerna\Downloads\openjfx-23_windows-x64_bin-sdk\javafx-sdk-23\bin\api-ms-win-crt-time-l1-1-0.dll
0x000002c0d4fe0000 - 0x000002c0d4fe3000 	C:\Users\Lynneth Dela Cerna\Downloads\openjfx-23_windows-x64_bin-sdk\javafx-sdk-23\bin\api-ms-win-crt-utility-l1-1-0.dll
0x00007fffbd490000 - 0x00007fffbd58c000 	C:\Users\Lynneth Dela Cerna\Downloads\openjfx-23_windows-x64_bin-sdk\javafx-sdk-23\bin\ucrtbase.dll
0x00007fffcc500000 - 0x00007fffcc51b000 	C:\Users\Lynneth Dela Cerna\Downloads\openjfx-23_windows-x64_bin-sdk\javafx-sdk-23\bin\vcruntime140.dll
0x00007fffcd1a0000 - 0x00007fffcd1ac000 	C:\Users\Lynneth Dela Cerna\Downloads\openjfx-23_windows-x64_bin-sdk\javafx-sdk-23\bin\vcruntime140_1.dll
0x00007fffb1c50000 - 0x00007fffb1cde000 	C:\Users\Lynneth Dela Cerna\Downloads\openjfx-23_windows-x64_bin-sdk\javafx-sdk-23\bin\msvcp140.dll
0x00007fffcc4f0000 - 0x00007fffcc4f9000 	C:\Users\Lynneth Dela Cerna\Downloads\openjfx-23_windows-x64_bin-sdk\javafx-sdk-23\bin\msvcp140_1.dll
0x00007fffc20f0000 - 0x00007fffc2131000 	C:\Users\Lynneth Dela Cerna\Downloads\openjfx-23_windows-x64_bin-sdk\javafx-sdk-23\bin\msvcp140_2.dll
0x00007fffc4e20000 - 0x00007fffc4e50000 	C:\Users\Lynneth Dela Cerna\Downloads\openjfx-23_windows-x64_bin-sdk\javafx-sdk-23\bin\prism_d3d.dll
0x00007fff65820000 - 0x00007fff659c8000 	C:\WINDOWS\system32\d3d9.dll
0x00007fffca120000 - 0x00007fffca14b000 	C:\WINDOWS\SYSTEM32\dwmapi.dll
0x00007fffc9fb0000 - 0x00007fffc9fe7000 	C:\WINDOWS\SYSTEM32\dxcore.dll
0x00007fffc9c70000 - 0x00007fffc9d21000 	C:\WINDOWS\system32\uxtheme.dll
0x00007fffc2560000 - 0x00007fffc2610000 	C:\WINDOWS\SYSTEM32\d3d9on12.dll
0x00007fffc9ff0000 - 0x00007fffca0e7000 	C:\WINDOWS\SYSTEM32\dxgi.dll
0x00007fffc2530000 - 0x00007fffc2556000 	C:\WINDOWS\SYSTEM32\d3d12.dll
0x00007fffcd610000 - 0x00007fffcd65e000 	C:\WINDOWS\SYSTEM32\cfgmgr32.dll
0x00007fff84970000 - 0x00007fff84b72000 	C:\WINDOWS\SYSTEM32\D3D12Core.dll
0x00007fff84870000 - 0x00007fff84963000 	C:\WINDOWS\System32\DriverStore\FileRepository\iigd_dch.inf_amd64_46a183a099a0cf25\igd12umd64.dll
0x00007fff49740000 - 0x00007fff4a9c5000 	C:\WINDOWS\System32\DriverStore\FileRepository\iigd_dch.inf_amd64_46a183a099a0cf25\igd12um64xel.dll
0x00007fffce280000 - 0x00007fffce3e6000 	C:\WINDOWS\System32\CRYPT32.dll
0x00007fffb2550000 - 0x00007fffb26b2000 	C:\WINDOWS\SYSTEM32\drvstore.dll
0x00007fffc2500000 - 0x00007fffc2526000 	C:\WINDOWS\System32\DriverStore\FileRepository\iigd_dch.inf_amd64_46a183a099a0cf25\igdext64.dll
0x00007fffa0c30000 - 0x00007fffa0c79000 	C:\WINDOWS\SYSTEM32\ControlLib.dll
0x00007fffbbb40000 - 0x00007fffbbbd1000 	C:\WINDOWS\System32\DriverStore\FileRepository\iigd_dch.inf_amd64_46a183a099a0cf25\IntelControlLib.dll
0x00007fffc1cf0000 - 0x00007fffc1d39000 	C:\WINDOWS\SYSTEM32\directxdatabasehelper.dll
0x00007fffb6de0000 - 0x00007fffb721e000 	C:\WINDOWS\System32\DriverStore\FileRepository\iigd_dch.inf_amd64_46a183a099a0cf25\igdgmm64.dll
0x00007fffb28d0000 - 0x00007fffb6924000 	C:\WINDOWS\System32\DriverStore\FileRepository\iigd_dch.inf_amd64_46a183a099a0cf25\igc64.dll
0x00007fffbd270000 - 0x00007fffbd29f000 	C:\WINDOWS\SYSTEM32\D3DSCache.dll
0x00007fffcbff0000 - 0x00007fffcc018000 	C:\WINDOWS\SYSTEM32\USERENV.dll
0x00007fff84560000 - 0x00007fff8486c000 	C:\WINDOWS\System32\DriverStore\FileRepository\iigd_dch.inf_amd64_46a183a099a0cf25\igd12dxva64.dll
0x00007fffcf700000 - 0x00007fffcfb74000 	C:\WINDOWS\System32\SETUPAPI.dll
0x00007fff98850000 - 0x00007fff99a2d000 	C:\WINDOWS\System32\DriverStore\FileRepository\iigd_dch.inf_amd64_46a183a099a0cf25\igddxvacommon64.dll
0x00007fff96b20000 - 0x00007fff9884b000 	C:\WINDOWS\System32\DriverStore\FileRepository\iigd_dch.inf_amd64_46a183a099a0cf25\media_bin_64.dll
0x00007fffcc950000 - 0x00007fffcc977000 	C:\WINDOWS\System32\DriverStore\FileRepository\iigd_dch.inf_amd64_46a183a099a0cf25\igdinfo64.dll
0x00007fffbc020000 - 0x00007fffbc065000 	C:\Users\Lynneth Dela Cerna\Downloads\openjfx-23_windows-x64_bin-sdk\javafx-sdk-23\bin\glass.dll
0x00007fffce4f0000 - 0x00007fffce5ef000 	C:\WINDOWS\System32\COMDLG32.dll
0x00007fffcfbe0000 - 0x00007fffcfd40000 	C:\WINDOWS\System32\MSCTF.dll
0x00007fffce5f0000 - 0x00007fffce6a0000 	C:\WINDOWS\System32\clbcatq.dll
0x00007fffbc0c0000 - 0x00007fffbc239000 	C:\Windows\System32\Windows.UI.dll
0x00007fffbb4a0000 - 0x00007fffbb615000 	C:\Windows\System32\Windows.UI.Immersive.dll

dbghelp: loaded successfully - version: 4.0.5 - missing functions: none
symbol engine: initialized successfully - sym options: 0x614 - pdb path: .;C:\Program Files\Java\jdk-23\bin;C:\WINDOWS\SYSTEM32;C:\WINDOWS\WinSxS\amd64_microsoft.windows.common-controls_6595b64144ccf1df_6.0.22621.4391_none_2715d37f73803e96;C:\Program Files\Java\jdk-23\bin\server;C:\Users\Lynneth Dela Cerna\Downloads\openjfx-23_windows-x64_bin-sdk\javafx-sdk-23\bin;C:\WINDOWS\System32\DriverStore\FileRepository\iigd_dch.inf_amd64_46a183a099a0cf25

VM Arguments:
jvm_args: -Dfile.encoding=UTF-8 --module-path=C:\Java\javafx-sdk-23\lb --add-modules=javafx.controls,javafx.fxml --module-path=C:\Users\Lynneth Dela Cerna\Downloads\openjfx-23_windows-x64_bin-sdk\javafx-sdk-23\lib\javafx-swt.jar;C:\Users\Lynneth Dela Cerna\Downloads\openjfx-23_windows-x64_bin-sdk\javafx-sdk-23\lib\javafx.base.jar;C:\Users\Lynneth Dela Cerna\Downloads\openjfx-23_windows-x64_bin-sdk\javafx-sdk-23\lib\javafx.controls.jar;C:\Users\Lynneth Dela Cerna\Downloads\openjfx-23_windows-x64_bin-sdk\javafx-sdk-23\lib\javafx.fxml.jar;C:\Users\Lynneth Dela Cerna\Downloads\openjfx-23_windows-x64_bin-sdk\javafx-sdk-23\lib\javafx.graphics.jar;C:\Users\Lynneth Dela Cerna\Downloads\openjfx-23_windows-x64_bin-sdk\javafx-sdk-23\lib\javafx.media.jar;C:\Users\Lynneth Dela Cerna\Downloads\openjfx-23_windows-x64_bin-sdk\javafx-sdk-23\lib\javafx.swing.jar;C:\Users\Lynneth Dela Cerna\Downloads\openjfx-23_windows-x64_bin-sdk\javafx-sdk-23\lib\javafx.web.jar 
java_command: IDE.JavaFXMainClass
java_class_path (initial): C:\Users\Lynneth Dela Cerna\Downloads\openjfx-23_windows-x64_bin-sdk\javafx-sdk-23\lib\javafx-swt.jar;C:\Users\Lynneth Dela Cerna\Downloads\openjfx-23_windows-x64_bin-sdk\javafx-sdk-23\lib\javafx.base.jar;C:\Users\Lynneth Dela Cerna\Downloads\openjfx-23_windows-x64_bin-sdk\javafx-sdk-23\lib\javafx.controls.jar;C:\Users\Lynneth Dela Cerna\Downloads\openjfx-23_windows-x64_bin-sdk\javafx-sdk-23\lib\javafx.fxml.jar;C:\Users\Lynneth Dela Cerna\Downloads\openjfx-23_windows-x64_bin-sdk\javafx-sdk-23\lib\javafx.graphics.jar;C:\Users\Lynneth Dela Cerna\Downloads\openjfx-23_windows-x64_bin-sdk\javafx-sdk-23\lib\javafx.media.jar;C:\Users\Lynneth Dela Cerna\Downloads\openjfx-23_windows-x64_bin-sdk\javafx-sdk-23\lib\javafx.swing.jar;C:\Users\Lynneth Dela Cerna\Downloads\openjfx-23_windows-x64_bin-sdk\javafx-sdk-23\lib\javafx.web.jar;C:\Users\Lynneth Dela Cerna\Documents\NetBeansProjects\V-12\build\classes
Launcher Type: SUN_STANDARD

[Global flags]
     intx CICompilerCount                          = 4                                         {product} {ergonomic}
     uint ConcGCThreads                            = 3                                         {product} {ergonomic}
     uint G1ConcRefinementThreads                  = 10                                        {product} {ergonomic}
   size_t G1HeapRegionSize                         = 1048576                                   {product} {ergonomic}
   size_t InitialHeapSize                          = 130023424                                 {product} {ergonomic}
   size_t MarkStackSize                            = 4194304                                   {product} {ergonomic}
   size_t MarkStackSizeMax                         = 536870912                                 {product} {ergonomic}
   size_t MaxHeapSize                              = 2061500416                                {product} {ergonomic}
   size_t MaxNewSize                               = 1236271104                                {product} {ergonomic}
   size_t MinHeapDeltaBytes                        = 1048576                                   {product} {ergonomic}
   size_t MinHeapSize                              = 8388608                                   {product} {ergonomic}
    uintx NonNMethodCodeHeapSize                   = 5832704                                {pd product} {ergonomic}
    uintx NonProfiledCodeHeapSize                  = 122945536                              {pd product} {ergonomic}
    uintx ProfiledCodeHeapSize                     = 122880000                              {pd product} {ergonomic}
    uintx ReservedCodeCacheSize                    = 251658240                              {pd product} {ergonomic}
     bool SegmentedCodeCache                       = true                                      {product} {ergonomic}
   size_t SoftMaxHeapSize                          = 2061500416                             {manageable} {ergonomic}
     bool UseCompressedOops                        = true                           {product lp64_product} {ergonomic}
     bool UseG1GC                                  = true                                      {product} {ergonomic}
     bool UseLargePagesIndividualAllocation        = false                                  {pd product} {ergonomic}

Logging:
Log output configuration:
 #0: stdout all=warning uptime,level,tags foldmultilines=false
 #1: stderr all=off uptime,level,tags foldmultilines=false

Environment Variables:
PATH=C:\Program Files\Common Files\Oracle\Java\javapath;C:\Program Files (x86)\Common Files\Oracle\Java\java8path;C:\Program Files (x86)\Common Files\Oracle\Java\javapath;C:\Program Files\Microsoft\jdk-11.0.12.7-hotspot\bin;C:\windows\system32;C:\windows;C:\windows\System32\Wbem;C:\windows\System32\WindowsPowerShell\v1.0\;C:\windows\System32\OpenSSH\;C:\Program Files\dotnet\;\msys64\mingw64\bin;C:\msys64\mingw64;C:\WINDOWS\system32;C:\WINDOWS;C:\WINDOWS\System32\Wbem;C:\WINDOWS\System32\WindowsPowerShell\v1.0\;C:\WINDOWS\System32\OpenSSH\;C:\ProgramData\chocolatey\bin;C:\Program Files\swipl\bin;C:\Program Files\Microsoft SQL Server\150\Tools\Binn\;C:\Program Files\Microsoft SQL Server\Client SDK\ODBC\170\Tools\Binn\;C:\Program Files (x86)\Windows Kits\10\Windows Performance Toolkit\;C:\Program Files\Git\cmd;C:\Program Files\nodejs\;C:\Users\Lynneth Dela Cerna\AppData\Local\Microsoft\WindowsApps;C:\Users\Lynneth Dela Cerna\AppData\Local\Programs\Microsoft VS Code\bin;C:\Users\Lynneth Dela Cerna\.dotnet\tools;C:\ghcup\bin;C:\Users\Lynneth Dela Cerna\AppData\Local\GitHubDesktop\bin;C:\Users\Lynneth Dela Cerna\AppData\Roaming\npm
USERNAME=Lynneth Dela Cerna
OS=Windows_NT
PROCESSOR_IDENTIFIER=Intel64 Family 6 Model 154 Stepping 4, GenuineIntel
TMP=C:\Users\LYNNET~1\AppData\Local\Temp
TEMP=C:\Users\LYNNET~1\AppData\Local\Temp




Periodic native trim disabled

---------------  S Y S T E M  ---------------

OS:
 Windows 11 , 64 bit Build 22621 (10.0.22621.4391)
OS uptime: 1 days 6:42 hours
Hyper-V role detected

CPU: total 12 (initial active 12) (6 cores per cpu, 2 threads per core) family 6 model 154 stepping 4 microcode 0x42c, cx8, cmov, fxsr, ht, mmx, 3dnowpref, sse, sse2, sse3, ssse3, sse4.1, sse4.2, popcnt, lzcnt, tsc, tscinvbit, avx, avx2, aes, erms, clmul, bmi1, bmi2, adx, sha, fma, vzeroupper, clflush, clflushopt, clwb, hv, serialize, rdtscp, rdpid, fsrm, gfni, f16c, cet_ibt, cet_ss
Processor Information for processor 0
  Max Mhz: 1300, Current Mhz: 1300, Mhz Limit: 1300
Processor Information for processor 1
  Max Mhz: 1300, Current Mhz: 1300, Mhz Limit: 1300
Processor Information for processor 2
  Max Mhz: 1300, Current Mhz: 1300, Mhz Limit: 1300
Processor Information for processor 3
  Max Mhz: 1300, Current Mhz: 1300, Mhz Limit: 1300
Processor Information for processor 4
  Max Mhz: 1300, Current Mhz: 900, Mhz Limit: 897
Processor Information for processor 5
  Max Mhz: 1300, Current Mhz: 900, Mhz Limit: 897
Processor Information for processor 6
  Max Mhz: 1300, Current Mhz: 900, Mhz Limit: 897
Processor Information for processor 7
  Max Mhz: 1300, Current Mhz: 900, Mhz Limit: 897
Processor Information for processor 8
  Max Mhz: 1300, Current Mhz: 900, Mhz Limit: 897
Processor Information for processor 9
  Max Mhz: 1300, Current Mhz: 900, Mhz Limit: 897
Processor Information for processor 10
  Max Mhz: 1300, Current Mhz: 900, Mhz Limit: 897
Processor Information for processor 11
  Max Mhz: 1300, Current Mhz: 900, Mhz Limit: 897

Memory: 4k page, system-wide physical 7863M (205M free)
TotalPageFile size 32429M (AvailPageFile size 328M)
current process WorkingSet (physical memory assigned to process): 320M, peak: 320M
current process commit charge ("private bytes"): 498M, peak: 1055M

vm_info: Java HotSpot(TM) 64-Bit Server VM (23+37-2369) for windows-amd64 JRE (23+37-2369), built on 2024-08-20T16:01:23Z with MS VC++ 17.6 (VS2022)

END.
