#
# There is insufficient memory for the Java Runtime Environment to continue.
# Native memory allocation (mmap) failed to map 279969792 bytes. Error detail: G1 virtual space
# Possible reasons:
#   The system is out of physical RAM or swap space
#   This process is running with CompressedOops enabled, and the Java Heap may be blocking the growth of the native heap
# Possible solutions:
#   Reduce memory load on the system
#   Increase physical memory or swap space
#   Check if swap backing store is full
#   Decrease Java heap size (-Xmx/-Xms)
#   Decrease number of Java threads
#   Decrease Java thread stack sizes (-Xss)
#   Set larger code cache with -XX:ReservedCodeCacheSize=
#   JVM is running with Unscaled Compressed Oops mode in which the Java heap is
#     placed in the first 4GB address space. The Java Heap base address is the
#     maximum limit for the native heap growth. Please use -XX:HeapBaseMinAddress
#     to set the Java Heap base and to place the Java Heap above 4GB virtual address.
# This output file may be truncated or incomplete.
#
#  Out of Memory Error (os_windows.cpp:3703), pid=11704, tid=13776
#
# JRE version: Java(TM) SE Runtime Environment (23.0+37) (build 23+37-2369)
# Java VM: Java HotSpot(TM) 64-Bit Server VM (23+37-2369, mixed mode, sharing, tiered, compressed oops, compressed class ptrs, g1 gc, windows-amd64)
# No core dump will be written. Minidumps are not enabled by default on client versions of Windows
#

---------------  S U M M A R Y ------------

Command Line: -Dfile.encoding=UTF-8 --module-path=C:\Java\javafx-sdk-23\lb --add-modules=javafx.controls,javafx.fxml --module-path=C:\Users\Lynneth Dela Cerna\Downloads\openjfx-23_windows-x64_bin-sdk\javafx-sdk-23\lib\javafx-swt.jar;C:\Users\Lynneth Dela Cerna\Downloads\openjfx-23_windows-x64_bin-sdk\javafx-sdk-23\lib\javafx.base.jar;C:\Users\Lynneth Dela Cerna\Downloads\openjfx-23_windows-x64_bin-sdk\javafx-sdk-23\lib\javafx.controls.jar;C:\Users\Lynneth Dela Cerna\Downloads\openjfx-23_windows-x64_bin-sdk\javafx-sdk-23\lib\javafx.fxml.jar;C:\Users\Lynneth Dela Cerna\Downloads\openjfx-23_windows-x64_bin-sdk\javafx-sdk-23\lib\javafx.graphics.jar;C:\Users\Lynneth Dela Cerna\Downloads\openjfx-23_windows-x64_bin-sdk\javafx-sdk-23\lib\javafx.media.jar;C:\Users\Lynneth Dela Cerna\Downloads\openjfx-23_windows-x64_bin-sdk\javafx-sdk-23\lib\javafx.swing.jar;C:\Users\Lynneth Dela Cerna\Downloads\openjfx-23_windows-x64_bin-sdk\javafx-sdk-23\lib\javafx.web.jar IDE.JavaFXMainClass

Host: 12th Gen Intel(R) Core(TM) i5-1235U, 12 cores, 7G,  Windows 11 , 64 bit Build 22621 (10.0.22621.4391)
Time: Wed Dec  4 12:52:17 2024 Malay Peninsula Standard Time elapsed time: 1.781974 seconds (0d 0h 0m 1s)

---------------  T H R E A D  ---------------

Current thread (0x0000018f7efff610):  VMThread "VM Thread"          [id=13776, stack(0x0000006633900000,0x0000006633a00000) (1024K)]

Stack: [0x0000006633900000,0x0000006633a00000]
Native frames: (J=compiled Java code, j=interpreted, Vv=VM code, C=native code)
V  [jvm.dll+0x6e08a9]  (no source info available)
V  [jvm.dll+0x87da63]  (no source info available)
V  [jvm.dll+0x87feee]  (no source info available)
V  [jvm.dll+0x8805c3]  (no source info available)
V  [jvm.dll+0x27aee6]  (no source info available)
V  [jvm.dll+0x6dd1b5]  (no source info available)
V  [jvm.dll+0x6d103a]  (no source info available)
V  [jvm.dll+0x35b3ea]  (no source info available)
V  [jvm.dll+0x3637f6]  (no source info available)
V  [jvm.dll+0x34fd5e]  (no source info available)
V  [jvm.dll+0x34fff8]  (no source info available)
V  [jvm.dll+0x3289cc]  (no source info available)
V  [jvm.dll+0x32b3b9]  (no source info available)
V  [jvm.dll+0x335f74]  (no source info available)
V  [jvm.dll+0x372d55]  (no source info available)
V  [jvm.dll+0x886500]  (no source info available)
V  [jvm.dll+0x887827]  (no source info available)
V  [jvm.dll+0x887d58]  (no source info available)
V  [jvm.dll+0x887ff3]  (no source info available)
V  [jvm.dll+0x824f1b]  (no source info available)
V  [jvm.dll+0x6df055]  (no source info available)
C  [ucrtbase.dll+0x29333]  (no source info available)
C  [KERNEL32.DLL+0x1259d]  (no source info available)
C  [ntdll.dll+0x5af38]  (no source info available)

VM_Operation (0x00000066334ff530): G1PauseRemark, mode: safepoint, requested by thread 0x0000018f64118d10


---------------  P R O C E S S  ---------------

Threads class SMR info:
_java_thread_list=0x0000018f47be47d0, length=16, elements={
0x0000018f640af250, 0x0000018f7f01a900, 0x0000018f7f01b620, 0x0000018f7f01d290,
0x0000018f7f01e080, 0x0000018f7f01ff00, 0x0000018f7f020a90, 0x0000018f7f0239a0,
0x0000018f7f0246d0, 0x0000018f47141d40, 0x0000018f4729f330, 0x0000018f479bce80,
0x0000018f47cf5f90, 0x0000018f47cee6f0, 0x0000018f47ebba30, 0x0000018f47ee2840
}

Java Threads: ( => current thread )
  0x0000018f640af250 JavaThread "main"                              [_thread_blocked, id=11044, stack(0x0000006633200000,0x0000006633300000) (1024K)]
  0x0000018f7f01a900 JavaThread "Reference Handler"          daemon [_thread_blocked, id=12816, stack(0x0000006633a00000,0x0000006633b00000) (1024K)]
  0x0000018f7f01b620 JavaThread "Finalizer"                  daemon [_thread_blocked, id=13428, stack(0x0000006633b00000,0x0000006633c00000) (1024K)]
  0x0000018f7f01d290 JavaThread "Signal Dispatcher"          daemon [_thread_blocked, id=6512, stack(0x0000006633c00000,0x0000006633d00000) (1024K)]
  0x0000018f7f01e080 JavaThread "Attach Listener"            daemon [_thread_blocked, id=8432, stack(0x0000006633d00000,0x0000006633e00000) (1024K)]
  0x0000018f7f01ff00 JavaThread "Service Thread"             daemon [_thread_blocked, id=10024, stack(0x0000006633e00000,0x0000006633f00000) (1024K)]
  0x0000018f7f020a90 JavaThread "Monitor Deflation Thread"   daemon [_thread_blocked, id=14688, stack(0x0000006633f00000,0x0000006634000000) (1024K)]
  0x0000018f7f0239a0 JavaThread "C2 CompilerThread0"         daemon [_thread_blocked, id=13212, stack(0x0000006634000000,0x0000006634100000) (1024K)]
  0x0000018f7f0246d0 JavaThread "C1 CompilerThread0"         daemon [_thread_blocked, id=10028, stack(0x0000006634100000,0x0000006634200000) (1024K)]
  0x0000018f47141d40 JavaThread "Common-Cleaner"             daemon [_thread_blocked, id=9740, stack(0x0000006634200000,0x0000006634300000) (1024K)]
  0x0000018f4729f330 JavaThread "Notification Thread"        daemon [_thread_blocked, id=8824, stack(0x0000006634300000,0x0000006634400000) (1024K)]
  0x0000018f479bce80 JavaThread "QuantumRenderer-0"          daemon [_thread_blocked, id=8044, stack(0x0000006634400000,0x0000006634500000) (1024K)]
  0x0000018f47cf5f90 JavaThread "InvokeLaterDispatcher"      daemon [_thread_blocked, id=3232, stack(0x0000006634900000,0x0000006634a00000) (1024K)]
  0x0000018f47cee6f0 JavaThread "JavaFX Application Thread"         [_thread_blocked, id=19688, stack(0x0000006634a00000,0x0000006634b00000) (1024K)]
  0x0000018f47ebba30 JavaThread "JavaFX-Launcher"                   [_thread_blocked, id=6812, stack(0x0000006634d00000,0x0000006634e00000) (1024K)]
  0x0000018f47ee2840 JavaThread "Thread-2"                   daemon [_thread_blocked, id=17300, stack(0x0000006634c00000,0x0000006634d00000) (1024K)]
Total: 16

Other Threads:
=>0x0000018f7efff610 VMThread "VM Thread"                           [id=13776, stack(0x0000006633900000,0x0000006633a00000) (1024K)]
  0x0000018f7efec5e0 WatcherThread "VM Periodic Task Thread"        [id=21440, stack(0x0000006633800000,0x0000006633900000) (1024K)]
  0x0000018f64104990 WorkerThread "GC Thread#0"                     [id=21376, stack(0x0000006633300000,0x0000006633400000) (1024K)]
  0x0000018f7effe750 WorkerThread "GC Thread#1"                     [id=17576, stack(0x0000006634e00000,0x0000006634f00000) (1024K)]
  0x0000018f7effeb00 WorkerThread "GC Thread#2"                     [id=14444, stack(0x0000006634f00000,0x0000006635000000) (1024K)]
  0x0000018f47f9a9f0 WorkerThread "GC Thread#3"                     [id=7872, stack(0x0000006635000000,0x0000006635100000) (1024K)]
  0x0000018f47f99ee0 WorkerThread "GC Thread#4"                     [id=9400, stack(0x0000006635100000,0x0000006635200000) (1024K)]
  0x0000018f47f9a640 WorkerThread "GC Thread#5"                     [id=18332, stack(0x0000006635200000,0x0000006635300000) (1024K)]
  0x0000018f47f9ada0 WorkerThread "GC Thread#6"                     [id=14276, stack(0x0000006635300000,0x0000006635400000) (1024K)]
  0x0000018f47f9c3c0 WorkerThread "GC Thread#7"                     [id=7860, stack(0x0000006635400000,0x0000006635500000) (1024K)]
  0x0000018f47f9b150 WorkerThread "GC Thread#8"                     [id=4980, stack(0x0000006635700000,0x0000006635800000) (1024K)]
  0x0000018f47f9b500 WorkerThread "GC Thread#9"                     [id=19552, stack(0x0000006635800000,0x0000006635900000) (1024K)]
  0x0000018f64118d10 ConcurrentGCThread "G1 Main Marker"            [id=20580, stack(0x0000006633400000,0x0000006633500000) (1024K)]
  0x0000018f641199d0 WorkerThread "G1 Conc#0"                       [id=21228, stack(0x0000006633500000,0x0000006633600000) (1024K)]
  0x0000018f47f9a290 WorkerThread "G1 Conc#1"                       [id=10976, stack(0x0000006635500000,0x0000006635600000) (1024K)]
  0x0000018f47f9d280 WorkerThread "G1 Conc#2"                       [id=6820, stack(0x0000006635600000,0x0000006635700000) (1024K)]
  0x0000018f7eec2980 ConcurrentGCThread "G1 Refine#0"               [id=17244, stack(0x0000006633600000,0x0000006633700000) (1024K)]
  0x0000018f7eec3410 ConcurrentGCThread "G1 Service"                [id=4664, stack(0x0000006633700000,0x0000006633800000) (1024K)]
Total: 18

Threads with active compile tasks:
C2 CompilerThread0  1861 1415       4       java.io.SequenceInputStream::read (31 bytes)
Total: 1

VM state: at safepoint (normal execution)

VM Mutex/Monitor currently owned by a thread:  ([mutex/lock_event])
[0x00007fff7c193910] Threads_lock - owner thread: 0x0000018f7efff610
[0x00007fff7c193a10] Heap_lock - owner thread: 0x0000018f64118d10

Heap address: 0x0000000085200000, size: 1966 MB, Compressed Oops mode: 32-bit

CDS archive(s) mapped at: [0x0000018f02000000-0x0000018f02d70000-0x0000018f02d70000), size 14090240, SharedBaseAddress: 0x0000018f02000000, ArchiveRelocationMode: 1.
Compressed class space mapped at: 0x0000018f03000000-0x0000018f43000000, reserved size: 1073741824
Narrow klass base: 0x0000018f02000000, Narrow klass shift: 0, Narrow klass range: 0x41000000

GC Precious Log:
 CardTable entry size: 512
 Card Set container configuration: InlinePtr #cards 5 size 8 Array Of Cards #cards 10 size 36 Howl #buckets 4 coarsen threshold 1843 Howl Bitmap #cards 512 size 80 coarsen threshold 460 Card regions per heap region 1 cards per card region 2048
 CPUs: 12 total, 12 available
 Memory: 7863M
 Large Page Support: Disabled
 NUMA Support: Disabled
 Compressed Oops: Enabled (32-bit)
 Heap Region Size: 1M
 Heap Min Capacity: 8M
 Heap Initial Capacity: 124M
 Heap Max Capacity: 1966M
 Pre-touch: Disabled
 Parallel Workers: 10
 Concurrent Workers: 3
 Concurrent Refinement Workers: 10
 Periodic GC: Disabled

Heap:
 garbage-first heap   total reserved 2013184K, committed 430080K, used 420162K [0x0000000085200000, 0x0000000100000000)
  region size 1024K, 2 young (2048K), 1 survivors (1024K)
 Metaspace       used 7496K, committed 7744K, reserved 1114112K
  class space    used 920K, committed 1024K, reserved 1048576K

Heap Regions: E=young(eden), S=young(survivor), O=old, HS=humongous(starts), HC=humongous(continues), CS=collection set, F=free, TAMS=top-at-mark-start, PB=parsable bottom
|   0|0x0000000085200000, 0x0000000085300000, 0x0000000085300000|100%| O|  |TAMS 0x0000000085300000| PB 0x0000000085300000| Untracked |  0
|   1|0x0000000085300000, 0x0000000085400000, 0x0000000085400000|100%|HS|  |TAMS 0x0000000085400000| PB 0x0000000085300000| Complete |  0
|   2|0x0000000085400000, 0x0000000085500000, 0x0000000085500000|100%|HC|  |TAMS 0x0000000085500000| PB 0x0000000085400000| Complete |  0
|   3|0x0000000085500000, 0x0000000085600000, 0x0000000085600000|100%|HC|  |TAMS 0x0000000085600000| PB 0x0000000085500000| Complete |  0
|   4|0x0000000085600000, 0x0000000085700000, 0x0000000085700000|100%|HC|  |TAMS 0x0000000085700000| PB 0x0000000085600000| Complete |  0
|   5|0x0000000085700000, 0x0000000085800000, 0x0000000085800000|100%|HC|  |TAMS 0x0000000085800000| PB 0x0000000085700000| Complete |  0
|   6|0x0000000085800000, 0x0000000085800000, 0x0000000085900000|  0%| F|  |TAMS 0x0000000085800000| PB 0x0000000085800000| Untracked |  0
|   7|0x0000000085900000, 0x0000000085900000, 0x0000000085a00000|  0%| F|  |TAMS 0x0000000085900000| PB 0x0000000085900000| Untracked |  0
|   8|0x0000000085a00000, 0x0000000085b00000, 0x0000000085b00000|100%|HS|  |TAMS 0x0000000085b00000| PB 0x0000000085a00000| Complete |  0
|   9|0x0000000085b00000, 0x0000000085c00000, 0x0000000085c00000|100%|HC|  |TAMS 0x0000000085c00000| PB 0x0000000085b00000| Complete |  0
|  10|0x0000000085c00000, 0x0000000085d00000, 0x0000000085d00000|100%|HC|  |TAMS 0x0000000085d00000| PB 0x0000000085c00000| Complete |  0
|  11|0x0000000085d00000, 0x0000000085e00000, 0x0000000085e00000|100%|HC|  |TAMS 0x0000000085e00000| PB 0x0000000085d00000| Complete |  0
|  12|0x0000000085e00000, 0x0000000085f00000, 0x0000000085f00000|100%|HC|  |TAMS 0x0000000085f00000| PB 0x0000000085e00000| Complete |  0
|  13|0x0000000085f00000, 0x0000000086000000, 0x0000000086000000|100%|HS|  |TAMS 0x0000000086000000| PB 0x0000000085f00000| Complete |  0
|  14|0x0000000086000000, 0x0000000086100000, 0x0000000086100000|100%|HC|  |TAMS 0x0000000086100000| PB 0x0000000086000000| Complete |  0
|  15|0x0000000086100000, 0x0000000086200000, 0x0000000086200000|100%|HC|  |TAMS 0x0000000086200000| PB 0x0000000086100000| Complete |  0
|  16|0x0000000086200000, 0x0000000086300000, 0x0000000086300000|100%|HC|  |TAMS 0x0000000086300000| PB 0x0000000086200000| Complete |  0
|  17|0x0000000086300000, 0x0000000086400000, 0x0000000086400000|100%|HC|  |TAMS 0x0000000086400000| PB 0x0000000086300000| Complete |  0
|  18|0x0000000086400000, 0x0000000086500000, 0x0000000086500000|100%|HS|  |TAMS 0x0000000086500000| PB 0x0000000086400000| Complete |  0
|  19|0x0000000086500000, 0x0000000086600000, 0x0000000086600000|100%|HC|  |TAMS 0x0000000086600000| PB 0x0000000086500000| Complete |  0
|  20|0x0000000086600000, 0x0000000086700000, 0x0000000086700000|100%|HC|  |TAMS 0x0000000086700000| PB 0x0000000086600000| Complete |  0
|  21|0x0000000086700000, 0x0000000086800000, 0x0000000086800000|100%|HC|  |TAMS 0x0000000086800000| PB 0x0000000086700000| Complete |  0
|  22|0x0000000086800000, 0x0000000086900000, 0x0000000086900000|100%|HC|  |TAMS 0x0000000086900000| PB 0x0000000086800000| Complete |  0
|  23|0x0000000086900000, 0x0000000086a00000, 0x0000000086a00000|100%|HS|  |TAMS 0x0000000086a00000| PB 0x0000000086900000| Complete |  0
|  24|0x0000000086a00000, 0x0000000086b00000, 0x0000000086b00000|100%|HC|  |TAMS 0x0000000086b00000| PB 0x0000000086a00000| Complete |  0
|  25|0x0000000086b00000, 0x0000000086c00000, 0x0000000086c00000|100%|HC|  |TAMS 0x0000000086c00000| PB 0x0000000086b00000| Complete |  0
|  26|0x0000000086c00000, 0x0000000086d00000, 0x0000000086d00000|100%|HC|  |TAMS 0x0000000086d00000| PB 0x0000000086c00000| Complete |  0
|  27|0x0000000086d00000, 0x0000000086e00000, 0x0000000086e00000|100%|HC|  |TAMS 0x0000000086e00000| PB 0x0000000086d00000| Complete |  0
|  28|0x0000000086e00000, 0x0000000086f00000, 0x0000000086f00000|100%|HS|  |TAMS 0x0000000086f00000| PB 0x0000000086e00000| Complete |  0
|  29|0x0000000086f00000, 0x0000000087000000, 0x0000000087000000|100%|HC|  |TAMS 0x0000000087000000| PB 0x0000000086f00000| Complete |  0
|  30|0x0000000087000000, 0x0000000087100000, 0x0000000087100000|100%|HC|  |TAMS 0x0000000087100000| PB 0x0000000087000000| Complete |  0
|  31|0x0000000087100000, 0x0000000087200000, 0x0000000087200000|100%|HC|  |TAMS 0x0000000087200000| PB 0x0000000087100000| Complete |  0
|  32|0x0000000087200000, 0x0000000087300000, 0x0000000087300000|100%|HC|  |TAMS 0x0000000087300000| PB 0x0000000087200000| Complete |  0
|  33|0x0000000087300000, 0x0000000087400000, 0x0000000087400000|100%|HS|  |TAMS 0x0000000087400000| PB 0x0000000087300000| Complete |  0
|  34|0x0000000087400000, 0x0000000087500000, 0x0000000087500000|100%|HC|  |TAMS 0x0000000087500000| PB 0x0000000087400000| Complete |  0
|  35|0x0000000087500000, 0x0000000087600000, 0x0000000087600000|100%|HC|  |TAMS 0x0000000087600000| PB 0x0000000087500000| Complete |  0
|  36|0x0000000087600000, 0x0000000087700000, 0x0000000087700000|100%|HC|  |TAMS 0x0000000087700000| PB 0x0000000087600000| Complete |  0
|  37|0x0000000087700000, 0x0000000087800000, 0x0000000087800000|100%|HC|  |TAMS 0x0000000087800000| PB 0x0000000087700000| Complete |  0
|  38|0x0000000087800000, 0x0000000087900000, 0x0000000087900000|100%|HS|  |TAMS 0x0000000087900000| PB 0x0000000087800000| Complete |  0
|  39|0x0000000087900000, 0x0000000087a00000, 0x0000000087a00000|100%|HC|  |TAMS 0x0000000087a00000| PB 0x0000000087900000| Complete |  0
|  40|0x0000000087a00000, 0x0000000087b00000, 0x0000000087b00000|100%|HC|  |TAMS 0x0000000087b00000| PB 0x0000000087a00000| Complete |  0
|  41|0x0000000087b00000, 0x0000000087c00000, 0x0000000087c00000|100%|HC|  |TAMS 0x0000000087c00000| PB 0x0000000087b00000| Complete |  0
|  42|0x0000000087c00000, 0x0000000087d00000, 0x0000000087d00000|100%|HC|  |TAMS 0x0000000087d00000| PB 0x0000000087c00000| Complete |  0
|  43|0x0000000087d00000, 0x0000000087e00000, 0x0000000087e00000|100%|HS|  |TAMS 0x0000000087e00000| PB 0x0000000087d00000| Complete |  0
|  44|0x0000000087e00000, 0x0000000087f00000, 0x0000000087f00000|100%|HC|  |TAMS 0x0000000087f00000| PB 0x0000000087e00000| Complete |  0
|  45|0x0000000087f00000, 0x0000000088000000, 0x0000000088000000|100%|HC|  |TAMS 0x0000000088000000| PB 0x0000000087f00000| Complete |  0
|  46|0x0000000088000000, 0x0000000088100000, 0x0000000088100000|100%|HC|  |TAMS 0x0000000088100000| PB 0x0000000088000000| Complete |  0
|  47|0x0000000088100000, 0x0000000088200000, 0x0000000088200000|100%|HC|  |TAMS 0x0000000088200000| PB 0x0000000088100000| Complete |  0
|  48|0x0000000088200000, 0x0000000088300000, 0x0000000088300000|100%|HS|  |TAMS 0x0000000088300000| PB 0x0000000088200000| Complete |  0
|  49|0x0000000088300000, 0x0000000088400000, 0x0000000088400000|100%|HC|  |TAMS 0x0000000088400000| PB 0x0000000088300000| Complete |  0
|  50|0x0000000088400000, 0x0000000088500000, 0x0000000088500000|100%|HC|  |TAMS 0x0000000088500000| PB 0x0000000088400000| Complete |  0
|  51|0x0000000088500000, 0x0000000088600000, 0x0000000088600000|100%|HC|  |TAMS 0x0000000088600000| PB 0x0000000088500000| Complete |  0
|  52|0x0000000088600000, 0x0000000088700000, 0x0000000088700000|100%|HC|  |TAMS 0x0000000088700000| PB 0x0000000088600000| Complete |  0
|  53|0x0000000088700000, 0x0000000088700000, 0x0000000088800000|  0%| F|  |TAMS 0x0000000088700000| PB 0x0000000088700000| Untracked |  0
|  54|0x0000000088800000, 0x0000000088900000, 0x0000000088900000|100%| O|  |TAMS 0x0000000088900000| PB 0x0000000088900000| Untracked |  0
|  55|0x0000000088900000, 0x0000000088a00000, 0x0000000088a00000|100%| O|  |TAMS 0x0000000088a00000| PB 0x0000000088a00000| Untracked |  0
|  56|0x0000000088a00000, 0x0000000088b00000, 0x0000000088b00000|100%|HS|  |TAMS 0x0000000088b00000| PB 0x0000000088a00000| Complete |  0
|  57|0x0000000088b00000, 0x0000000088c00000, 0x0000000088c00000|100%|HC|  |TAMS 0x0000000088c00000| PB 0x0000000088b00000| Complete |  0
|  58|0x0000000088c00000, 0x0000000088d00000, 0x0000000088d00000|100%|HC|  |TAMS 0x0000000088d00000| PB 0x0000000088c00000| Complete |  0
|  59|0x0000000088d00000, 0x0000000088e00000, 0x0000000088e00000|100%|HC|  |TAMS 0x0000000088e00000| PB 0x0000000088d00000| Complete |  0
|  60|0x0000000088e00000, 0x0000000088f00000, 0x0000000088f00000|100%|HC|  |TAMS 0x0000000088f00000| PB 0x0000000088e00000| Complete |  0
|  61|0x0000000088f00000, 0x0000000089000000, 0x0000000089000000|100%|HS|  |TAMS 0x0000000089000000| PB 0x0000000088f00000| Complete |  0
|  62|0x0000000089000000, 0x0000000089100000, 0x0000000089100000|100%|HC|  |TAMS 0x0000000089100000| PB 0x0000000089000000| Complete |  0
|  63|0x0000000089100000, 0x0000000089200000, 0x0000000089200000|100%|HC|  |TAMS 0x0000000089200000| PB 0x0000000089100000| Complete |  0
|  64|0x0000000089200000, 0x0000000089300000, 0x0000000089300000|100%|HC|  |TAMS 0x0000000089300000| PB 0x0000000089200000| Complete |  0
|  65|0x0000000089300000, 0x0000000089400000, 0x0000000089400000|100%|HC|  |TAMS 0x0000000089400000| PB 0x0000000089300000| Complete |  0
|  66|0x0000000089400000, 0x0000000089500000, 0x0000000089500000|100%|HS|  |TAMS 0x0000000089500000| PB 0x0000000089400000| Complete |  0
|  67|0x0000000089500000, 0x0000000089600000, 0x0000000089600000|100%|HC|  |TAMS 0x0000000089600000| PB 0x0000000089500000| Complete |  0
|  68|0x0000000089600000, 0x0000000089700000, 0x0000000089700000|100%|HC|  |TAMS 0x0000000089700000| PB 0x0000000089600000| Complete |  0
|  69|0x0000000089700000, 0x0000000089800000, 0x0000000089800000|100%|HC|  |TAMS 0x0000000089800000| PB 0x0000000089700000| Complete |  0
|  70|0x0000000089800000, 0x0000000089900000, 0x0000000089900000|100%|HC|  |TAMS 0x0000000089900000| PB 0x0000000089800000| Complete |  0
|  71|0x0000000089900000, 0x0000000089a00000, 0x0000000089a00000|100%|HS|  |TAMS 0x0000000089a00000| PB 0x0000000089900000| Complete |  0
|  72|0x0000000089a00000, 0x0000000089b00000, 0x0000000089b00000|100%|HC|  |TAMS 0x0000000089b00000| PB 0x0000000089a00000| Complete |  0
|  73|0x0000000089b00000, 0x0000000089c00000, 0x0000000089c00000|100%|HC|  |TAMS 0x0000000089c00000| PB 0x0000000089b00000| Complete |  0
|  74|0x0000000089c00000, 0x0000000089d00000, 0x0000000089d00000|100%|HC|  |TAMS 0x0000000089d00000| PB 0x0000000089c00000| Complete |  0
|  75|0x0000000089d00000, 0x0000000089e00000, 0x0000000089e00000|100%|HC|  |TAMS 0x0000000089e00000| PB 0x0000000089d00000| Complete |  0
|  76|0x0000000089e00000, 0x0000000089f00000, 0x0000000089f00000|100%|HS|  |TAMS 0x0000000089f00000| PB 0x0000000089e00000| Complete |  0
|  77|0x0000000089f00000, 0x000000008a000000, 0x000000008a000000|100%|HC|  |TAMS 0x000000008a000000| PB 0x0000000089f00000| Complete |  0
|  78|0x000000008a000000, 0x000000008a100000, 0x000000008a100000|100%|HC|  |TAMS 0x000000008a100000| PB 0x000000008a000000| Complete |  0
|  79|0x000000008a100000, 0x000000008a200000, 0x000000008a200000|100%|HC|  |TAMS 0x000000008a200000| PB 0x000000008a100000| Complete |  0
|  80|0x000000008a200000, 0x000000008a300000, 0x000000008a300000|100%|HC|  |TAMS 0x000000008a300000| PB 0x000000008a200000| Complete |  0
|  81|0x000000008a300000, 0x000000008a400000, 0x000000008a400000|100%|HS|  |TAMS 0x000000008a400000| PB 0x000000008a300000| Complete |  0
|  82|0x000000008a400000, 0x000000008a500000, 0x000000008a500000|100%|HC|  |TAMS 0x000000008a500000| PB 0x000000008a400000| Complete |  0
|  83|0x000000008a500000, 0x000000008a600000, 0x000000008a600000|100%|HC|  |TAMS 0x000000008a600000| PB 0x000000008a500000| Complete |  0
|  84|0x000000008a600000, 0x000000008a700000, 0x000000008a700000|100%|HC|  |TAMS 0x000000008a700000| PB 0x000000008a600000| Complete |  0
|  85|0x000000008a700000, 0x000000008a800000, 0x000000008a800000|100%|HC|  |TAMS 0x000000008a800000| PB 0x000000008a700000| Complete |  0
|  86|0x000000008a800000, 0x000000008a900000, 0x000000008a900000|100%|HS|  |TAMS 0x000000008a900000| PB 0x000000008a800000| Complete |  0
|  87|0x000000008a900000, 0x000000008aa00000, 0x000000008aa00000|100%|HC|  |TAMS 0x000000008aa00000| PB 0x000000008a900000| Complete |  0
|  88|0x000000008aa00000, 0x000000008ab00000, 0x000000008ab00000|100%|HC|  |TAMS 0x000000008ab00000| PB 0x000000008aa00000| Complete |  0
|  89|0x000000008ab00000, 0x000000008ac00000, 0x000000008ac00000|100%|HC|  |TAMS 0x000000008ac00000| PB 0x000000008ab00000| Complete |  0
|  90|0x000000008ac00000, 0x000000008ad00000, 0x000000008ad00000|100%|HC|  |TAMS 0x000000008ad00000| PB 0x000000008ac00000| Complete |  0
|  91|0x000000008ad00000, 0x000000008ae00000, 0x000000008ae00000|100%|HS|  |TAMS 0x000000008ae00000| PB 0x000000008ad00000| Complete |  0
|  92|0x000000008ae00000, 0x000000008af00000, 0x000000008af00000|100%|HC|  |TAMS 0x000000008af00000| PB 0x000000008ae00000| Complete |  0
|  93|0x000000008af00000, 0x000000008b000000, 0x000000008b000000|100%|HC|  |TAMS 0x000000008b000000| PB 0x000000008af00000| Complete |  0
|  94|0x000000008b000000, 0x000000008b100000, 0x000000008b100000|100%|HC|  |TAMS 0x000000008b100000| PB 0x000000008b000000| Complete |  0
|  95|0x000000008b100000, 0x000000008b200000, 0x000000008b200000|100%|HC|  |TAMS 0x000000008b200000| PB 0x000000008b100000| Complete |  0
|  96|0x000000008b200000, 0x000000008b300000, 0x000000008b300000|100%|HS|  |TAMS 0x000000008b300000| PB 0x000000008b200000| Complete |  0
|  97|0x000000008b300000, 0x000000008b400000, 0x000000008b400000|100%|HC|  |TAMS 0x000000008b400000| PB 0x000000008b300000| Complete |  0
|  98|0x000000008b400000, 0x000000008b500000, 0x000000008b500000|100%|HC|  |TAMS 0x000000008b500000| PB 0x000000008b400000| Complete |  0
|  99|0x000000008b500000, 0x000000008b600000, 0x000000008b600000|100%|HC|  |TAMS 0x000000008b600000| PB 0x000000008b500000| Complete |  0
| 100|0x000000008b600000, 0x000000008b700000, 0x000000008b700000|100%|HC|  |TAMS 0x000000008b700000| PB 0x000000008b600000| Complete |  0
| 101|0x000000008b700000, 0x000000008b800000, 0x000000008b800000|100%|HS|  |TAMS 0x000000008b800000| PB 0x000000008b700000| Complete |  0
| 102|0x000000008b800000, 0x000000008b900000, 0x000000008b900000|100%|HC|  |TAMS 0x000000008b900000| PB 0x000000008b800000| Complete |  0
| 103|0x000000008b900000, 0x000000008ba00000, 0x000000008ba00000|100%|HC|  |TAMS 0x000000008ba00000| PB 0x000000008b900000| Complete |  0
| 104|0x000000008ba00000, 0x000000008bb00000, 0x000000008bb00000|100%|HC|  |TAMS 0x000000008bb00000| PB 0x000000008ba00000| Complete |  0
| 105|0x000000008bb00000, 0x000000008bc00000, 0x000000008bc00000|100%|HC|  |TAMS 0x000000008bc00000| PB 0x000000008bb00000| Complete |  0
| 106|0x000000008bc00000, 0x000000008bd00000, 0x000000008bd00000|100%|HS|  |TAMS 0x000000008bd00000| PB 0x000000008bc00000| Complete |  0
| 107|0x000000008bd00000, 0x000000008be00000, 0x000000008be00000|100%|HC|  |TAMS 0x000000008be00000| PB 0x000000008bd00000| Complete |  0
| 108|0x000000008be00000, 0x000000008bf00000, 0x000000008bf00000|100%|HC|  |TAMS 0x000000008bf00000| PB 0x000000008be00000| Complete |  0
| 109|0x000000008bf00000, 0x000000008c000000, 0x000000008c000000|100%|HC|  |TAMS 0x000000008c000000| PB 0x000000008bf00000| Complete |  0
| 110|0x000000008c000000, 0x000000008c100000, 0x000000008c100000|100%|HC|  |TAMS 0x000000008c100000| PB 0x000000008c000000| Complete |  0
| 111|0x000000008c100000, 0x000000008c200000, 0x000000008c200000|100%|HS|  |TAMS 0x000000008c200000| PB 0x000000008c100000| Complete |  0
| 112|0x000000008c200000, 0x000000008c300000, 0x000000008c300000|100%|HC|  |TAMS 0x000000008c300000| PB 0x000000008c200000| Complete |  0
| 113|0x000000008c300000, 0x000000008c400000, 0x000000008c400000|100%|HC|  |TAMS 0x000000008c400000| PB 0x000000008c300000| Complete |  0
| 114|0x000000008c400000, 0x000000008c500000, 0x000000008c500000|100%|HC|  |TAMS 0x000000008c500000| PB 0x000000008c400000| Complete |  0
| 115|0x000000008c500000, 0x000000008c600000, 0x000000008c600000|100%|HC|  |TAMS 0x000000008c600000| PB 0x000000008c500000| Complete |  0
| 116|0x000000008c600000, 0x000000008c700000, 0x000000008c700000|100%|HS|  |TAMS 0x000000008c700000| PB 0x000000008c600000| Complete |  0
| 117|0x000000008c700000, 0x000000008c800000, 0x000000008c800000|100%|HC|  |TAMS 0x000000008c800000| PB 0x000000008c700000| Complete |  0
| 118|0x000000008c800000, 0x000000008c900000, 0x000000008c900000|100%|HC|  |TAMS 0x000000008c900000| PB 0x000000008c800000| Complete |  0
| 119|0x000000008c900000, 0x000000008ca00000, 0x000000008ca00000|100%|HC|  |TAMS 0x000000008ca00000| PB 0x000000008c900000| Complete |  0
| 120|0x000000008ca00000, 0x000000008cb00000, 0x000000008cb00000|100%|HC|  |TAMS 0x000000008cb00000| PB 0x000000008ca00000| Complete |  0
| 121|0x000000008cb00000, 0x000000008cb00000, 0x000000008cc00000|  0%| F|  |TAMS 0x000000008cb00000| PB 0x000000008cb00000| Untracked |  0
| 122|0x000000008cc00000, 0x000000008cc00000, 0x000000008cd00000|  0%| F|  |TAMS 0x000000008cc00000| PB 0x000000008cc00000| Untracked |  0
| 123|0x000000008cd00000, 0x000000008cd00000, 0x000000008ce00000|  0%| F|  |TAMS 0x000000008cd00000| PB 0x000000008cd00000| Untracked |  0
| 124|0x000000008ce00000, 0x000000008cf00000, 0x000000008cf00000|100%|HS|  |TAMS 0x000000008cf00000| PB 0x000000008ce00000| Complete |  0
| 125|0x000000008cf00000, 0x000000008d000000, 0x000000008d000000|100%|HC|  |TAMS 0x000000008d000000| PB 0x000000008cf00000| Complete |  0
| 126|0x000000008d000000, 0x000000008d100000, 0x000000008d100000|100%|HC|  |TAMS 0x000000008d100000| PB 0x000000008d000000| Complete |  0
| 127|0x000000008d100000, 0x000000008d200000, 0x000000008d200000|100%|HC|  |TAMS 0x000000008d200000| PB 0x000000008d100000| Complete |  0
| 128|0x000000008d200000, 0x000000008d300000, 0x000000008d300000|100%|HC|  |TAMS 0x000000008d300000| PB 0x000000008d200000| Complete |  0
| 129|0x000000008d300000, 0x000000008d400000, 0x000000008d400000|100%|HS|  |TAMS 0x000000008d400000| PB 0x000000008d300000| Complete |  0
| 130|0x000000008d400000, 0x000000008d500000, 0x000000008d500000|100%|HC|  |TAMS 0x000000008d500000| PB 0x000000008d400000| Complete |  0
| 131|0x000000008d500000, 0x000000008d600000, 0x000000008d600000|100%|HC|  |TAMS 0x000000008d600000| PB 0x000000008d500000| Complete |  0
| 132|0x000000008d600000, 0x000000008d700000, 0x000000008d700000|100%|HC|  |TAMS 0x000000008d700000| PB 0x000000008d600000| Complete |  0
| 133|0x000000008d700000, 0x000000008d800000, 0x000000008d800000|100%|HC|  |TAMS 0x000000008d800000| PB 0x000000008d700000| Complete |  0
| 134|0x000000008d800000, 0x000000008d900000, 0x000000008d900000|100%|HS|  |TAMS 0x000000008d900000| PB 0x000000008d800000| Complete |  0
| 135|0x000000008d900000, 0x000000008da00000, 0x000000008da00000|100%|HC|  |TAMS 0x000000008da00000| PB 0x000000008d900000| Complete |  0
| 136|0x000000008da00000, 0x000000008db00000, 0x000000008db00000|100%|HC|  |TAMS 0x000000008db00000| PB 0x000000008da00000| Complete |  0
| 137|0x000000008db00000, 0x000000008dc00000, 0x000000008dc00000|100%|HC|  |TAMS 0x000000008dc00000| PB 0x000000008db00000| Complete |  0
| 138|0x000000008dc00000, 0x000000008dd00000, 0x000000008dd00000|100%|HC|  |TAMS 0x000000008dd00000| PB 0x000000008dc00000| Complete |  0
| 139|0x000000008dd00000, 0x000000008de00000, 0x000000008de00000|100%|HS|  |TAMS 0x000000008de00000| PB 0x000000008dd00000| Complete |  0
| 140|0x000000008de00000, 0x000000008df00000, 0x000000008df00000|100%|HC|  |TAMS 0x000000008df00000| PB 0x000000008de00000| Complete |  0
| 141|0x000000008df00000, 0x000000008e000000, 0x000000008e000000|100%|HC|  |TAMS 0x000000008e000000| PB 0x000000008df00000| Complete |  0
| 142|0x000000008e000000, 0x000000008e100000, 0x000000008e100000|100%|HC|  |TAMS 0x000000008e100000| PB 0x000000008e000000| Complete |  0
| 143|0x000000008e100000, 0x000000008e200000, 0x000000008e200000|100%|HC|  |TAMS 0x000000008e200000| PB 0x000000008e100000| Complete |  0
| 144|0x000000008e200000, 0x000000008e300000, 0x000000008e300000|100%|HS|  |TAMS 0x000000008e300000| PB 0x000000008e200000| Complete |  0
| 145|0x000000008e300000, 0x000000008e400000, 0x000000008e400000|100%|HC|  |TAMS 0x000000008e400000| PB 0x000000008e300000| Complete |  0
| 146|0x000000008e400000, 0x000000008e500000, 0x000000008e500000|100%|HC|  |TAMS 0x000000008e500000| PB 0x000000008e400000| Complete |  0
| 147|0x000000008e500000, 0x000000008e600000, 0x000000008e600000|100%|HC|  |TAMS 0x000000008e600000| PB 0x000000008e500000| Complete |  0
| 148|0x000000008e600000, 0x000000008e700000, 0x000000008e700000|100%|HC|  |TAMS 0x000000008e700000| PB 0x000000008e600000| Complete |  0
| 149|0x000000008e700000, 0x000000008e800000, 0x000000008e800000|100%|HS|  |TAMS 0x000000008e800000| PB 0x000000008e700000| Complete |  0
| 150|0x000000008e800000, 0x000000008e900000, 0x000000008e900000|100%|HC|  |TAMS 0x000000008e900000| PB 0x000000008e800000| Complete |  0
| 151|0x000000008e900000, 0x000000008ea00000, 0x000000008ea00000|100%|HC|  |TAMS 0x000000008ea00000| PB 0x000000008e900000| Complete |  0
| 152|0x000000008ea00000, 0x000000008eb00000, 0x000000008eb00000|100%|HC|  |TAMS 0x000000008eb00000| PB 0x000000008ea00000| Complete |  0
| 153|0x000000008eb00000, 0x000000008ec00000, 0x000000008ec00000|100%|HC|  |TAMS 0x000000008ec00000| PB 0x000000008eb00000| Complete |  0
| 154|0x000000008ec00000, 0x000000008ed00000, 0x000000008ed00000|100%|HS|  |TAMS 0x000000008ed00000| PB 0x000000008ec00000| Complete |  0
| 155|0x000000008ed00000, 0x000000008ee00000, 0x000000008ee00000|100%|HC|  |TAMS 0x000000008ee00000| PB 0x000000008ed00000| Complete |  0
| 156|0x000000008ee00000, 0x000000008ef00000, 0x000000008ef00000|100%|HC|  |TAMS 0x000000008ef00000| PB 0x000000008ee00000| Complete |  0
| 157|0x000000008ef00000, 0x000000008f000000, 0x000000008f000000|100%|HC|  |TAMS 0x000000008f000000| PB 0x000000008ef00000| Complete |  0
| 158|0x000000008f000000, 0x000000008f100000, 0x000000008f100000|100%|HC|  |TAMS 0x000000008f100000| PB 0x000000008f000000| Complete |  0
| 159|0x000000008f100000, 0x000000008f200000, 0x000000008f200000|100%|HS|  |TAMS 0x000000008f200000| PB 0x000000008f100000| Complete |  0
| 160|0x000000008f200000, 0x000000008f300000, 0x000000008f300000|100%|HC|  |TAMS 0x000000008f300000| PB 0x000000008f200000| Complete |  0
| 161|0x000000008f300000, 0x000000008f400000, 0x000000008f400000|100%|HC|  |TAMS 0x000000008f400000| PB 0x000000008f300000| Complete |  0
| 162|0x000000008f400000, 0x000000008f500000, 0x000000008f500000|100%|HC|  |TAMS 0x000000008f500000| PB 0x000000008f400000| Complete |  0
| 163|0x000000008f500000, 0x000000008f600000, 0x000000008f600000|100%|HC|  |TAMS 0x000000008f600000| PB 0x000000008f500000| Complete |  0
| 164|0x000000008f600000, 0x000000008f700000, 0x000000008f700000|100%|HS|  |TAMS 0x000000008f700000| PB 0x000000008f600000| Complete |  0
| 165|0x000000008f700000, 0x000000008f800000, 0x000000008f800000|100%|HC|  |TAMS 0x000000008f800000| PB 0x000000008f700000| Complete |  0
| 166|0x000000008f800000, 0x000000008f900000, 0x000000008f900000|100%|HC|  |TAMS 0x000000008f900000| PB 0x000000008f800000| Complete |  0
| 167|0x000000008f900000, 0x000000008fa00000, 0x000000008fa00000|100%|HC|  |TAMS 0x000000008fa00000| PB 0x000000008f900000| Complete |  0
| 168|0x000000008fa00000, 0x000000008fb00000, 0x000000008fb00000|100%|HC|  |TAMS 0x000000008fb00000| PB 0x000000008fa00000| Complete |  0
| 169|0x000000008fb00000, 0x000000008fc00000, 0x000000008fc00000|100%|HS|  |TAMS 0x000000008fc00000| PB 0x000000008fb00000| Complete |  0
| 170|0x000000008fc00000, 0x000000008fd00000, 0x000000008fd00000|100%|HC|  |TAMS 0x000000008fd00000| PB 0x000000008fc00000| Complete |  0
| 171|0x000000008fd00000, 0x000000008fe00000, 0x000000008fe00000|100%|HC|  |TAMS 0x000000008fe00000| PB 0x000000008fd00000| Complete |  0
| 172|0x000000008fe00000, 0x000000008ff00000, 0x000000008ff00000|100%|HC|  |TAMS 0x000000008ff00000| PB 0x000000008fe00000| Complete |  0
| 173|0x000000008ff00000, 0x0000000090000000, 0x0000000090000000|100%|HC|  |TAMS 0x0000000090000000| PB 0x000000008ff00000| Complete |  0
| 174|0x0000000090000000, 0x0000000090100000, 0x0000000090100000|100%|HS|  |TAMS 0x0000000090100000| PB 0x0000000090000000| Complete |  0
| 175|0x0000000090100000, 0x0000000090200000, 0x0000000090200000|100%|HC|  |TAMS 0x0000000090200000| PB 0x0000000090100000| Complete |  0
| 176|0x0000000090200000, 0x0000000090300000, 0x0000000090300000|100%|HC|  |TAMS 0x0000000090300000| PB 0x0000000090200000| Complete |  0
| 177|0x0000000090300000, 0x0000000090400000, 0x0000000090400000|100%|HC|  |TAMS 0x0000000090400000| PB 0x0000000090300000| Complete |  0
| 178|0x0000000090400000, 0x0000000090500000, 0x0000000090500000|100%|HC|  |TAMS 0x0000000090500000| PB 0x0000000090400000| Complete |  0
| 179|0x0000000090500000, 0x0000000090600000, 0x0000000090600000|100%|HS|  |TAMS 0x0000000090600000| PB 0x0000000090500000| Complete |  0
| 180|0x0000000090600000, 0x0000000090700000, 0x0000000090700000|100%|HC|  |TAMS 0x0000000090700000| PB 0x0000000090600000| Complete |  0
| 181|0x0000000090700000, 0x0000000090800000, 0x0000000090800000|100%|HC|  |TAMS 0x0000000090800000| PB 0x0000000090700000| Complete |  0
| 182|0x0000000090800000, 0x0000000090900000, 0x0000000090900000|100%|HC|  |TAMS 0x0000000090900000| PB 0x0000000090800000| Complete |  0
| 183|0x0000000090900000, 0x0000000090a00000, 0x0000000090a00000|100%|HC|  |TAMS 0x0000000090a00000| PB 0x0000000090900000| Complete |  0
| 184|0x0000000090a00000, 0x0000000090b00000, 0x0000000090b00000|100%|HS|  |TAMS 0x0000000090b00000| PB 0x0000000090a00000| Complete |  0
| 185|0x0000000090b00000, 0x0000000090c00000, 0x0000000090c00000|100%|HC|  |TAMS 0x0000000090c00000| PB 0x0000000090b00000| Complete |  0
| 186|0x0000000090c00000, 0x0000000090d00000, 0x0000000090d00000|100%|HC|  |TAMS 0x0000000090d00000| PB 0x0000000090c00000| Complete |  0
| 187|0x0000000090d00000, 0x0000000090e00000, 0x0000000090e00000|100%|HC|  |TAMS 0x0000000090e00000| PB 0x0000000090d00000| Complete |  0
| 188|0x0000000090e00000, 0x0000000090f00000, 0x0000000090f00000|100%|HC|  |TAMS 0x0000000090f00000| PB 0x0000000090e00000| Complete |  0
| 189|0x0000000090f00000, 0x0000000091000000, 0x0000000091000000|100%|HS|  |TAMS 0x0000000091000000| PB 0x0000000090f00000| Complete |  0
| 190|0x0000000091000000, 0x0000000091100000, 0x0000000091100000|100%|HC|  |TAMS 0x0000000091100000| PB 0x0000000091000000| Complete |  0
| 191|0x0000000091100000, 0x0000000091200000, 0x0000000091200000|100%|HC|  |TAMS 0x0000000091200000| PB 0x0000000091100000| Complete |  0
| 192|0x0000000091200000, 0x0000000091300000, 0x0000000091300000|100%|HC|  |TAMS 0x0000000091300000| PB 0x0000000091200000| Complete |  0
| 193|0x0000000091300000, 0x0000000091400000, 0x0000000091400000|100%|HC|  |TAMS 0x0000000091400000| PB 0x0000000091300000| Complete |  0
| 194|0x0000000091400000, 0x0000000091500000, 0x0000000091500000|100%|HS|  |TAMS 0x0000000091500000| PB 0x0000000091400000| Complete |  0
| 195|0x0000000091500000, 0x0000000091600000, 0x0000000091600000|100%|HC|  |TAMS 0x0000000091600000| PB 0x0000000091500000| Complete |  0
| 196|0x0000000091600000, 0x0000000091700000, 0x0000000091700000|100%|HC|  |TAMS 0x0000000091700000| PB 0x0000000091600000| Complete |  0
| 197|0x0000000091700000, 0x0000000091800000, 0x0000000091800000|100%|HC|  |TAMS 0x0000000091800000| PB 0x0000000091700000| Complete |  0
| 198|0x0000000091800000, 0x0000000091900000, 0x0000000091900000|100%|HC|  |TAMS 0x0000000091900000| PB 0x0000000091800000| Complete |  0
| 199|0x0000000091900000, 0x0000000091a00000, 0x0000000091a00000|100%|HS|  |TAMS 0x0000000091a00000| PB 0x0000000091900000| Complete |  0
| 200|0x0000000091a00000, 0x0000000091b00000, 0x0000000091b00000|100%|HC|  |TAMS 0x0000000091b00000| PB 0x0000000091a00000| Complete |  0
| 201|0x0000000091b00000, 0x0000000091c00000, 0x0000000091c00000|100%|HC|  |TAMS 0x0000000091c00000| PB 0x0000000091b00000| Complete |  0
| 202|0x0000000091c00000, 0x0000000091d00000, 0x0000000091d00000|100%|HC|  |TAMS 0x0000000091d00000| PB 0x0000000091c00000| Complete |  0
| 203|0x0000000091d00000, 0x0000000091e00000, 0x0000000091e00000|100%|HC|  |TAMS 0x0000000091e00000| PB 0x0000000091d00000| Complete |  0
| 204|0x0000000091e00000, 0x0000000091f00000, 0x0000000091f00000|100%|HS|  |TAMS 0x0000000091f00000| PB 0x0000000091e00000| Complete |  0
| 205|0x0000000091f00000, 0x0000000092000000, 0x0000000092000000|100%|HC|  |TAMS 0x0000000092000000| PB 0x0000000091f00000| Complete |  0
| 206|0x0000000092000000, 0x0000000092100000, 0x0000000092100000|100%|HC|  |TAMS 0x0000000092100000| PB 0x0000000092000000| Complete |  0
| 207|0x0000000092100000, 0x0000000092200000, 0x0000000092200000|100%|HC|  |TAMS 0x0000000092200000| PB 0x0000000092100000| Complete |  0
| 208|0x0000000092200000, 0x0000000092300000, 0x0000000092300000|100%|HC|  |TAMS 0x0000000092300000| PB 0x0000000092200000| Complete |  0
| 209|0x0000000092300000, 0x0000000092400000, 0x0000000092400000|100%|HS|  |TAMS 0x0000000092400000| PB 0x0000000092300000| Complete |  0
| 210|0x0000000092400000, 0x0000000092500000, 0x0000000092500000|100%|HC|  |TAMS 0x0000000092500000| PB 0x0000000092400000| Complete |  0
| 211|0x0000000092500000, 0x0000000092600000, 0x0000000092600000|100%|HC|  |TAMS 0x0000000092600000| PB 0x0000000092500000| Complete |  0
| 212|0x0000000092600000, 0x0000000092700000, 0x0000000092700000|100%|HC|  |TAMS 0x0000000092700000| PB 0x0000000092600000| Complete |  0
| 213|0x0000000092700000, 0x0000000092800000, 0x0000000092800000|100%|HC|  |TAMS 0x0000000092800000| PB 0x0000000092700000| Complete |  0
| 214|0x0000000092800000, 0x0000000092900000, 0x0000000092900000|100%|HS|  |TAMS 0x0000000092900000| PB 0x0000000092800000| Complete |  0
| 215|0x0000000092900000, 0x0000000092a00000, 0x0000000092a00000|100%|HC|  |TAMS 0x0000000092a00000| PB 0x0000000092900000| Complete |  0
| 216|0x0000000092a00000, 0x0000000092b00000, 0x0000000092b00000|100%|HC|  |TAMS 0x0000000092b00000| PB 0x0000000092a00000| Complete |  0
| 217|0x0000000092b00000, 0x0000000092c00000, 0x0000000092c00000|100%|HC|  |TAMS 0x0000000092c00000| PB 0x0000000092b00000| Complete |  0
| 218|0x0000000092c00000, 0x0000000092d00000, 0x0000000092d00000|100%|HC|  |TAMS 0x0000000092d00000| PB 0x0000000092c00000| Complete |  0
| 219|0x0000000092d00000, 0x0000000092e00000, 0x0000000092e00000|100%|HS|  |TAMS 0x0000000092e00000| PB 0x0000000092d00000| Complete |  0
| 220|0x0000000092e00000, 0x0000000092f00000, 0x0000000092f00000|100%|HC|  |TAMS 0x0000000092f00000| PB 0x0000000092e00000| Complete |  0
| 221|0x0000000092f00000, 0x0000000093000000, 0x0000000093000000|100%|HC|  |TAMS 0x0000000093000000| PB 0x0000000092f00000| Complete |  0
| 222|0x0000000093000000, 0x0000000093100000, 0x0000000093100000|100%|HC|  |TAMS 0x0000000093100000| PB 0x0000000093000000| Complete |  0
| 223|0x0000000093100000, 0x0000000093200000, 0x0000000093200000|100%|HC|  |TAMS 0x0000000093200000| PB 0x0000000093100000| Complete |  0
| 224|0x0000000093200000, 0x0000000093300000, 0x0000000093300000|100%|HS|  |TAMS 0x0000000093300000| PB 0x0000000093200000| Complete |  0
| 225|0x0000000093300000, 0x0000000093400000, 0x0000000093400000|100%|HC|  |TAMS 0x0000000093400000| PB 0x0000000093300000| Complete |  0
| 226|0x0000000093400000, 0x0000000093500000, 0x0000000093500000|100%|HC|  |TAMS 0x0000000093500000| PB 0x0000000093400000| Complete |  0
| 227|0x0000000093500000, 0x0000000093600000, 0x0000000093600000|100%|HC|  |TAMS 0x0000000093600000| PB 0x0000000093500000| Complete |  0
| 228|0x0000000093600000, 0x0000000093700000, 0x0000000093700000|100%|HC|  |TAMS 0x0000000093700000| PB 0x0000000093600000| Complete |  0
| 229|0x0000000093700000, 0x0000000093800000, 0x0000000093800000|100%|HS|  |TAMS 0x0000000093800000| PB 0x0000000093700000| Complete |  0
| 230|0x0000000093800000, 0x0000000093900000, 0x0000000093900000|100%|HC|  |TAMS 0x0000000093900000| PB 0x0000000093800000| Complete |  0
| 231|0x0000000093900000, 0x0000000093a00000, 0x0000000093a00000|100%|HC|  |TAMS 0x0000000093a00000| PB 0x0000000093900000| Complete |  0
| 232|0x0000000093a00000, 0x0000000093b00000, 0x0000000093b00000|100%|HC|  |TAMS 0x0000000093b00000| PB 0x0000000093a00000| Complete |  0
| 233|0x0000000093b00000, 0x0000000093c00000, 0x0000000093c00000|100%|HC|  |TAMS 0x0000000093c00000| PB 0x0000000093b00000| Complete |  0
| 234|0x0000000093c00000, 0x0000000093d00000, 0x0000000093d00000|100%|HS|  |TAMS 0x0000000093d00000| PB 0x0000000093c00000| Complete |  0
| 235|0x0000000093d00000, 0x0000000093e00000, 0x0000000093e00000|100%|HC|  |TAMS 0x0000000093e00000| PB 0x0000000093d00000| Complete |  0
| 236|0x0000000093e00000, 0x0000000093f00000, 0x0000000093f00000|100%|HC|  |TAMS 0x0000000093f00000| PB 0x0000000093e00000| Complete |  0
| 237|0x0000000093f00000, 0x0000000094000000, 0x0000000094000000|100%|HC|  |TAMS 0x0000000094000000| PB 0x0000000093f00000| Complete |  0
| 238|0x0000000094000000, 0x0000000094100000, 0x0000000094100000|100%|HC|  |TAMS 0x0000000094100000| PB 0x0000000094000000| Complete |  0
| 239|0x0000000094100000, 0x0000000094200000, 0x0000000094200000|100%|HS|  |TAMS 0x0000000094200000| PB 0x0000000094100000| Complete |  0
| 240|0x0000000094200000, 0x0000000094300000, 0x0000000094300000|100%|HC|  |TAMS 0x0000000094300000| PB 0x0000000094200000| Complete |  0
| 241|0x0000000094300000, 0x0000000094400000, 0x0000000094400000|100%|HC|  |TAMS 0x0000000094400000| PB 0x0000000094300000| Complete |  0
| 242|0x0000000094400000, 0x0000000094500000, 0x0000000094500000|100%|HC|  |TAMS 0x0000000094500000| PB 0x0000000094400000| Complete |  0
| 243|0x0000000094500000, 0x0000000094600000, 0x0000000094600000|100%|HC|  |TAMS 0x0000000094600000| PB 0x0000000094500000| Complete |  0
| 244|0x0000000094600000, 0x0000000094700000, 0x0000000094700000|100%|HS|  |TAMS 0x0000000094700000| PB 0x0000000094600000| Complete |  0
| 245|0x0000000094700000, 0x0000000094800000, 0x0000000094800000|100%|HC|  |TAMS 0x0000000094800000| PB 0x0000000094700000| Complete |  0
| 246|0x0000000094800000, 0x0000000094900000, 0x0000000094900000|100%|HC|  |TAMS 0x0000000094900000| PB 0x0000000094800000| Complete |  0
| 247|0x0000000094900000, 0x0000000094a00000, 0x0000000094a00000|100%|HC|  |TAMS 0x0000000094a00000| PB 0x0000000094900000| Complete |  0
| 248|0x0000000094a00000, 0x0000000094b00000, 0x0000000094b00000|100%|HC|  |TAMS 0x0000000094b00000| PB 0x0000000094a00000| Complete |  0
| 249|0x0000000094b00000, 0x0000000094c00000, 0x0000000094c00000|100%|HS|  |TAMS 0x0000000094c00000| PB 0x0000000094b00000| Complete |  0
| 250|0x0000000094c00000, 0x0000000094d00000, 0x0000000094d00000|100%|HC|  |TAMS 0x0000000094d00000| PB 0x0000000094c00000| Complete |  0
| 251|0x0000000094d00000, 0x0000000094e00000, 0x0000000094e00000|100%|HC|  |TAMS 0x0000000094e00000| PB 0x0000000094d00000| Complete |  0
| 252|0x0000000094e00000, 0x0000000094f00000, 0x0000000094f00000|100%|HC|  |TAMS 0x0000000094f00000| PB 0x0000000094e00000| Complete |  0
| 253|0x0000000094f00000, 0x0000000095000000, 0x0000000095000000|100%|HC|  |TAMS 0x0000000095000000| PB 0x0000000094f00000| Complete |  0
| 254|0x0000000095000000, 0x0000000095100000, 0x0000000095100000|100%|HS|  |TAMS 0x0000000095100000| PB 0x0000000095000000| Complete |  0
| 255|0x0000000095100000, 0x0000000095200000, 0x0000000095200000|100%|HC|  |TAMS 0x0000000095200000| PB 0x0000000095100000| Complete |  0
| 256|0x0000000095200000, 0x0000000095300000, 0x0000000095300000|100%|HC|  |TAMS 0x0000000095300000| PB 0x0000000095200000| Complete |  0
| 257|0x0000000095300000, 0x0000000095400000, 0x0000000095400000|100%|HC|  |TAMS 0x0000000095400000| PB 0x0000000095300000| Complete |  0
| 258|0x0000000095400000, 0x0000000095500000, 0x0000000095500000|100%|HC|  |TAMS 0x0000000095500000| PB 0x0000000095400000| Complete |  0
| 259|0x0000000095500000, 0x0000000095600000, 0x0000000095600000|100%|HS|  |TAMS 0x0000000095600000| PB 0x0000000095500000| Complete |  0
| 260|0x0000000095600000, 0x0000000095700000, 0x0000000095700000|100%|HC|  |TAMS 0x0000000095700000| PB 0x0000000095600000| Complete |  0
| 261|0x0000000095700000, 0x0000000095800000, 0x0000000095800000|100%|HC|  |TAMS 0x0000000095800000| PB 0x0000000095700000| Complete |  0
| 262|0x0000000095800000, 0x0000000095900000, 0x0000000095900000|100%|HC|  |TAMS 0x0000000095900000| PB 0x0000000095800000| Complete |  0
| 263|0x0000000095900000, 0x0000000095a00000, 0x0000000095a00000|100%|HC|  |TAMS 0x0000000095a00000| PB 0x0000000095900000| Complete |  0
| 264|0x0000000095a00000, 0x0000000095b00000, 0x0000000095b00000|100%|HS|  |TAMS 0x0000000095b00000| PB 0x0000000095a00000| Complete |  0
| 265|0x0000000095b00000, 0x0000000095c00000, 0x0000000095c00000|100%|HC|  |TAMS 0x0000000095c00000| PB 0x0000000095b00000| Complete |  0
| 266|0x0000000095c00000, 0x0000000095d00000, 0x0000000095d00000|100%|HC|  |TAMS 0x0000000095d00000| PB 0x0000000095c00000| Complete |  0
| 267|0x0000000095d00000, 0x0000000095e00000, 0x0000000095e00000|100%|HC|  |TAMS 0x0000000095e00000| PB 0x0000000095d00000| Complete |  0
| 268|0x0000000095e00000, 0x0000000095f00000, 0x0000000095f00000|100%|HC|  |TAMS 0x0000000095f00000| PB 0x0000000095e00000| Complete |  0
| 269|0x0000000095f00000, 0x0000000095f00000, 0x0000000096000000|  0%| F|  |TAMS 0x0000000095f00000| PB 0x0000000095f00000| Untracked |  0
| 270|0x0000000096000000, 0x0000000096036610, 0x0000000096100000| 21%| S|CS|TAMS 0x0000000096000000| PB 0x0000000096000000| Complete |  0
| 271|0x0000000096100000, 0x000000009612daf0, 0x0000000096200000| 17%| E|  |TAMS 0x0000000096100000| PB 0x0000000096100000| Complete |  0
| 272|0x0000000096200000, 0x0000000096300000, 0x0000000096300000|100%|HS|  |TAMS 0x0000000096300000| PB 0x0000000096200000| Complete |  0
| 273|0x0000000096300000, 0x0000000096400000, 0x0000000096400000|100%|HC|  |TAMS 0x0000000096400000| PB 0x0000000096300000| Complete |  0
| 274|0x0000000096400000, 0x0000000096500000, 0x0000000096500000|100%|HC|  |TAMS 0x0000000096500000| PB 0x0000000096400000| Complete |  0
| 275|0x0000000096500000, 0x0000000096600000, 0x0000000096600000|100%|HC|  |TAMS 0x0000000096600000| PB 0x0000000096500000| Complete |  0
| 276|0x0000000096600000, 0x0000000096700000, 0x0000000096700000|100%|HC|  |TAMS 0x0000000096700000| PB 0x0000000096600000| Complete |  0
| 277|0x0000000096700000, 0x0000000096800000, 0x0000000096800000|100%|HS|  |TAMS 0x0000000096800000| PB 0x0000000096700000| Complete |  0
| 278|0x0000000096800000, 0x0000000096900000, 0x0000000096900000|100%|HC|  |TAMS 0x0000000096900000| PB 0x0000000096800000| Complete |  0
| 279|0x0000000096900000, 0x0000000096a00000, 0x0000000096a00000|100%|HC|  |TAMS 0x0000000096a00000| PB 0x0000000096900000| Complete |  0
| 280|0x0000000096a00000, 0x0000000096b00000, 0x0000000096b00000|100%|HC|  |TAMS 0x0000000096b00000| PB 0x0000000096a00000| Complete |  0
| 281|0x0000000096b00000, 0x0000000096c00000, 0x0000000096c00000|100%|HC|  |TAMS 0x0000000096c00000| PB 0x0000000096b00000| Complete |  0
| 282|0x0000000096c00000, 0x0000000096d00000, 0x0000000096d00000|100%|HS|  |TAMS 0x0000000096d00000| PB 0x0000000096c00000| Complete |  0
| 283|0x0000000096d00000, 0x0000000096e00000, 0x0000000096e00000|100%|HC|  |TAMS 0x0000000096e00000| PB 0x0000000096d00000| Complete |  0
| 284|0x0000000096e00000, 0x0000000096f00000, 0x0000000096f00000|100%|HC|  |TAMS 0x0000000096f00000| PB 0x0000000096e00000| Complete |  0
| 285|0x0000000096f00000, 0x0000000097000000, 0x0000000097000000|100%|HC|  |TAMS 0x0000000097000000| PB 0x0000000096f00000| Complete |  0
| 286|0x0000000097000000, 0x0000000097100000, 0x0000000097100000|100%|HC|  |TAMS 0x0000000097100000| PB 0x0000000097000000| Complete |  0
| 287|0x0000000097100000, 0x0000000097200000, 0x0000000097200000|100%|HS|  |TAMS 0x0000000097200000| PB 0x0000000097100000| Complete |  0
| 288|0x0000000097200000, 0x0000000097300000, 0x0000000097300000|100%|HC|  |TAMS 0x0000000097300000| PB 0x0000000097200000| Complete |  0
| 289|0x0000000097300000, 0x0000000097400000, 0x0000000097400000|100%|HC|  |TAMS 0x0000000097400000| PB 0x0000000097300000| Complete |  0
| 290|0x0000000097400000, 0x0000000097500000, 0x0000000097500000|100%|HC|  |TAMS 0x0000000097500000| PB 0x0000000097400000| Complete |  0
| 291|0x0000000097500000, 0x0000000097600000, 0x0000000097600000|100%|HC|  |TAMS 0x0000000097600000| PB 0x0000000097500000| Complete |  0
| 292|0x0000000097600000, 0x0000000097700000, 0x0000000097700000|100%|HS|  |TAMS 0x0000000097700000| PB 0x0000000097600000| Complete |  0
| 293|0x0000000097700000, 0x0000000097800000, 0x0000000097800000|100%|HC|  |TAMS 0x0000000097800000| PB 0x0000000097700000| Complete |  0
| 294|0x0000000097800000, 0x0000000097900000, 0x0000000097900000|100%|HC|  |TAMS 0x0000000097900000| PB 0x0000000097800000| Complete |  0
| 295|0x0000000097900000, 0x0000000097a00000, 0x0000000097a00000|100%|HC|  |TAMS 0x0000000097a00000| PB 0x0000000097900000| Complete |  0
| 296|0x0000000097a00000, 0x0000000097b00000, 0x0000000097b00000|100%|HC|  |TAMS 0x0000000097b00000| PB 0x0000000097a00000| Complete |  0
| 297|0x0000000097b00000, 0x0000000097c00000, 0x0000000097c00000|100%|HS|  |TAMS 0x0000000097c00000| PB 0x0000000097b00000| Complete |  0
| 298|0x0000000097c00000, 0x0000000097d00000, 0x0000000097d00000|100%|HC|  |TAMS 0x0000000097d00000| PB 0x0000000097c00000| Complete |  0
| 299|0x0000000097d00000, 0x0000000097e00000, 0x0000000097e00000|100%|HC|  |TAMS 0x0000000097e00000| PB 0x0000000097d00000| Complete |  0
| 300|0x0000000097e00000, 0x0000000097f00000, 0x0000000097f00000|100%|HC|  |TAMS 0x0000000097f00000| PB 0x0000000097e00000| Complete |  0
| 301|0x0000000097f00000, 0x0000000098000000, 0x0000000098000000|100%|HC|  |TAMS 0x0000000098000000| PB 0x0000000097f00000| Complete |  0
| 302|0x0000000098000000, 0x0000000098100000, 0x0000000098100000|100%|HS|  |TAMS 0x0000000098100000| PB 0x0000000098000000| Complete |  0
| 303|0x0000000098100000, 0x0000000098200000, 0x0000000098200000|100%|HC|  |TAMS 0x0000000098200000| PB 0x0000000098100000| Complete |  0
| 304|0x0000000098200000, 0x0000000098300000, 0x0000000098300000|100%|HC|  |TAMS 0x0000000098300000| PB 0x0000000098200000| Complete |  0
| 305|0x0000000098300000, 0x0000000098400000, 0x0000000098400000|100%|HC|  |TAMS 0x0000000098400000| PB 0x0000000098300000| Complete |  0
| 306|0x0000000098400000, 0x0000000098500000, 0x0000000098500000|100%|HC|  |TAMS 0x0000000098500000| PB 0x0000000098400000| Complete |  0
| 307|0x0000000098500000, 0x0000000098600000, 0x0000000098600000|100%|HS|  |TAMS 0x0000000098600000| PB 0x0000000098500000| Complete |  0
| 308|0x0000000098600000, 0x0000000098700000, 0x0000000098700000|100%|HC|  |TAMS 0x0000000098700000| PB 0x0000000098600000| Complete |  0
| 309|0x0000000098700000, 0x0000000098800000, 0x0000000098800000|100%|HC|  |TAMS 0x0000000098800000| PB 0x0000000098700000| Complete |  0
| 310|0x0000000098800000, 0x0000000098900000, 0x0000000098900000|100%|HC|  |TAMS 0x0000000098900000| PB 0x0000000098800000| Complete |  0
| 311|0x0000000098900000, 0x0000000098a00000, 0x0000000098a00000|100%|HC|  |TAMS 0x0000000098a00000| PB 0x0000000098900000| Complete |  0
| 312|0x0000000098a00000, 0x0000000098b00000, 0x0000000098b00000|100%|HS|  |TAMS 0x0000000098b00000| PB 0x0000000098a00000| Complete |  0
| 313|0x0000000098b00000, 0x0000000098c00000, 0x0000000098c00000|100%|HC|  |TAMS 0x0000000098c00000| PB 0x0000000098b00000| Complete |  0
| 314|0x0000000098c00000, 0x0000000098d00000, 0x0000000098d00000|100%|HC|  |TAMS 0x0000000098d00000| PB 0x0000000098c00000| Complete |  0
| 315|0x0000000098d00000, 0x0000000098e00000, 0x0000000098e00000|100%|HC|  |TAMS 0x0000000098e00000| PB 0x0000000098d00000| Complete |  0
| 316|0x0000000098e00000, 0x0000000098f00000, 0x0000000098f00000|100%|HC|  |TAMS 0x0000000098f00000| PB 0x0000000098e00000| Complete |  0
| 317|0x0000000098f00000, 0x0000000099000000, 0x0000000099000000|100%|HS|  |TAMS 0x0000000099000000| PB 0x0000000098f00000| Complete |  0
| 318|0x0000000099000000, 0x0000000099100000, 0x0000000099100000|100%|HC|  |TAMS 0x0000000099100000| PB 0x0000000099000000| Complete |  0
| 319|0x0000000099100000, 0x0000000099200000, 0x0000000099200000|100%|HC|  |TAMS 0x0000000099200000| PB 0x0000000099100000| Complete |  0
| 320|0x0000000099200000, 0x0000000099300000, 0x0000000099300000|100%|HC|  |TAMS 0x0000000099300000| PB 0x0000000099200000| Complete |  0
| 321|0x0000000099300000, 0x0000000099400000, 0x0000000099400000|100%|HC|  |TAMS 0x0000000099400000| PB 0x0000000099300000| Complete |  0
| 322|0x0000000099400000, 0x0000000099500000, 0x0000000099500000|100%|HS|  |TAMS 0x0000000099500000| PB 0x0000000099400000| Complete |  0
| 323|0x0000000099500000, 0x0000000099600000, 0x0000000099600000|100%|HC|  |TAMS 0x0000000099600000| PB 0x0000000099500000| Complete |  0
| 324|0x0000000099600000, 0x0000000099700000, 0x0000000099700000|100%|HC|  |TAMS 0x0000000099700000| PB 0x0000000099600000| Complete |  0
| 325|0x0000000099700000, 0x0000000099800000, 0x0000000099800000|100%|HC|  |TAMS 0x0000000099800000| PB 0x0000000099700000| Complete |  0
| 326|0x0000000099800000, 0x0000000099900000, 0x0000000099900000|100%|HC|  |TAMS 0x0000000099900000| PB 0x0000000099800000| Complete |  0
| 327|0x0000000099900000, 0x0000000099a00000, 0x0000000099a00000|100%|HS|  |TAMS 0x0000000099a00000| PB 0x0000000099900000| Complete |  0
| 328|0x0000000099a00000, 0x0000000099b00000, 0x0000000099b00000|100%|HC|  |TAMS 0x0000000099b00000| PB 0x0000000099a00000| Complete |  0
| 329|0x0000000099b00000, 0x0000000099c00000, 0x0000000099c00000|100%|HC|  |TAMS 0x0000000099c00000| PB 0x0000000099b00000| Complete |  0
| 330|0x0000000099c00000, 0x0000000099d00000, 0x0000000099d00000|100%|HC|  |TAMS 0x0000000099d00000| PB 0x0000000099c00000| Complete |  0
| 331|0x0000000099d00000, 0x0000000099e00000, 0x0000000099e00000|100%|HC|  |TAMS 0x0000000099e00000| PB 0x0000000099d00000| Complete |  0
| 332|0x0000000099e00000, 0x0000000099f00000, 0x0000000099f00000|100%|HS|  |TAMS 0x0000000099f00000| PB 0x0000000099e00000| Complete |  0
| 333|0x0000000099f00000, 0x000000009a000000, 0x000000009a000000|100%|HC|  |TAMS 0x000000009a000000| PB 0x0000000099f00000| Complete |  0
| 334|0x000000009a000000, 0x000000009a100000, 0x000000009a100000|100%|HC|  |TAMS 0x000000009a100000| PB 0x000000009a000000| Complete |  0
| 335|0x000000009a100000, 0x000000009a200000, 0x000000009a200000|100%|HC|  |TAMS 0x000000009a200000| PB 0x000000009a100000| Complete |  0
| 336|0x000000009a200000, 0x000000009a300000, 0x000000009a300000|100%|HC|  |TAMS 0x000000009a300000| PB 0x000000009a200000| Complete |  0
| 337|0x000000009a300000, 0x000000009a400000, 0x000000009a400000|100%|HS|  |TAMS 0x000000009a400000| PB 0x000000009a300000| Complete |  0
| 338|0x000000009a400000, 0x000000009a500000, 0x000000009a500000|100%|HC|  |TAMS 0x000000009a500000| PB 0x000000009a400000| Complete |  0
| 339|0x000000009a500000, 0x000000009a600000, 0x000000009a600000|100%|HC|  |TAMS 0x000000009a600000| PB 0x000000009a500000| Complete |  0
| 340|0x000000009a600000, 0x000000009a700000, 0x000000009a700000|100%|HC|  |TAMS 0x000000009a700000| PB 0x000000009a600000| Complete |  0
| 341|0x000000009a700000, 0x000000009a800000, 0x000000009a800000|100%|HC|  |TAMS 0x000000009a800000| PB 0x000000009a700000| Complete |  0
| 342|0x000000009a800000, 0x000000009a900000, 0x000000009a900000|100%|HS|  |TAMS 0x000000009a900000| PB 0x000000009a800000| Complete |  0
| 343|0x000000009a900000, 0x000000009aa00000, 0x000000009aa00000|100%|HC|  |TAMS 0x000000009aa00000| PB 0x000000009a900000| Complete |  0
| 344|0x000000009aa00000, 0x000000009ab00000, 0x000000009ab00000|100%|HC|  |TAMS 0x000000009ab00000| PB 0x000000009aa00000| Complete |  0
| 345|0x000000009ab00000, 0x000000009ac00000, 0x000000009ac00000|100%|HC|  |TAMS 0x000000009ac00000| PB 0x000000009ab00000| Complete |  0
| 346|0x000000009ac00000, 0x000000009ad00000, 0x000000009ad00000|100%|HC|  |TAMS 0x000000009ad00000| PB 0x000000009ac00000| Complete |  0
| 347|0x000000009ad00000, 0x000000009ae00000, 0x000000009ae00000|100%|HS|  |TAMS 0x000000009ae00000| PB 0x000000009ad00000| Complete |  0
| 348|0x000000009ae00000, 0x000000009af00000, 0x000000009af00000|100%|HC|  |TAMS 0x000000009af00000| PB 0x000000009ae00000| Complete |  0
| 349|0x000000009af00000, 0x000000009b000000, 0x000000009b000000|100%|HC|  |TAMS 0x000000009b000000| PB 0x000000009af00000| Complete |  0
| 350|0x000000009b000000, 0x000000009b100000, 0x000000009b100000|100%|HC|  |TAMS 0x000000009b100000| PB 0x000000009b000000| Complete |  0
| 351|0x000000009b100000, 0x000000009b200000, 0x000000009b200000|100%|HC|  |TAMS 0x000000009b200000| PB 0x000000009b100000| Complete |  0
| 352|0x000000009b200000, 0x000000009b300000, 0x000000009b300000|100%|HS|  |TAMS 0x000000009b300000| PB 0x000000009b200000| Complete |  0
| 353|0x000000009b300000, 0x000000009b400000, 0x000000009b400000|100%|HC|  |TAMS 0x000000009b400000| PB 0x000000009b300000| Complete |  0
| 354|0x000000009b400000, 0x000000009b500000, 0x000000009b500000|100%|HC|  |TAMS 0x000000009b500000| PB 0x000000009b400000| Complete |  0
| 355|0x000000009b500000, 0x000000009b600000, 0x000000009b600000|100%|HC|  |TAMS 0x000000009b600000| PB 0x000000009b500000| Complete |  0
| 356|0x000000009b600000, 0x000000009b700000, 0x000000009b700000|100%|HC|  |TAMS 0x000000009b700000| PB 0x000000009b600000| Complete |  0
| 357|0x000000009b700000, 0x000000009b800000, 0x000000009b800000|100%|HS|  |TAMS 0x000000009b800000| PB 0x000000009b700000| Complete |  0
| 358|0x000000009b800000, 0x000000009b900000, 0x000000009b900000|100%|HC|  |TAMS 0x000000009b900000| PB 0x000000009b800000| Complete |  0
| 359|0x000000009b900000, 0x000000009ba00000, 0x000000009ba00000|100%|HC|  |TAMS 0x000000009ba00000| PB 0x000000009b900000| Complete |  0
| 360|0x000000009ba00000, 0x000000009bb00000, 0x000000009bb00000|100%|HC|  |TAMS 0x000000009bb00000| PB 0x000000009ba00000| Complete |  0
| 361|0x000000009bb00000, 0x000000009bc00000, 0x000000009bc00000|100%|HC|  |TAMS 0x000000009bc00000| PB 0x000000009bb00000| Complete |  0
| 362|0x000000009bc00000, 0x000000009bd00000, 0x000000009bd00000|100%|HS|  |TAMS 0x000000009bd00000| PB 0x000000009bc00000| Complete |  0
| 363|0x000000009bd00000, 0x000000009be00000, 0x000000009be00000|100%|HC|  |TAMS 0x000000009be00000| PB 0x000000009bd00000| Complete |  0
| 364|0x000000009be00000, 0x000000009bf00000, 0x000000009bf00000|100%|HC|  |TAMS 0x000000009bf00000| PB 0x000000009be00000| Complete |  0
| 365|0x000000009bf00000, 0x000000009c000000, 0x000000009c000000|100%|HC|  |TAMS 0x000000009c000000| PB 0x000000009bf00000| Complete |  0
| 366|0x000000009c000000, 0x000000009c100000, 0x000000009c100000|100%|HC|  |TAMS 0x000000009c100000| PB 0x000000009c000000| Complete |  0
| 367|0x000000009c100000, 0x000000009c200000, 0x000000009c200000|100%|HS|  |TAMS 0x000000009c200000| PB 0x000000009c100000| Complete |  0
| 368|0x000000009c200000, 0x000000009c300000, 0x000000009c300000|100%|HC|  |TAMS 0x000000009c300000| PB 0x000000009c200000| Complete |  0
| 369|0x000000009c300000, 0x000000009c400000, 0x000000009c400000|100%|HC|  |TAMS 0x000000009c400000| PB 0x000000009c300000| Complete |  0
| 370|0x000000009c400000, 0x000000009c500000, 0x000000009c500000|100%|HC|  |TAMS 0x000000009c500000| PB 0x000000009c400000| Complete |  0
| 371|0x000000009c500000, 0x000000009c600000, 0x000000009c600000|100%|HC|  |TAMS 0x000000009c600000| PB 0x000000009c500000| Complete |  0
| 372|0x000000009c600000, 0x000000009c700000, 0x000000009c700000|100%|HS|  |TAMS 0x000000009c700000| PB 0x000000009c600000| Complete |  0
| 373|0x000000009c700000, 0x000000009c800000, 0x000000009c800000|100%|HC|  |TAMS 0x000000009c800000| PB 0x000000009c700000| Complete |  0
| 374|0x000000009c800000, 0x000000009c900000, 0x000000009c900000|100%|HC|  |TAMS 0x000000009c900000| PB 0x000000009c800000| Complete |  0
| 375|0x000000009c900000, 0x000000009ca00000, 0x000000009ca00000|100%|HC|  |TAMS 0x000000009ca00000| PB 0x000000009c900000| Complete |  0
| 376|0x000000009ca00000, 0x000000009cb00000, 0x000000009cb00000|100%|HC|  |TAMS 0x000000009cb00000| PB 0x000000009ca00000| Complete |  0
| 377|0x000000009cb00000, 0x000000009cc00000, 0x000000009cc00000|100%|HS|  |TAMS 0x000000009cc00000| PB 0x000000009cb00000| Complete |  0
| 378|0x000000009cc00000, 0x000000009cd00000, 0x000000009cd00000|100%|HC|  |TAMS 0x000000009cd00000| PB 0x000000009cc00000| Complete |  0
| 379|0x000000009cd00000, 0x000000009ce00000, 0x000000009ce00000|100%|HC|  |TAMS 0x000000009ce00000| PB 0x000000009cd00000| Complete |  0
| 380|0x000000009ce00000, 0x000000009cf00000, 0x000000009cf00000|100%|HC|  |TAMS 0x000000009cf00000| PB 0x000000009ce00000| Complete |  0
| 381|0x000000009cf00000, 0x000000009d000000, 0x000000009d000000|100%|HC|  |TAMS 0x000000009d000000| PB 0x000000009cf00000| Complete |  0
| 382|0x000000009d000000, 0x000000009d100000, 0x000000009d100000|100%|HS|  |TAMS 0x000000009d100000| PB 0x000000009d000000| Complete |  0
| 383|0x000000009d100000, 0x000000009d200000, 0x000000009d200000|100%|HC|  |TAMS 0x000000009d200000| PB 0x000000009d100000| Complete |  0
| 384|0x000000009d200000, 0x000000009d300000, 0x000000009d300000|100%|HC|  |TAMS 0x000000009d300000| PB 0x000000009d200000| Complete |  0
| 385|0x000000009d300000, 0x000000009d400000, 0x000000009d400000|100%|HC|  |TAMS 0x000000009d400000| PB 0x000000009d300000| Complete |  0
| 386|0x000000009d400000, 0x000000009d500000, 0x000000009d500000|100%|HC|  |TAMS 0x000000009d500000| PB 0x000000009d400000| Complete |  0
| 387|0x000000009d500000, 0x000000009d600000, 0x000000009d600000|100%|HS|  |TAMS 0x000000009d600000| PB 0x000000009d500000| Complete |  0
| 388|0x000000009d600000, 0x000000009d700000, 0x000000009d700000|100%|HC|  |TAMS 0x000000009d700000| PB 0x000000009d600000| Complete |  0
| 389|0x000000009d700000, 0x000000009d800000, 0x000000009d800000|100%|HC|  |TAMS 0x000000009d800000| PB 0x000000009d700000| Complete |  0
| 390|0x000000009d800000, 0x000000009d900000, 0x000000009d900000|100%|HC|  |TAMS 0x000000009d900000| PB 0x000000009d800000| Complete |  0
| 391|0x000000009d900000, 0x000000009da00000, 0x000000009da00000|100%|HC|  |TAMS 0x000000009da00000| PB 0x000000009d900000| Complete |  0
| 392|0x000000009da00000, 0x000000009db00000, 0x000000009db00000|100%|HS|  |TAMS 0x000000009db00000| PB 0x000000009da00000| Complete |  0
| 393|0x000000009db00000, 0x000000009dc00000, 0x000000009dc00000|100%|HC|  |TAMS 0x000000009dc00000| PB 0x000000009db00000| Complete |  0
| 394|0x000000009dc00000, 0x000000009dd00000, 0x000000009dd00000|100%|HC|  |TAMS 0x000000009dd00000| PB 0x000000009dc00000| Complete |  0
| 395|0x000000009dd00000, 0x000000009de00000, 0x000000009de00000|100%|HC|  |TAMS 0x000000009de00000| PB 0x000000009dd00000| Complete |  0
| 396|0x000000009de00000, 0x000000009df00000, 0x000000009df00000|100%|HC|  |TAMS 0x000000009df00000| PB 0x000000009de00000| Complete |  0
| 397|0x000000009df00000, 0x000000009e000000, 0x000000009e000000|100%|HS|  |TAMS 0x000000009e000000| PB 0x000000009df00000| Complete |  0
| 398|0x000000009e000000, 0x000000009e100000, 0x000000009e100000|100%|HC|  |TAMS 0x000000009e100000| PB 0x000000009e000000| Complete |  0
| 399|0x000000009e100000, 0x000000009e200000, 0x000000009e200000|100%|HC|  |TAMS 0x000000009e200000| PB 0x000000009e100000| Complete |  0
| 400|0x000000009e200000, 0x000000009e300000, 0x000000009e300000|100%|HC|  |TAMS 0x000000009e300000| PB 0x000000009e200000| Complete |  0
| 401|0x000000009e300000, 0x000000009e400000, 0x000000009e400000|100%|HC|  |TAMS 0x000000009e400000| PB 0x000000009e300000| Complete |  0
| 402|0x000000009e400000, 0x000000009e500000, 0x000000009e500000|100%|HS|  |TAMS 0x000000009e500000| PB 0x000000009e400000| Complete |  0
| 403|0x000000009e500000, 0x000000009e600000, 0x000000009e600000|100%|HC|  |TAMS 0x000000009e600000| PB 0x000000009e500000| Complete |  0
| 404|0x000000009e600000, 0x000000009e700000, 0x000000009e700000|100%|HC|  |TAMS 0x000000009e700000| PB 0x000000009e600000| Complete |  0
| 405|0x000000009e700000, 0x000000009e800000, 0x000000009e800000|100%|HC|  |TAMS 0x000000009e800000| PB 0x000000009e700000| Complete |  0
| 406|0x000000009e800000, 0x000000009e900000, 0x000000009e900000|100%|HC|  |TAMS 0x000000009e900000| PB 0x000000009e800000| Complete |  0
| 407|0x000000009e900000, 0x000000009ea00000, 0x000000009ea00000|100%|HS|  |TAMS 0x000000009ea00000| PB 0x000000009e900000| Complete |  0
| 408|0x000000009ea00000, 0x000000009eb00000, 0x000000009eb00000|100%|HC|  |TAMS 0x000000009eb00000| PB 0x000000009ea00000| Complete |  0
| 409|0x000000009eb00000, 0x000000009ec00000, 0x000000009ec00000|100%|HC|  |TAMS 0x000000009ec00000| PB 0x000000009eb00000| Complete |  0
| 410|0x000000009ec00000, 0x000000009ed00000, 0x000000009ed00000|100%|HC|  |TAMS 0x000000009ed00000| PB 0x000000009ec00000| Complete |  0
| 411|0x000000009ed00000, 0x000000009ee00000, 0x000000009ee00000|100%|HC|  |TAMS 0x000000009ee00000| PB 0x000000009ed00000| Complete |  0
| 412|0x000000009ee00000, 0x000000009ef00000, 0x000000009ef00000|100%|HS|  |TAMS 0x000000009ee00000| PB 0x000000009ee00000| Complete |  0
| 413|0x000000009ef00000, 0x000000009f000000, 0x000000009f000000|100%|HC|  |TAMS 0x000000009ef00000| PB 0x000000009ef00000| Complete |  0
| 414|0x000000009f000000, 0x000000009f100000, 0x000000009f100000|100%|HC|  |TAMS 0x000000009f000000| PB 0x000000009f000000| Complete |  0
| 415|0x000000009f100000, 0x000000009f200000, 0x000000009f200000|100%|HC|  |TAMS 0x000000009f100000| PB 0x000000009f100000| Complete |  0
| 416|0x000000009f200000, 0x000000009f300000, 0x000000009f300000|100%|HC|  |TAMS 0x000000009f200000| PB 0x000000009f200000| Complete |  0
|1963|0x00000000ffd00000, 0x00000000ffd1a340, 0x00000000ffe00000| 10%| O|  |TAMS 0x00000000ffd1a340| PB 0x00000000ffd1a340| Untracked |  0
|1964|0x00000000ffe00000, 0x00000000fff00000, 0x00000000fff00000|100%| O|  |TAMS 0x00000000fff00000| PB 0x00000000fff00000| Untracked |  0
|1965|0x00000000fff00000, 0x0000000100000000, 0x0000000100000000|100%| O|  |TAMS 0x0000000100000000| PB 0x0000000100000000| Untracked |  0

Card table byte_map: [0x0000018f7c120000,0x0000018f7c500000] _byte_map_base: 0x0000018f7bcf7000

Marking Bits: (CMBitMap*) 0x0000018f641050a0
 Bits: [0x0000018f7c500000, 0x0000018f7e3b8000)

Polling page: 0x0000018f61fb0000

Metaspace:

Usage:
  Non-class:      6.42 MB used.
      Class:    920.41 KB used.
       Both:      7.32 MB used.

Virtual space:
  Non-class space:       64.00 MB reserved,       6.56 MB ( 10%) committed,  1 nodes.
      Class space:        1.00 GB reserved,       1.00 MB ( <1%) committed,  1 nodes.
             Both:        1.06 GB reserved,       7.56 MB ( <1%) committed. 

Chunk freelists:
   Non-Class:  8.42 MB
       Class:  14.83 MB
        Both:  23.25 MB

MaxMetaspaceSize: unlimited
CompressedClassSpaceSize: 1.00 GB
Initial GC threshold: 21.00 MB
Current GC threshold: 21.00 MB
CDS: on
 - commit_granule_bytes: 65536.
 - commit_granule_words: 8192.
 - virtual_space_node_default_size: 8388608.
 - enlarge_chunks_in_place: 1.
 - use_allocation_guard: 0.


Internal statistics:

num_allocs_failed_limit: 0.
num_arena_births: 164.
num_arena_deaths: 0.
num_vsnodes_births: 2.
num_vsnodes_deaths: 0.
num_space_committed: 121.
num_space_uncommitted: 0.
num_chunks_returned_to_freelist: 0.
num_chunks_taken_from_freelist: 365.
num_chunk_merges: 0.
num_chunk_splits: 248.
num_chunks_enlarged: 171.
num_inconsistent_stats: 0.

CodeHeap 'non-profiled nmethods': size=120064Kb used=441Kb max_used=461Kb free=119622Kb
 bounds [0x0000018f742a0000, 0x0000018f74510000, 0x0000018f7b7e0000]
CodeHeap 'profiled nmethods': size=120000Kb used=1601Kb max_used=1901Kb free=118398Kb
 bounds [0x0000018f6c7e0000, 0x0000018f6ca50000, 0x0000018f73d10000]
CodeHeap 'non-nmethods': size=5696Kb used=1500Kb max_used=1504Kb free=4195Kb
 bounds [0x0000018f73d10000, 0x0000018f73f80000, 0x0000018f742a0000]
CodeCache: size=245760Kb, used=3542Kb, max_used=3866Kb, free=242215Kb
 total_blobs=1809, nmethods=1227, adapters=486, full_count=0
Compilation: enabled, stopped_count=0, restarted_count=0

Compilation events (20 events):
Event: 1.361 Thread 0x0000018f7f0246d0 1405       3       java.lang.Integer::valueOf (32 bytes)
Event: 1.362 Thread 0x0000018f7f0246d0 nmethod 1405 0x0000018f6c9ba188 code [0x0000018f6c9ba2c0, 0x0000018f6c9ba5b8]
Event: 1.372 Thread 0x0000018f7f0239a0 nmethod 1404% 0x0000018f7430d488 code [0x0000018f7430d640, 0x0000018f7430e868]
Event: 1.372 Thread 0x0000018f7f0246d0 1406       3       java.io.SequenceInputStream::read (68 bytes)
Event: 1.372 Thread 0x0000018f7f0239a0 1407 %     4       com.sun.javafx.iio.gif.GIFImageLoader2::decodeImage @ 26 (161 bytes)
Event: 1.373 Thread 0x0000018f7f0246d0 nmethod 1406 0x0000018f6c9ba608 code [0x0000018f6c9ba7c0, 0x0000018f6c9bafb8]
Event: 1.388 Thread 0x0000018f7f0239a0 nmethod 1407% 0x0000018f7430e908 code [0x0000018f7430eac0, 0x0000018f7430fc40]
Event: 1.388 Thread 0x0000018f7f0239a0 1408       4       java.util.concurrent.locks.AbstractQueuedSynchronizer::signalNext (34 bytes)
Event: 1.389 Thread 0x0000018f7f0239a0 nmethod 1408 0x0000018f7430fd08 code [0x0000018f7430fe20, 0x0000018f7430ff00]
Event: 1.392 Thread 0x0000018f7f0239a0 1409       4       com.sun.javafx.iio.gif.GIFImageLoader2::decodeImage (161 bytes)
Event: 1.455 Thread 0x0000018f7f0239a0 nmethod 1409 0x0000018f74310008 code [0x0000018f743102e0, 0x0000018f74312a10]
Event: 1.510 Thread 0x0000018f7f0239a0 1410       4       java.util.concurrent.locks.ReentrantLock$Sync::tryRelease (51 bytes)
Event: 1.512 Thread 0x0000018f7f0239a0 nmethod 1410 0x0000018f74312a88 code [0x0000018f74312b80, 0x0000018f74312cb8]
Event: 1.521 Thread 0x0000018f7f0239a0 1411       4       java.util.concurrent.locks.ReentrantLock$NonfairSync::initialTryLock (58 bytes)
Event: 1.522 Thread 0x0000018f7f0239a0 nmethod 1411 0x0000018f74312d88 code [0x0000018f74312e80, 0x0000018f74313008]
Event: 1.533 Thread 0x0000018f7f0239a0 1412       4       java.io.BufferedInputStream::getBufIfOpen (61 bytes)
Event: 1.534 Thread 0x0000018f7f0239a0 nmethod 1412 0x0000018f74313088 code [0x0000018f74313180, 0x0000018f74313248]
Event: 1.543 Thread 0x0000018f7f0246d0 1413       3       com.sun.javafx.iio.gif.GIFImageLoader2::readShort (17 bytes)
Event: 1.551 Thread 0x0000018f7f0246d0 nmethod 1413 0x0000018f6c9bb008 code [0x0000018f6c9bb180, 0x0000018f6c9bb6c0]
Event: 1.770 Thread 0x0000018f7f0239a0 1415       4       java.io.SequenceInputStream::read (31 bytes)

GC Heap History (12 events):
Event: 0.455 GC heap before
{Heap before GC invocations=0 (full 0):
 garbage-first heap   total reserved 2013184K, committed 126976K, used 23552K [0x0000000085200000, 0x0000000100000000)
  region size 1024K, 24 young (24576K), 0 survivors (0K)
 Metaspace       used 4193K, committed 4352K, reserved 1114112K
  class space    used 495K, committed 576K, reserved 1048576K
}
Event: 0.459 GC heap after
{Heap after GC invocations=1 (full 0):
 garbage-first heap   total reserved 2013184K, committed 126976K, used 3333K [0x0000000085200000, 0x0000000100000000)
  region size 1024K, 3 young (3072K), 3 survivors (3072K)
 Metaspace       used 4193K, committed 4352K, reserved 1114112K
  class space    used 495K, committed 576K, reserved 1048576K
}
Event: 1.281 GC heap before
{Heap before GC invocations=1 (full 0):
 garbage-first heap   total reserved 2013184K, committed 126976K, used 73989K [0x0000000085200000, 0x0000000100000000)
  region size 1024K, 22 young (22528K), 3 survivors (3072K)
 Metaspace       used 7491K, committed 7744K, reserved 1114112K
  class space    used 920K, committed 1024K, reserved 1048576K
}
Event: 1.308 GC heap after
{Heap after GC invocations=2 (full 0):
 garbage-first heap   total reserved 2013184K, committed 126976K, used 56970K [0x0000000085200000, 0x0000000100000000)
  region size 1024K, 3 young (3072K), 3 survivors (3072K)
 Metaspace       used 7491K, committed 7744K, reserved 1114112K
  class space    used 920K, committed 1024K, reserved 1048576K
}
Event: 1.333 GC heap before
{Heap before GC invocations=2 (full 0):
 garbage-first heap   total reserved 2013184K, committed 126976K, used 62090K [0x0000000085200000, 0x0000000100000000)
  region size 1024K, 4 young (4096K), 3 survivors (3072K)
 Metaspace       used 7493K, committed 7744K, reserved 1114112K
  class space    used 920K, committed 1024K, reserved 1048576K
}
Event: 1.335 GC heap after
{Heap after GC invocations=3 (full 0):
 garbage-first heap   total reserved 2013184K, committed 126976K, used 62148K [0x0000000085200000, 0x0000000100000000)
  region size 1024K, 3 young (3072K), 3 survivors (3072K)
 Metaspace       used 7493K, committed 7744K, reserved 1114112K
  class space    used 920K, committed 1024K, reserved 1048576K
}
Event: 1.544 GC heap before
{Heap before GC invocations=4 (full 0):
 garbage-first heap   total reserved 2013184K, committed 275456K, used 273092K [0x0000000085200000, 0x0000000100000000)
  region size 1024K, 10 young (10240K), 3 survivors (3072K)
 Metaspace       used 7496K, committed 7744K, reserved 1114112K
  class space    used 920K, committed 1024K, reserved 1048576K
}
Event: 1.551 GC heap after
{Heap after GC invocations=5 (full 0):
 garbage-first heap   total reserved 2013184K, committed 278528K, used 266885K [0x0000000085200000, 0x0000000100000000)
  region size 1024K, 3 young (3072K), 3 survivors (3072K)
 Metaspace       used 7496K, committed 7744K, reserved 1114112K
  class space    used 920K, committed 1024K, reserved 1048576K
}
Event: 1.765 GC heap before
{Heap before GC invocations=5 (full 0):
 garbage-first heap   total reserved 2013184K, committed 421888K, used 419461K [0x0000000085200000, 0x0000000100000000)
  region size 1024K, 8 young (8192K), 3 survivors (3072K)
 Metaspace       used 7496K, committed 7744K, reserved 1114112K
  class space    used 920K, committed 1024K, reserved 1048576K
}
Event: 1.769 GC heap after
{Heap after GC invocations=6 (full 0):
 garbage-first heap   total reserved 2013184K, committed 425984K, used 415027K [0x0000000085200000, 0x0000000100000000)
  region size 1024K, 1 young (1024K), 1 survivors (1024K)
 Metaspace       used 7496K, committed 7744K, reserved 1114112K
  class space    used 920K, committed 1024K, reserved 1048576K
}
Event: 1.771 GC heap before
{Heap before GC invocations=6 (full 0):
 garbage-first heap   total reserved 2013184K, committed 425984K, used 415027K [0x0000000085200000, 0x0000000100000000)
  region size 1024K, 2 young (2048K), 1 survivors (1024K)
 Metaspace       used 7496K, committed 7744K, reserved 1114112K
  class space    used 920K, committed 1024K, reserved 1048576K
}
Event: 1.773 GC heap after
{Heap after GC invocations=7 (full 0):
 garbage-first heap   total reserved 2013184K, committed 425984K, used 415042K [0x0000000085200000, 0x0000000100000000)
  region size 1024K, 1 young (1024K), 1 survivors (1024K)
 Metaspace       used 7496K, committed 7744K, reserved 1114112K
  class space    used 920K, committed 1024K, reserved 1048576K
}

Dll operation events (20 events):
Event: 0.232 Loaded shared library C:\Users\Lynneth Dela Cerna\Downloads\openjfx-23_windows-x64_bin-sdk\javafx-sdk-23\bin\api-ms-win-crt-heap-l1-1-0.dll
Event: 0.232 Loaded shared library C:\Users\Lynneth Dela Cerna\Downloads\openjfx-23_windows-x64_bin-sdk\javafx-sdk-23\bin\api-ms-win-crt-locale-l1-1-0.dll
Event: 0.233 Loaded shared library C:\Users\Lynneth Dela Cerna\Downloads\openjfx-23_windows-x64_bin-sdk\javafx-sdk-23\bin\api-ms-win-crt-math-l1-1-0.dll
Event: 0.234 Loaded shared library C:\Users\Lynneth Dela Cerna\Downloads\openjfx-23_windows-x64_bin-sdk\javafx-sdk-23\bin\api-ms-win-crt-multibyte-l1-1-0.dll
Event: 0.235 Loaded shared library C:\Users\Lynneth Dela Cerna\Downloads\openjfx-23_windows-x64_bin-sdk\javafx-sdk-23\bin\api-ms-win-crt-private-l1-1-0.dll
Event: 0.236 Loaded shared library C:\Users\Lynneth Dela Cerna\Downloads\openjfx-23_windows-x64_bin-sdk\javafx-sdk-23\bin\api-ms-win-crt-process-l1-1-0.dll
Event: 0.237 Loaded shared library C:\Users\Lynneth Dela Cerna\Downloads\openjfx-23_windows-x64_bin-sdk\javafx-sdk-23\bin\api-ms-win-crt-runtime-l1-1-0.dll
Event: 0.237 Loaded shared library C:\Users\Lynneth Dela Cerna\Downloads\openjfx-23_windows-x64_bin-sdk\javafx-sdk-23\bin\api-ms-win-crt-stdio-l1-1-0.dll
Event: 0.238 Loaded shared library C:\Users\Lynneth Dela Cerna\Downloads\openjfx-23_windows-x64_bin-sdk\javafx-sdk-23\bin\api-ms-win-crt-string-l1-1-0.dll
Event: 0.239 Loaded shared library C:\Users\Lynneth Dela Cerna\Downloads\openjfx-23_windows-x64_bin-sdk\javafx-sdk-23\bin\api-ms-win-crt-time-l1-1-0.dll
Event: 0.240 Loaded shared library C:\Users\Lynneth Dela Cerna\Downloads\openjfx-23_windows-x64_bin-sdk\javafx-sdk-23\bin\api-ms-win-crt-utility-l1-1-0.dll
Event: 0.241 Loaded shared library C:\Users\Lynneth Dela Cerna\Downloads\openjfx-23_windows-x64_bin-sdk\javafx-sdk-23\bin\ucrtbase.dll
Event: 0.242 Loaded shared library C:\Users\Lynneth Dela Cerna\Downloads\openjfx-23_windows-x64_bin-sdk\javafx-sdk-23\bin\vcruntime140.dll
Event: 0.243 Loaded shared library C:\Users\Lynneth Dela Cerna\Downloads\openjfx-23_windows-x64_bin-sdk\javafx-sdk-23\bin\vcruntime140_1.dll
Event: 0.244 Loaded shared library C:\Users\Lynneth Dela Cerna\Downloads\openjfx-23_windows-x64_bin-sdk\javafx-sdk-23\bin\msvcp140.dll
Event: 0.244 Loaded shared library C:\Users\Lynneth Dela Cerna\Downloads\openjfx-23_windows-x64_bin-sdk\javafx-sdk-23\bin\msvcp140_1.dll
Event: 0.245 Loaded shared library C:\Users\Lynneth Dela Cerna\Downloads\openjfx-23_windows-x64_bin-sdk\javafx-sdk-23\bin\msvcp140_2.dll
Event: 0.272 Loaded shared library C:\Users\Lynneth Dela Cerna\Downloads\openjfx-23_windows-x64_bin-sdk\javafx-sdk-23\bin\prism_d3d.dll
Event: 0.327 Loaded shared library C:\Users\Lynneth Dela Cerna\Downloads\openjfx-23_windows-x64_bin-sdk\javafx-sdk-23\bin\glass.dll
Event: 0.418 Loaded shared library C:\Program Files\Java\jdk-23\bin\jimage.dll

Deoptimization events (20 events):
Event: 1.401 Thread 0x0000018f47cee6f0 DEOPT PACKING pc=0x0000018f6c9b6a85 sp=0x0000006634afd630
Event: 1.401 Thread 0x0000018f47cee6f0 DEOPT UNPACKING pc=0x0000018f73d64b22 sp=0x0000006634afcb50 mode 0
Event: 1.405 Thread 0x0000018f47cee6f0 DEOPT PACKING pc=0x0000018f6c9b6aa6 sp=0x0000006634afd630
Event: 1.405 Thread 0x0000018f47cee6f0 DEOPT UNPACKING pc=0x0000018f73d64b22 sp=0x0000006634afcb50 mode 0
Event: 1.411 Thread 0x0000018f47cee6f0 DEOPT PACKING pc=0x0000018f6c9b6aa6 sp=0x0000006634afd630
Event: 1.411 Thread 0x0000018f47cee6f0 DEOPT UNPACKING pc=0x0000018f73d64b22 sp=0x0000006634afcb50 mode 0
Event: 1.416 Thread 0x0000018f47cee6f0 DEOPT PACKING pc=0x0000018f6c9b6a85 sp=0x0000006634afd630
Event: 1.416 Thread 0x0000018f47cee6f0 DEOPT UNPACKING pc=0x0000018f73d64b22 sp=0x0000006634afcb50 mode 0
Event: 1.420 Thread 0x0000018f47cee6f0 DEOPT PACKING pc=0x0000018f6c9b6a85 sp=0x0000006634afd630
Event: 1.420 Thread 0x0000018f47cee6f0 DEOPT UNPACKING pc=0x0000018f73d64b22 sp=0x0000006634afcb50 mode 0
Event: 1.425 Thread 0x0000018f47cee6f0 DEOPT PACKING pc=0x0000018f6c9b6aa6 sp=0x0000006634afd630
Event: 1.425 Thread 0x0000018f47cee6f0 DEOPT UNPACKING pc=0x0000018f73d64b22 sp=0x0000006634afcb50 mode 0
Event: 1.431 Thread 0x0000018f47cee6f0 DEOPT PACKING pc=0x0000018f6c9b6aa6 sp=0x0000006634afd630
Event: 1.431 Thread 0x0000018f47cee6f0 DEOPT UNPACKING pc=0x0000018f73d64b22 sp=0x0000006634afcb50 mode 0
Event: 1.437 Thread 0x0000018f47cee6f0 DEOPT PACKING pc=0x0000018f6c9b6aa6 sp=0x0000006634afd630
Event: 1.437 Thread 0x0000018f47cee6f0 DEOPT UNPACKING pc=0x0000018f73d64b22 sp=0x0000006634afcb50 mode 0
Event: 1.443 Thread 0x0000018f47cee6f0 DEOPT PACKING pc=0x0000018f6c9b6a85 sp=0x0000006634afd630
Event: 1.443 Thread 0x0000018f47cee6f0 DEOPT UNPACKING pc=0x0000018f73d64b22 sp=0x0000006634afcb50 mode 0
Event: 1.451 Thread 0x0000018f47cee6f0 DEOPT PACKING pc=0x0000018f6c9b6aa6 sp=0x0000006634afd630
Event: 1.451 Thread 0x0000018f47cee6f0 DEOPT UNPACKING pc=0x0000018f73d64b22 sp=0x0000006634afcb50 mode 0

Classes loaded (20 events):
Event: 0.931 Loading class com/sun/xml/internal/stream/StaxErrorReporter
Event: 0.932 Loading class com/sun/xml/internal/stream/StaxErrorReporter done
Event: 0.937 Loading class java/util/LinkedList$Node
Event: 0.937 Loading class java/util/LinkedList$Node done
Event: 0.967 Loading class java/util/EventListener
Event: 0.967 Loading class java/util/EventListener done
Event: 1.173 Loading class java/lang/reflect/TypeVariable
Event: 1.175 Loading class java/lang/reflect/TypeVariable done
Event: 1.175 Loading class java/lang/InstantiationException
Event: 1.175 Loading class java/lang/InstantiationException done
Event: 1.175 Loading class java/lang/reflect/AnnotatedType
Event: 1.175 Loading class java/lang/reflect/AnnotatedType done
Event: 1.181 Loading class java/security/AllPermissionCollection
Event: 1.181 Loading class java/security/AllPermissionCollection done
Event: 1.203 Loading class java/util/LinkedList$ListItr
Event: 1.203 Loading class java/util/LinkedList$ListItr done
Event: 1.203 Loading class java/lang/MatchException
Event: 1.203 Loading class java/lang/MatchException done
Event: 1.205 Loading class java/io/SequenceInputStream
Event: 1.205 Loading class java/io/SequenceInputStream done

Classes unloaded (0 events):
No events

Classes redefined (0 events):
No events

Internal exceptions (20 events):
Event: 0.663 Thread 0x0000018f47cee6f0 Exception <a 'java/lang/ClassNotFoundException'{0x000000008c31faf0}: com/sun/glass/ui/win/themes_es_US> (0x000000008c31faf0) 
thrown [s\open\src\hotspot\share\prims\jni.cpp, line 539]
Event: 0.663 Thread 0x0000018f47cee6f0 Exception <a 'java/lang/ClassNotFoundException'{0x000000008c3210f0}: com/sun/glass/ui/win/themes_yav_Latn> (0x000000008c3210f0) 
thrown [s\open\src\hotspot\share\prims\jni.cpp, line 539]
Event: 0.663 Thread 0x0000018f47cee6f0 Exception <a 'java/lang/ClassNotFoundException'{0x000000008c3221d0}: com/sun/glass/ui/win/themes_yav_Latn_CM> (0x000000008c3221d0) 
thrown [s\open\src\hotspot\share\prims\jni.cpp, line 539]
Event: 0.663 Thread 0x0000018f47cee6f0 Exception <a 'java/lang/ClassNotFoundException'{0x000000008c3235c8}: com/sun/glass/ui/win/themes_en_Latn> (0x000000008c3235c8) 
thrown [s\open\src\hotspot\share\prims\jni.cpp, line 539]
Event: 0.664 Thread 0x0000018f47cee6f0 Exception <a 'java/lang/ClassNotFoundException'{0x000000008c324698}: com/sun/glass/ui/win/themes_en_Latn_US> (0x000000008c324698) 
thrown [s\open\src\hotspot\share\prims\jni.cpp, line 539]
Event: 0.665 Thread 0x0000018f47cee6f0 Exception <a 'java/lang/ClassNotFoundException'{0x000000008c325ab0}: com/sun/glass/ui/win/themes_th_Thai> (0x000000008c325ab0) 
thrown [s\open\src\hotspot\share\prims\jni.cpp, line 539]
Event: 0.665 Thread 0x0000018f47cee6f0 Exception <a 'java/lang/ClassNotFoundException'{0x000000008c326b80}: com/sun/glass/ui/win/themes_th_Thai_TH> (0x000000008c326b80) 
thrown [s\open\src\hotspot\share\prims\jni.cpp, line 539]
Event: 0.665 Thread 0x0000018f47cee6f0 Exception <a 'java/lang/ClassNotFoundException'{0x000000008c327e68}: com/sun/glass/ui/win/themes_fr_PF> (0x000000008c327e68) 
thrown [s\open\src\hotspot\share\prims\jni.cpp, line 539]
Event: 0.666 Thread 0x0000018f47cee6f0 Exception <a 'java/lang/ClassNotFoundException'{0x000000008c329120}: com/sun/glass/ui/win/themes_es_VE> (0x000000008c329120) 
thrown [s\open\src\hotspot\share\prims\jni.cpp, line 539]
Event: 0.666 Thread 0x0000018f47cee6f0 Exception <a 'java/lang/ClassNotFoundException'{0x000000008c32a930}: com/sun/glass/ui/win/themes_ses_Latn> (0x000000008c32a930) 
thrown [s\open\src\hotspot\share\prims\jni.cpp, line 539]
Event: 0.666 Thread 0x0000018f47cee6f0 Exception <a 'java/lang/ClassNotFoundException'{0x000000008c32ba10}: com/sun/glass/ui/win/themes_ses_Latn_ML> (0x000000008c32ba10) 
thrown [s\open\src\hotspot\share\prims\jni.cpp, line 539]
Event: 0.666 Thread 0x0000018f47cee6f0 Exception <a 'java/lang/ClassNotFoundException'{0x000000008c32d078}: com/sun/glass/ui/win/themes_doi_Deva> (0x000000008c32d078) 
thrown [s\open\src\hotspot\share\prims\jni.cpp, line 539]
Event: 0.666 Thread 0x0000018f47cee6f0 Exception <a 'java/lang/ClassNotFoundException'{0x000000008c32e158}: com/sun/glass/ui/win/themes_doi_Deva_IN> (0x000000008c32e158) 
thrown [s\open\src\hotspot\share\prims\jni.cpp, line 539]
Event: 0.666 Thread 0x0000018f47cee6f0 Exception <a 'java/lang/ClassNotFoundException'{0x000000008c32f448}: com/sun/glass/ui/win/themes_fr_PM> (0x000000008c32f448) 
thrown [s\open\src\hotspot\share\prims\jni.cpp, line 539]
Event: 0.667 Thread 0x0000018f47cee6f0 Exception <a 'java/lang/ClassNotFoundException'{0x000000008c3308d8}: com/sun/glass/ui/win/themes_es_UY> (0x000000008c3308d8) 
thrown [s\open\src\hotspot\share\prims\jni.cpp, line 539]
Event: 0.667 Thread 0x0000018f47cee6f0 Exception <a 'java/lang/ClassNotFoundException'{0x000000008c331cc8}: com/sun/glass/ui/win/themes_gu_Gujr> (0x000000008c331cc8) 
thrown [s\open\src\hotspot\share\prims\jni.cpp, line 539]
Event: 0.667 Thread 0x0000018f47cee6f0 Exception <a 'java/lang/ClassNotFoundException'{0x000000008c332d98}: com/sun/glass/ui/win/themes_gu_Gujr_IN> (0x000000008c332d98) 
thrown [s\open\src\hotspot\share\prims\jni.cpp, line 539]
Event: 0.688 Thread 0x0000018f47cee6f0 Exception <a 'java/lang/NoSuchMethodError'{0x000000008c397c58}: 'java.lang.Object java.lang.invoke.DirectMethodHandle$Holder.invokeInterface(java.lang.Object, java.lang.Object)'> (0x000000008c397c58) 
thrown [s\open\src\hotspot\share\interpreter\linkResolver.cpp, line 796]
Event: 1.122 Thread 0x0000018f47cee6f0 Exception <a 'java/lang/NoSuchMethodError'{0x000000008c0f5380}: 'java.lang.Object java.lang.invoke.DirectMethodHandle$Holder.invokeStaticInit(java.lang.Object, java.lang.Object, java.lang.Object, java.lang.Object)'> (0x000000008c0f5380) 
thrown [s\open\src\hotspot\share\interpreter\linkResolver.cpp, line 796]
Event: 1.125 Thread 0x0000018f47cee6f0 Exception <a 'java/lang/NullPointerException'{0x000000008bf02450}> (0x000000008bf02450) 
thrown [s\open\src\hotspot\share\interpreter\linkResolver.cpp, line 1389]

VM Operations (20 events):
Event: 0.428 Executing VM operation: HandshakeAllThreads (Deoptimize) done
Event: 0.455 Executing VM operation: G1CollectForAllocation (G1 Evacuation Pause)
Event: 0.459 Executing VM operation: G1CollectForAllocation (G1 Evacuation Pause) done
Event: 0.668 Executing VM operation: HandshakeAllThreads (Deoptimize)
Event: 0.668 Executing VM operation: HandshakeAllThreads (Deoptimize) done
Event: 1.281 Executing VM operation: G1TryInitiateConcMark (G1 Humongous Allocation)
Event: 1.308 Executing VM operation: G1TryInitiateConcMark (G1 Humongous Allocation) done
Event: 1.333 Executing VM operation: G1TryInitiateConcMark (G1 Humongous Allocation)
Event: 1.336 Executing VM operation: G1TryInitiateConcMark (G1 Humongous Allocation) done
Event: 1.342 Executing VM operation: G1PauseRemark
Event: 1.345 Executing VM operation: G1PauseRemark done
Event: 1.346 Executing VM operation: G1PauseCleanup
Event: 1.346 Executing VM operation: G1PauseCleanup done
Event: 1.544 Executing VM operation: G1CollectForAllocation (G1 Evacuation Pause)
Event: 1.551 Executing VM operation: G1CollectForAllocation (G1 Evacuation Pause) done
Event: 1.765 Executing VM operation: G1CollectForAllocation (G1 Evacuation Pause)
Event: 1.769 Executing VM operation: G1CollectForAllocation (G1 Evacuation Pause) done
Event: 1.771 Executing VM operation: G1TryInitiateConcMark (G1 Humongous Allocation)
Event: 1.773 Executing VM operation: G1TryInitiateConcMark (G1 Humongous Allocation) done
Event: 1.778 Executing VM operation: G1PauseRemark

Memory protections (0 events):
No events

Nmethod flushes (20 events):
Event: 1.779 Thread 0x0000018f7efff610 flushing  nmethod 0x0000018f6c861c88
Event: 1.779 Thread 0x0000018f7efff610 flushing  nmethod 0x0000018f6c864908
Event: 1.779 Thread 0x0000018f7efff610 flushing  nmethod 0x0000018f6c8c5008
Event: 1.779 Thread 0x0000018f7efff610 flushing  nmethod 0x0000018f6c8c5a88
Event: 1.779 Thread 0x0000018f7efff610 flushing  nmethod 0x0000018f6c8c6a88
Event: 1.779 Thread 0x0000018f7efff610 flushing  nmethod 0x0000018f6c8c8108
Event: 1.779 Thread 0x0000018f7efff610 flushing  nmethod 0x0000018f6c8c9f88
Event: 1.779 Thread 0x0000018f7efff610 flushing  nmethod 0x0000018f6c8ca988
Event: 1.779 Thread 0x0000018f7efff610 flushing  nmethod 0x0000018f6c8cd308
Event: 1.779 Thread 0x0000018f7efff610 flushing  nmethod 0x0000018f6c8cd688
Event: 1.779 Thread 0x0000018f7efff610 flushing  nmethod 0x0000018f6c8fc208
Event: 1.779 Thread 0x0000018f7efff610 flushing  nmethod 0x0000018f6c8fc808
Event: 1.779 Thread 0x0000018f7efff610 flushing  nmethod 0x0000018f6c8fce08
Event: 1.779 Thread 0x0000018f7efff610 flushing  nmethod 0x0000018f6c8fd388
Event: 1.779 Thread 0x0000018f7efff610 flushing  nmethod 0x0000018f6c8fdd08
Event: 1.779 Thread 0x0000018f7efff610 flushing  nmethod 0x0000018f6c8fe188
Event: 1.779 Thread 0x0000018f7efff610 flushing  nmethod 0x0000018f6c8ff308
Event: 1.779 Thread 0x0000018f7efff610 flushing  nmethod 0x0000018f6c8ff708
Event: 1.779 Thread 0x0000018f7efff610 flushing  nmethod 0x0000018f6c8ffa08
Event: 1.779 Thread 0x0000018f7efff610 flushing  nmethod 0x0000018f6c93e588

Events (16 events):
Event: 0.034 Thread 0x0000018f640af250 Thread added: 0x0000018f640af250
Event: 0.044 Thread 0x0000018f640af250 Thread added: 0x0000018f7f01a900
Event: 0.044 Thread 0x0000018f640af250 Thread added: 0x0000018f7f01b620
Event: 0.044 Thread 0x0000018f640af250 Thread added: 0x0000018f7f01d290
Event: 0.044 Thread 0x0000018f640af250 Thread added: 0x0000018f7f01e080
Event: 0.045 Thread 0x0000018f640af250 Thread added: 0x0000018f7f01ff00
Event: 0.045 Thread 0x0000018f640af250 Thread added: 0x0000018f7f020a90
Event: 0.045 Thread 0x0000018f640af250 Thread added: 0x0000018f7f0239a0
Event: 0.045 Thread 0x0000018f640af250 Thread added: 0x0000018f7f0246d0
Event: 0.063 Thread 0x0000018f640af250 Thread added: 0x0000018f47141d40
Event: 0.143 Thread 0x0000018f640af250 Thread added: 0x0000018f4729f330
Event: 0.268 Thread 0x0000018f640af250 Thread added: 0x0000018f479bce80
Event: 0.329 Thread 0x0000018f640af250 Thread added: 0x0000018f47cf5f90
Event: 0.332 Thread 0x0000018f640af250 Thread added: 0x0000018f47cee6f0
Event: 0.402 Thread 0x0000018f640af250 Thread added: 0x0000018f47ebba30
Event: 0.412 Thread 0x0000018f47ee2840 Thread added: 0x0000018f47ee2840


Dynamic libraries:
0x00007ff74dd60000 - 0x00007ff74dd70000 	C:\Program Files\Java\jdk-23\bin\java.exe
0x00007fffd06d0000 - 0x00007fffd08e7000 	C:\WINDOWS\SYSTEM32\ntdll.dll
0x00007fffcf050000 - 0x00007fffcf114000 	C:\WINDOWS\System32\KERNEL32.DLL
0x00007fffcd9d0000 - 0x00007fffcdd89000 	C:\WINDOWS\System32\KERNELBASE.dll
0x00007fffce0f0000 - 0x00007fffce201000 	C:\WINDOWS\System32\ucrtbase.dll
0x00007fffb1f40000 - 0x00007fffb1f5b000 	C:\Program Files\Java\jdk-23\bin\VCRUNTIME140.dll
0x00007fffcd1b0000 - 0x00007fffcd1c7000 	C:\Program Files\Java\jdk-23\bin\jli.dll
0x00007fffd00e0000 - 0x00007fffd028e000 	C:\WINDOWS\System32\USER32.dll
0x00007fffce0c0000 - 0x00007fffce0e6000 	C:\WINDOWS\System32\win32u.dll
0x00007fffcfe00000 - 0x00007fffcfe29000 	C:\WINDOWS\System32\GDI32.dll
0x00007fffcde10000 - 0x00007fffcdf2b000 	C:\WINDOWS\System32\gdi32full.dll
0x00007fffcccd0000 - 0x00007fffccf62000 	C:\WINDOWS\WinSxS\amd64_microsoft.windows.common-controls_6595b64144ccf1df_6.0.22621.4391_none_2715d37f73803e96\COMCTL32.dll
0x00007fffcdf60000 - 0x00007fffcdffa000 	C:\WINDOWS\System32\msvcp_win.dll
0x00007fffd0290000 - 0x00007fffd0337000 	C:\WINDOWS\System32\msvcrt.dll
0x00007fffcf6c0000 - 0x00007fffcf6f1000 	C:\WINDOWS\System32\IMM32.DLL
0x00007fffcc290000 - 0x00007fffcc29c000 	C:\Program Files\Java\jdk-23\bin\vcruntime140_1.dll
0x00007fff8ea10000 - 0x00007fff8ea9e000 	C:\Program Files\Java\jdk-23\bin\msvcp140.dll
0x00007fff7b520000 - 0x00007fff7c26f000 	C:\Program Files\Java\jdk-23\bin\server\jvm.dll
0x00007fffcfd40000 - 0x00007fffcfdf2000 	C:\WINDOWS\System32\ADVAPI32.dll
0x00007fffcefa0000 - 0x00007fffcf047000 	C:\WINDOWS\System32\sechost.dll
0x00007fffcdf30000 - 0x00007fffcdf58000 	C:\WINDOWS\System32\bcrypt.dll
0x00007fffcf170000 - 0x00007fffcf284000 	C:\WINDOWS\System32\RPCRT4.dll
0x00007fffce3f0000 - 0x00007fffce461000 	C:\WINDOWS\System32\WS2_32.dll
0x00007fffc4c50000 - 0x00007fffc4c84000 	C:\WINDOWS\SYSTEM32\WINMM.dll
0x00007fffcbbb0000 - 0x00007fffcbbba000 	C:\WINDOWS\SYSTEM32\VERSION.dll
0x00007fffcd8a0000 - 0x00007fffcd8ed000 	C:\WINDOWS\SYSTEM32\POWRPROF.dll
0x00007fffcd6d0000 - 0x00007fffcd6e3000 	C:\WINDOWS\SYSTEM32\UMPDC.dll
0x00007fffcba40000 - 0x00007fffcba58000 	C:\WINDOWS\SYSTEM32\kernel.appcore.dll
0x00007fffb1e70000 - 0x00007fffb1e7a000 	C:\Program Files\Java\jdk-23\bin\jimage.dll
0x00007fffcd240000 - 0x00007fffcd472000 	C:\WINDOWS\SYSTEM32\DBGHELP.DLL
0x00007fffcf310000 - 0x00007fffcf69f000 	C:\WINDOWS\System32\combase.dll
0x00007fffcfe30000 - 0x00007fffcff07000 	C:\WINDOWS\System32\OLEAUT32.dll
0x00007fffcd130000 - 0x00007fffcd162000 	C:\WINDOWS\SYSTEM32\dbgcore.DLL
0x00007fffcdd90000 - 0x00007fffcde0b000 	C:\WINDOWS\System32\bcryptPrimitives.dll
0x00007fffb1970000 - 0x00007fffb198e000 	C:\Program Files\Java\jdk-23\bin\java.dll
0x00007fffcff30000 - 0x00007fffd00d5000 	C:\WINDOWS\System32\ole32.dll
0x00007fffce720000 - 0x00007fffcef96000 	C:\WINDOWS\System32\SHELL32.dll
0x00007fffca990000 - 0x00007fffcb293000 	C:\WINDOWS\SYSTEM32\windows.storage.dll
0x00007fffca850000 - 0x00007fffca98f000 	C:\WINDOWS\SYSTEM32\wintypes.dll
0x00007fffd0590000 - 0x00007fffd0689000 	C:\WINDOWS\System32\SHCORE.dll
0x00007fffcfb80000 - 0x00007fffcfbde000 	C:\WINDOWS\System32\shlwapi.dll
0x00007fffcd900000 - 0x00007fffcd92b000 	C:\WINDOWS\SYSTEM32\profapi.dll
0x00007fff815b0000 - 0x00007fff81687000 	C:\Program Files\Java\jdk-23\bin\jsvml.dll
0x00007fffb0820000 - 0x00007fffb0830000 	C:\Program Files\Java\jdk-23\bin\net.dll
0x00007fffcbf00000 - 0x00007fffcbf69000 	C:\WINDOWS\system32\mswsock.dll
0x00007fffab370000 - 0x00007fffab386000 	C:\Program Files\Java\jdk-23\bin\nio.dll
0x00007fff8eaa0000 - 0x00007fff8eab7000 	C:\Program Files\Java\jdk-23\bin\zip.dll
0x0000018f47560000 - 0x0000018f47563000 	C:\Users\Lynneth Dela Cerna\Downloads\openjfx-23_windows-x64_bin-sdk\javafx-sdk-23\bin\api-ms-win-core-console-l1-1-0.dll
0x0000018f47570000 - 0x0000018f47573000 	C:\Users\Lynneth Dela Cerna\Downloads\openjfx-23_windows-x64_bin-sdk\javafx-sdk-23\bin\api-ms-win-core-console-l1-2-0.dll
0x0000018f47580000 - 0x0000018f47583000 	C:\Users\Lynneth Dela Cerna\Downloads\openjfx-23_windows-x64_bin-sdk\javafx-sdk-23\bin\api-ms-win-core-datetime-l1-1-0.dll
0x0000018f47590000 - 0x0000018f47593000 	C:\Users\Lynneth Dela Cerna\Downloads\openjfx-23_windows-x64_bin-sdk\javafx-sdk-23\bin\api-ms-win-core-debug-l1-1-0.dll
0x0000018f475a0000 - 0x0000018f475a3000 	C:\Users\Lynneth Dela Cerna\Downloads\openjfx-23_windows-x64_bin-sdk\javafx-sdk-23\bin\api-ms-win-core-errorhandling-l1-1-0.dll
0x0000018f475b0000 - 0x0000018f475b4000 	C:\Users\Lynneth Dela Cerna\Downloads\openjfx-23_windows-x64_bin-sdk\javafx-sdk-23\bin\api-ms-win-core-file-l1-1-0.dll
0x0000018f475c0000 - 0x0000018f475c3000 	C:\Users\Lynneth Dela Cerna\Downloads\openjfx-23_windows-x64_bin-sdk\javafx-sdk-23\bin\api-ms-win-core-file-l1-2-0.dll
0x0000018f475d0000 - 0x0000018f475d3000 	C:\Users\Lynneth Dela Cerna\Downloads\openjfx-23_windows-x64_bin-sdk\javafx-sdk-23\bin\api-ms-win-core-file-l2-1-0.dll
0x0000018f475e0000 - 0x0000018f475e3000 	C:\Users\Lynneth Dela Cerna\Downloads\openjfx-23_windows-x64_bin-sdk\javafx-sdk-23\bin\api-ms-win-core-handle-l1-1-0.dll
0x0000018f475f0000 - 0x0000018f475f3000 	C:\Users\Lynneth Dela Cerna\Downloads\openjfx-23_windows-x64_bin-sdk\javafx-sdk-23\bin\api-ms-win-core-heap-l1-1-0.dll
0x0000018f47600000 - 0x0000018f47603000 	C:\Users\Lynneth Dela Cerna\Downloads\openjfx-23_windows-x64_bin-sdk\javafx-sdk-23\bin\api-ms-win-core-interlocked-l1-1-0.dll
0x0000018f47610000 - 0x0000018f47613000 	C:\Users\Lynneth Dela Cerna\Downloads\openjfx-23_windows-x64_bin-sdk\javafx-sdk-23\bin\api-ms-win-core-libraryloader-l1-1-0.dll
0x0000018f47620000 - 0x0000018f47623000 	C:\Users\Lynneth Dela Cerna\Downloads\openjfx-23_windows-x64_bin-sdk\javafx-sdk-23\bin\api-ms-win-core-localization-l1-2-0.dll
0x0000018f47630000 - 0x0000018f47633000 	C:\Users\Lynneth Dela Cerna\Downloads\openjfx-23_windows-x64_bin-sdk\javafx-sdk-23\bin\api-ms-win-core-memory-l1-1-0.dll
0x0000018f47640000 - 0x0000018f47643000 	C:\Users\Lynneth Dela Cerna\Downloads\openjfx-23_windows-x64_bin-sdk\javafx-sdk-23\bin\api-ms-win-core-namedpipe-l1-1-0.dll
0x0000018f47650000 - 0x0000018f47653000 	C:\Users\Lynneth Dela Cerna\Downloads\openjfx-23_windows-x64_bin-sdk\javafx-sdk-23\bin\api-ms-win-core-processenvironment-l1-1-0.dll
0x0000018f47660000 - 0x0000018f47663000 	C:\Users\Lynneth Dela Cerna\Downloads\openjfx-23_windows-x64_bin-sdk\javafx-sdk-23\bin\api-ms-win-core-processthreads-l1-1-0.dll
0x0000018f47670000 - 0x0000018f47673000 	C:\Users\Lynneth Dela Cerna\Downloads\openjfx-23_windows-x64_bin-sdk\javafx-sdk-23\bin\api-ms-win-core-processthreads-l1-1-1.dll
0x0000018f47680000 - 0x0000018f47683000 	C:\Users\Lynneth Dela Cerna\Downloads\openjfx-23_windows-x64_bin-sdk\javafx-sdk-23\bin\api-ms-win-core-profile-l1-1-0.dll
0x0000018f47690000 - 0x0000018f47693000 	C:\Users\Lynneth Dela Cerna\Downloads\openjfx-23_windows-x64_bin-sdk\javafx-sdk-23\bin\api-ms-win-core-rtlsupport-l1-1-0.dll
0x0000018f476a0000 - 0x0000018f476a3000 	C:\Users\Lynneth Dela Cerna\Downloads\openjfx-23_windows-x64_bin-sdk\javafx-sdk-23\bin\api-ms-win-core-string-l1-1-0.dll
0x0000018f476b0000 - 0x0000018f476b3000 	C:\Users\Lynneth Dela Cerna\Downloads\openjfx-23_windows-x64_bin-sdk\javafx-sdk-23\bin\api-ms-win-core-synch-l1-1-0.dll
0x0000018f476c0000 - 0x0000018f476c3000 	C:\Users\Lynneth Dela Cerna\Downloads\openjfx-23_windows-x64_bin-sdk\javafx-sdk-23\bin\api-ms-win-core-synch-l1-2-0.dll
0x0000018f476d0000 - 0x0000018f476d3000 	C:\Users\Lynneth Dela Cerna\Downloads\openjfx-23_windows-x64_bin-sdk\javafx-sdk-23\bin\api-ms-win-core-sysinfo-l1-1-0.dll
0x0000018f476e0000 - 0x0000018f476e3000 	C:\Users\Lynneth Dela Cerna\Downloads\openjfx-23_windows-x64_bin-sdk\javafx-sdk-23\bin\api-ms-win-core-timezone-l1-1-0.dll
0x0000018f476f0000 - 0x0000018f476f3000 	C:\Users\Lynneth Dela Cerna\Downloads\openjfx-23_windows-x64_bin-sdk\javafx-sdk-23\bin\api-ms-win-core-util-l1-1-0.dll
0x0000018f47700000 - 0x0000018f47703000 	C:\Users\Lynneth Dela Cerna\Downloads\openjfx-23_windows-x64_bin-sdk\javafx-sdk-23\bin\api-ms-win-crt-conio-l1-1-0.dll
0x0000018f47710000 - 0x0000018f47714000 	C:\Users\Lynneth Dela Cerna\Downloads\openjfx-23_windows-x64_bin-sdk\javafx-sdk-23\bin\api-ms-win-crt-convert-l1-1-0.dll
0x0000018f47720000 - 0x0000018f47723000 	C:\Users\Lynneth Dela Cerna\Downloads\openjfx-23_windows-x64_bin-sdk\javafx-sdk-23\bin\api-ms-win-crt-environment-l1-1-0.dll
0x0000018f47730000 - 0x0000018f47733000 	C:\Users\Lynneth Dela Cerna\Downloads\openjfx-23_windows-x64_bin-sdk\javafx-sdk-23\bin\api-ms-win-crt-filesystem-l1-1-0.dll
0x0000018f47740000 - 0x0000018f47743000 	C:\Users\Lynneth Dela Cerna\Downloads\openjfx-23_windows-x64_bin-sdk\javafx-sdk-23\bin\api-ms-win-crt-heap-l1-1-0.dll
0x0000018f47750000 - 0x0000018f47753000 	C:\Users\Lynneth Dela Cerna\Downloads\openjfx-23_windows-x64_bin-sdk\javafx-sdk-23\bin\api-ms-win-crt-locale-l1-1-0.dll
0x0000018f47760000 - 0x0000018f47765000 	C:\Users\Lynneth Dela Cerna\Downloads\openjfx-23_windows-x64_bin-sdk\javafx-sdk-23\bin\api-ms-win-crt-math-l1-1-0.dll
0x0000018f47770000 - 0x0000018f47775000 	C:\Users\Lynneth Dela Cerna\Downloads\openjfx-23_windows-x64_bin-sdk\javafx-sdk-23\bin\api-ms-win-crt-multibyte-l1-1-0.dll
0x0000018f47780000 - 0x0000018f47790000 	C:\Users\Lynneth Dela Cerna\Downloads\openjfx-23_windows-x64_bin-sdk\javafx-sdk-23\bin\api-ms-win-crt-private-l1-1-0.dll
0x0000018f47790000 - 0x0000018f47793000 	C:\Users\Lynneth Dela Cerna\Downloads\openjfx-23_windows-x64_bin-sdk\javafx-sdk-23\bin\api-ms-win-crt-process-l1-1-0.dll
0x0000018f477a0000 - 0x0000018f477a4000 	C:\Users\Lynneth Dela Cerna\Downloads\openjfx-23_windows-x64_bin-sdk\javafx-sdk-23\bin\api-ms-win-crt-runtime-l1-1-0.dll
0x0000018f477b0000 - 0x0000018f477b4000 	C:\Users\Lynneth Dela Cerna\Downloads\openjfx-23_windows-x64_bin-sdk\javafx-sdk-23\bin\api-ms-win-crt-stdio-l1-1-0.dll
0x0000018f477c0000 - 0x0000018f477c4000 	C:\Users\Lynneth Dela Cerna\Downloads\openjfx-23_windows-x64_bin-sdk\javafx-sdk-23\bin\api-ms-win-crt-string-l1-1-0.dll
0x0000018f477d0000 - 0x0000018f477d3000 	C:\Users\Lynneth Dela Cerna\Downloads\openjfx-23_windows-x64_bin-sdk\javafx-sdk-23\bin\api-ms-win-crt-time-l1-1-0.dll
0x0000018f477e0000 - 0x0000018f477e3000 	C:\Users\Lynneth Dela Cerna\Downloads\openjfx-23_windows-x64_bin-sdk\javafx-sdk-23\bin\api-ms-win-crt-utility-l1-1-0.dll
0x00007fffbd490000 - 0x00007fffbd58c000 	C:\Users\Lynneth Dela Cerna\Downloads\openjfx-23_windows-x64_bin-sdk\javafx-sdk-23\bin\ucrtbase.dll
0x00007fffcc500000 - 0x00007fffcc51b000 	C:\Users\Lynneth Dela Cerna\Downloads\openjfx-23_windows-x64_bin-sdk\javafx-sdk-23\bin\vcruntime140.dll
0x00007fffcd1a0000 - 0x00007fffcd1ac000 	C:\Users\Lynneth Dela Cerna\Downloads\openjfx-23_windows-x64_bin-sdk\javafx-sdk-23\bin\vcruntime140_1.dll
0x00007fffb1c50000 - 0x00007fffb1cde000 	C:\Users\Lynneth Dela Cerna\Downloads\openjfx-23_windows-x64_bin-sdk\javafx-sdk-23\bin\msvcp140.dll
0x00007fffcc4f0000 - 0x00007fffcc4f9000 	C:\Users\Lynneth Dela Cerna\Downloads\openjfx-23_windows-x64_bin-sdk\javafx-sdk-23\bin\msvcp140_1.dll
0x00007fffc20f0000 - 0x00007fffc2131000 	C:\Users\Lynneth Dela Cerna\Downloads\openjfx-23_windows-x64_bin-sdk\javafx-sdk-23\bin\msvcp140_2.dll
0x00007fffc4e20000 - 0x00007fffc4e50000 	C:\Users\Lynneth Dela Cerna\Downloads\openjfx-23_windows-x64_bin-sdk\javafx-sdk-23\bin\prism_d3d.dll
0x00007fff65820000 - 0x00007fff659c8000 	C:\WINDOWS\system32\d3d9.dll
0x00007fffca120000 - 0x00007fffca14b000 	C:\WINDOWS\SYSTEM32\dwmapi.dll
0x00007fffc9fb0000 - 0x00007fffc9fe7000 	C:\WINDOWS\SYSTEM32\dxcore.dll
0x00007fffc9c70000 - 0x00007fffc9d21000 	C:\WINDOWS\system32\uxtheme.dll
0x00007fffc2560000 - 0x00007fffc2610000 	C:\WINDOWS\SYSTEM32\d3d9on12.dll
0x00007fffc2530000 - 0x00007fffc2556000 	C:\WINDOWS\SYSTEM32\d3d12.dll
0x00007fffc9ff0000 - 0x00007fffca0e7000 	C:\WINDOWS\SYSTEM32\dxgi.dll
0x00007fffcd610000 - 0x00007fffcd65e000 	C:\WINDOWS\SYSTEM32\cfgmgr32.dll
0x00007fff84970000 - 0x00007fff84b72000 	C:\WINDOWS\SYSTEM32\D3D12Core.dll
0x00007fff84870000 - 0x00007fff84963000 	C:\WINDOWS\System32\DriverStore\FileRepository\iigd_dch.inf_amd64_46a183a099a0cf25\igd12umd64.dll
0x00007fff49740000 - 0x00007fff4a9c5000 	C:\WINDOWS\System32\DriverStore\FileRepository\iigd_dch.inf_amd64_46a183a099a0cf25\igd12um64xel.dll
0x00007fffce280000 - 0x00007fffce3e6000 	C:\WINDOWS\System32\CRYPT32.dll
0x00007fffb2550000 - 0x00007fffb26b2000 	C:\WINDOWS\SYSTEM32\drvstore.dll
0x00007fffc2500000 - 0x00007fffc2526000 	C:\WINDOWS\System32\DriverStore\FileRepository\iigd_dch.inf_amd64_46a183a099a0cf25\igdext64.dll
0x00007fffa0c30000 - 0x00007fffa0c79000 	C:\WINDOWS\SYSTEM32\ControlLib.dll
0x00007fffbbb40000 - 0x00007fffbbbd1000 	C:\WINDOWS\System32\DriverStore\FileRepository\iigd_dch.inf_amd64_46a183a099a0cf25\IntelControlLib.dll
0x00007fffc1cf0000 - 0x00007fffc1d39000 	C:\WINDOWS\SYSTEM32\directxdatabasehelper.dll
0x00007fffb6de0000 - 0x00007fffb721e000 	C:\WINDOWS\System32\DriverStore\FileRepository\iigd_dch.inf_amd64_46a183a099a0cf25\igdgmm64.dll
0x00007fffb28d0000 - 0x00007fffb6924000 	C:\WINDOWS\System32\DriverStore\FileRepository\iigd_dch.inf_amd64_46a183a099a0cf25\igc64.dll
0x00007fffbd270000 - 0x00007fffbd29f000 	C:\WINDOWS\SYSTEM32\D3DSCache.dll
0x00007fffcbff0000 - 0x00007fffcc018000 	C:\WINDOWS\SYSTEM32\USERENV.dll
0x00007fff84560000 - 0x00007fff8486c000 	C:\WINDOWS\System32\DriverStore\FileRepository\iigd_dch.inf_amd64_46a183a099a0cf25\igd12dxva64.dll
0x00007fffcf700000 - 0x00007fffcfb74000 	C:\WINDOWS\System32\SETUPAPI.dll
0x00007fff98850000 - 0x00007fff99a2d000 	C:\WINDOWS\System32\DriverStore\FileRepository\iigd_dch.inf_amd64_46a183a099a0cf25\igddxvacommon64.dll
0x00007fff96b20000 - 0x00007fff9884b000 	C:\WINDOWS\System32\DriverStore\FileRepository\iigd_dch.inf_amd64_46a183a099a0cf25\media_bin_64.dll
0x00007fffcc950000 - 0x00007fffcc977000 	C:\WINDOWS\System32\DriverStore\FileRepository\iigd_dch.inf_amd64_46a183a099a0cf25\igdinfo64.dll
0x00007fffbc020000 - 0x00007fffbc065000 	C:\Users\Lynneth Dela Cerna\Downloads\openjfx-23_windows-x64_bin-sdk\javafx-sdk-23\bin\glass.dll
0x00007fffce4f0000 - 0x00007fffce5ef000 	C:\WINDOWS\System32\COMDLG32.dll
0x00007fffcfbe0000 - 0x00007fffcfd40000 	C:\WINDOWS\System32\MSCTF.dll
0x00007fffce5f0000 - 0x00007fffce6a0000 	C:\WINDOWS\System32\clbcatq.dll
0x00007fffbc0c0000 - 0x00007fffbc239000 	C:\Windows\System32\Windows.UI.dll
0x00007fffbb4a0000 - 0x00007fffbb615000 	C:\Windows\System32\Windows.UI.Immersive.dll

dbghelp: loaded successfully - version: 4.0.5 - missing functions: none
symbol engine: initialized successfully - sym options: 0x614 - pdb path: .;C:\Program Files\Java\jdk-23\bin;C:\WINDOWS\SYSTEM32;C:\WINDOWS\WinSxS\amd64_microsoft.windows.common-controls_6595b64144ccf1df_6.0.22621.4391_none_2715d37f73803e96;C:\Program Files\Java\jdk-23\bin\server;C:\Users\Lynneth Dela Cerna\Downloads\openjfx-23_windows-x64_bin-sdk\javafx-sdk-23\bin;C:\WINDOWS\System32\DriverStore\FileRepository\iigd_dch.inf_amd64_46a183a099a0cf25

VM Arguments:
jvm_args: -Dfile.encoding=UTF-8 --module-path=C:\Java\javafx-sdk-23\lb --add-modules=javafx.controls,javafx.fxml --module-path=C:\Users\Lynneth Dela Cerna\Downloads\openjfx-23_windows-x64_bin-sdk\javafx-sdk-23\lib\javafx-swt.jar;C:\Users\Lynneth Dela Cerna\Downloads\openjfx-23_windows-x64_bin-sdk\javafx-sdk-23\lib\javafx.base.jar;C:\Users\Lynneth Dela Cerna\Downloads\openjfx-23_windows-x64_bin-sdk\javafx-sdk-23\lib\javafx.controls.jar;C:\Users\Lynneth Dela Cerna\Downloads\openjfx-23_windows-x64_bin-sdk\javafx-sdk-23\lib\javafx.fxml.jar;C:\Users\Lynneth Dela Cerna\Downloads\openjfx-23_windows-x64_bin-sdk\javafx-sdk-23\lib\javafx.graphics.jar;C:\Users\Lynneth Dela Cerna\Downloads\openjfx-23_windows-x64_bin-sdk\javafx-sdk-23\lib\javafx.media.jar;C:\Users\Lynneth Dela Cerna\Downloads\openjfx-23_windows-x64_bin-sdk\javafx-sdk-23\lib\javafx.swing.jar;C:\Users\Lynneth Dela Cerna\Downloads\openjfx-23_windows-x64_bin-sdk\javafx-sdk-23\lib\javafx.web.jar 
java_command: IDE.JavaFXMainClass
java_class_path (initial): C:\Users\Lynneth Dela Cerna\Downloads\openjfx-23_windows-x64_bin-sdk\javafx-sdk-23\lib\javafx-swt.jar;C:\Users\Lynneth Dela Cerna\Downloads\openjfx-23_windows-x64_bin-sdk\javafx-sdk-23\lib\javafx.base.jar;C:\Users\Lynneth Dela Cerna\Downloads\openjfx-23_windows-x64_bin-sdk\javafx-sdk-23\lib\javafx.controls.jar;C:\Users\Lynneth Dela Cerna\Downloads\openjfx-23_windows-x64_bin-sdk\javafx-sdk-23\lib\javafx.fxml.jar;C:\Users\Lynneth Dela Cerna\Downloads\openjfx-23_windows-x64_bin-sdk\javafx-sdk-23\lib\javafx.graphics.jar;C:\Users\Lynneth Dela Cerna\Downloads\openjfx-23_windows-x64_bin-sdk\javafx-sdk-23\lib\javafx.media.jar;C:\Users\Lynneth Dela Cerna\Downloads\openjfx-23_windows-x64_bin-sdk\javafx-sdk-23\lib\javafx.swing.jar;C:\Users\Lynneth Dela Cerna\Downloads\openjfx-23_windows-x64_bin-sdk\javafx-sdk-23\lib\javafx.web.jar;C:\Users\Lynneth Dela Cerna\Documents\NetBeansProjects\V-12\build\classes
Launcher Type: SUN_STANDARD

[Global flags]
     intx CICompilerCount                          = 4                                         {product} {ergonomic}
     uint ConcGCThreads                            = 3                                         {product} {ergonomic}
     uint G1ConcRefinementThreads                  = 10                                        {product} {ergonomic}
   size_t G1HeapRegionSize                         = 1048576                                   {product} {ergonomic}
   size_t InitialHeapSize                          = 130023424                                 {product} {ergonomic}
   size_t MarkStackSize                            = 4194304                                   {product} {ergonomic}
   size_t MarkStackSizeMax                         = 536870912                                 {product} {ergonomic}
   size_t MaxHeapSize                              = 2061500416                                {product} {ergonomic}
   size_t MaxNewSize                               = 1236271104                                {product} {ergonomic}
   size_t MinHeapDeltaBytes                        = 1048576                                   {product} {ergonomic}
   size_t MinHeapSize                              = 8388608                                   {product} {ergonomic}
    uintx NonNMethodCodeHeapSize                   = 5832704                                {pd product} {ergonomic}
    uintx NonProfiledCodeHeapSize                  = 122945536                              {pd product} {ergonomic}
    uintx ProfiledCodeHeapSize                     = 122880000                              {pd product} {ergonomic}
    uintx ReservedCodeCacheSize                    = 251658240                              {pd product} {ergonomic}
     bool SegmentedCodeCache                       = true                                      {product} {ergonomic}
   size_t SoftMaxHeapSize                          = 2061500416                             {manageable} {ergonomic}
     bool UseCompressedOops                        = true                           {product lp64_product} {ergonomic}
     bool UseG1GC                                  = true                                      {product} {ergonomic}
     bool UseLargePagesIndividualAllocation        = false                                  {pd product} {ergonomic}

Logging:
Log output configuration:
 #0: stdout all=warning uptime,level,tags foldmultilines=false
 #1: stderr all=off uptime,level,tags foldmultilines=false

Environment Variables:
PATH=C:\Program Files\Common Files\Oracle\Java\javapath;C:\Program Files (x86)\Common Files\Oracle\Java\java8path;C:\Program Files (x86)\Common Files\Oracle\Java\javapath;C:\Program Files\Microsoft\jdk-11.0.12.7-hotspot\bin;C:\windows\system32;C:\windows;C:\windows\System32\Wbem;C:\windows\System32\WindowsPowerShell\v1.0\;C:\windows\System32\OpenSSH\;C:\Program Files\dotnet\;\msys64\mingw64\bin;C:\msys64\mingw64;C:\WINDOWS\system32;C:\WINDOWS;C:\WINDOWS\System32\Wbem;C:\WINDOWS\System32\WindowsPowerShell\v1.0\;C:\WINDOWS\System32\OpenSSH\;C:\ProgramData\chocolatey\bin;C:\Program Files\swipl\bin;C:\Program Files\Microsoft SQL Server\150\Tools\Binn\;C:\Program Files\Microsoft SQL Server\Client SDK\ODBC\170\Tools\Binn\;C:\Program Files (x86)\Windows Kits\10\Windows Performance Toolkit\;C:\Program Files\Git\cmd;C:\Program Files\nodejs\;C:\Users\Lynneth Dela Cerna\AppData\Local\Microsoft\WindowsApps;C:\Users\Lynneth Dela Cerna\AppData\Local\Programs\Microsoft VS Code\bin;C:\Users\Lynneth Dela Cerna\.dotnet\tools;C:\ghcup\bin;C:\Users\Lynneth Dela Cerna\AppData\Local\GitHubDesktop\bin;C:\Users\Lynneth Dela Cerna\AppData\Roaming\npm
USERNAME=Lynneth Dela Cerna
OS=Windows_NT
PROCESSOR_IDENTIFIER=Intel64 Family 6 Model 154 Stepping 4, GenuineIntel
TMP=C:\Users\LYNNET~1\AppData\Local\Temp
TEMP=C:\Users\LYNNET~1\AppData\Local\Temp




Periodic native trim disabled

---------------  S Y S T E M  ---------------

OS:
 Windows 11 , 64 bit Build 22621 (10.0.22621.4391)
OS uptime: 1 days 6:43 hours
Hyper-V role detected

CPU: total 12 (initial active 12) (6 cores per cpu, 2 threads per core) family 6 model 154 stepping 4 microcode 0x42c, cx8, cmov, fxsr, ht, mmx, 3dnowpref, sse, sse2, sse3, ssse3, sse4.1, sse4.2, popcnt, lzcnt, tsc, tscinvbit, avx, avx2, aes, erms, clmul, bmi1, bmi2, adx, sha, fma, vzeroupper, clflush, clflushopt, clwb, hv, serialize, rdtscp, rdpid, fsrm, gfni, f16c, cet_ibt, cet_ss
Processor Information for processor 0
  Max Mhz: 1300, Current Mhz: 1300, Mhz Limit: 1300
Processor Information for processor 1
  Max Mhz: 1300, Current Mhz: 1300, Mhz Limit: 1300
Processor Information for processor 2
  Max Mhz: 1300, Current Mhz: 1300, Mhz Limit: 1300
Processor Information for processor 3
  Max Mhz: 1300, Current Mhz: 1300, Mhz Limit: 1300
Processor Information for processor 4
  Max Mhz: 1300, Current Mhz: 900, Mhz Limit: 897
Processor Information for processor 5
  Max Mhz: 1300, Current Mhz: 900, Mhz Limit: 897
Processor Information for processor 6
  Max Mhz: 1300, Current Mhz: 900, Mhz Limit: 897
Processor Information for processor 7
  Max Mhz: 1300, Current Mhz: 900, Mhz Limit: 897
Processor Information for processor 8
  Max Mhz: 1300, Current Mhz: 900, Mhz Limit: 897
Processor Information for processor 9
  Max Mhz: 1300, Current Mhz: 900, Mhz Limit: 897
Processor Information for processor 10
  Max Mhz: 1300, Current Mhz: 900, Mhz Limit: 897
Processor Information for processor 11
  Max Mhz: 1300, Current Mhz: 900, Mhz Limit: 897

Memory: 4k page, system-wide physical 7863M (72M free)
TotalPageFile size 32429M (AvailPageFile size 161M)
current process WorkingSet (physical memory assigned to process): 499M, peak: 499M
current process commit charge ("private bytes"): 639M, peak: 904M

vm_info: Java HotSpot(TM) 64-Bit Server VM (23+37-2369) for windows-amd64 JRE (23+37-2369), built on 2024-08-20T16:01:23Z with MS VC++ 17.6 (VS2022)

END.
