#
# There is insufficient memory for the Java Runtime Environment to continue.
# Native memory allocation (mmap) failed to map 644874240 bytes. Error detail: G1 virtual space
# Possible reasons:
#   The system is out of physical RAM or swap space
#   This process is running with CompressedOops enabled, and the Java Heap may be blocking the growth of the native heap
# Possible solutions:
#   Reduce memory load on the system
#   Increase physical memory or swap space
#   Check if swap backing store is full
#   Decrease Java heap size (-Xmx/-Xms)
#   Decrease number of Java threads
#   Decrease Java thread stack sizes (-Xss)
#   Set larger code cache with -XX:ReservedCodeCacheSize=
#   JVM is running with Unscaled Compressed Oops mode in which the Java heap is
#     placed in the first 4GB address space. The Java Heap base address is the
#     maximum limit for the native heap growth. Please use -XX:HeapBaseMinAddress
#     to set the Java Heap base and to place the Java Heap above 4GB virtual address.
# This output file may be truncated or incomplete.
#
#  Out of Memory Error (os_windows.cpp:3703), pid=14412, tid=10756
#
# JRE version: Java(TM) SE Runtime Environment (23.0+37) (build 23+37-2369)
# Java VM: Java HotSpot(TM) 64-Bit Server VM (23+37-2369, mixed mode, sharing, tiered, compressed oops, compressed class ptrs, g1 gc, windows-amd64)
# No core dump will be written. Minidumps are not enabled by default on client versions of Windows
#

---------------  S U M M A R Y ------------

Command Line: -Dfile.encoding=UTF-8 --module-path=C:\Java\javafx-sdk-23\lb --add-modules=javafx.controls,javafx.fxml --module-path=C:\Users\Lynneth Dela Cerna\Downloads\openjfx-23_windows-x64_bin-sdk\javafx-sdk-23\lib\javafx-swt.jar;C:\Users\Lynneth Dela Cerna\Downloads\openjfx-23_windows-x64_bin-sdk\javafx-sdk-23\lib\javafx.base.jar;C:\Users\Lynneth Dela Cerna\Downloads\openjfx-23_windows-x64_bin-sdk\javafx-sdk-23\lib\javafx.controls.jar;C:\Users\Lynneth Dela Cerna\Downloads\openjfx-23_windows-x64_bin-sdk\javafx-sdk-23\lib\javafx.fxml.jar;C:\Users\Lynneth Dela Cerna\Downloads\openjfx-23_windows-x64_bin-sdk\javafx-sdk-23\lib\javafx.graphics.jar;C:\Users\Lynneth Dela Cerna\Downloads\openjfx-23_windows-x64_bin-sdk\javafx-sdk-23\lib\javafx.media.jar;C:\Users\Lynneth Dela Cerna\Downloads\openjfx-23_windows-x64_bin-sdk\javafx-sdk-23\lib\javafx.swing.jar;C:\Users\Lynneth Dela Cerna\Downloads\openjfx-23_windows-x64_bin-sdk\javafx-sdk-23\lib\javafx.web.jar IDE.JavaFXMainClass

Host: 12th Gen Intel(R) Core(TM) i5-1235U, 12 cores, 7G,  Windows 11 , 64 bit Build 22621 (10.0.22621.4391)
Time: Tue Dec  3 03:54:07 2024 Malay Peninsula Standard Time elapsed time: 2.457811 seconds (0d 0h 0m 2s)

---------------  T H R E A D  ---------------

Current thread (0x0000016870904d40):  VMThread "VM Thread"          [id=10756, stack(0x0000001605000000,0x0000001605100000) (1024K)]

Stack: [0x0000001605000000,0x0000001605100000]
Native frames: (J=compiled Java code, j=interpreted, Vv=VM code, C=native code)
V  [jvm.dll+0x6e08a9]  (no source info available)
V  [jvm.dll+0x87da63]  (no source info available)
V  [jvm.dll+0x87feee]  (no source info available)
V  [jvm.dll+0x8805c3]  (no source info available)
V  [jvm.dll+0x27aee6]  (no source info available)
V  [jvm.dll+0x6dd1b5]  (no source info available)
V  [jvm.dll+0x6d103a]  (no source info available)
V  [jvm.dll+0x35b3ea]  (no source info available)
V  [jvm.dll+0x3637f6]  (no source info available)
V  [jvm.dll+0x34fd5e]  (no source info available)
V  [jvm.dll+0x34fff8]  (no source info available)
V  [jvm.dll+0x3289cc]  (no source info available)
V  [jvm.dll+0x328a5a]  (no source info available)
V  [jvm.dll+0x374c92]  (no source info available)
V  [jvm.dll+0x373392]  (no source info available)
V  [jvm.dll+0x3281a7]  (no source info available)
V  [jvm.dll+0x372e58]  (no source info available)
V  [jvm.dll+0x886500]  (no source info available)
V  [jvm.dll+0x887827]  (no source info available)
V  [jvm.dll+0x887d58]  (no source info available)
V  [jvm.dll+0x887ff3]  (no source info available)
V  [jvm.dll+0x824f1b]  (no source info available)
V  [jvm.dll+0x6df055]  (no source info available)
C  [ucrtbase.dll+0x29333]  (no source info available)
C  [KERNEL32.DLL+0x1259d]  (no source info available)
C  [ntdll.dll+0x5af38]  (no source info available)

VM_Operation (0x00000016061fc468): G1TryInitiateConcMark, mode: safepoint, requested by thread 0x0000016845ab3740


---------------  P R O C E S S  ---------------

Threads class SMR info:
_java_thread_list=0x0000016845bf34d0, length=16, elements={
0x000001685159f870, 0x000001687091c7f0, 0x000001687091d510, 0x000001687091f3e0,
0x0000016870921460, 0x000001687092aee0, 0x000001687092ba70, 0x0000016870937230,
0x0000016870959e30, 0x00000168450e3a80, 0x0000016845267150, 0x0000016845681e20,
0x0000016845a9cd50, 0x0000016845ab3740, 0x0000016845c3a810, 0x0000016845cabd60
}

Java Threads: ( => current thread )
  0x000001685159f870 JavaThread "main"                              [_thread_blocked, id=13392, stack(0x0000001604900000,0x0000001604a00000) (1024K)]
  0x000001687091c7f0 JavaThread "Reference Handler"          daemon [_thread_blocked, id=27432, stack(0x0000001605100000,0x0000001605200000) (1024K)]
  0x000001687091d510 JavaThread "Finalizer"                  daemon [_thread_blocked, id=16668, stack(0x0000001605200000,0x0000001605300000) (1024K)]
  0x000001687091f3e0 JavaThread "Signal Dispatcher"          daemon [_thread_blocked, id=28584, stack(0x0000001605300000,0x0000001605400000) (1024K)]
  0x0000016870921460 JavaThread "Attach Listener"            daemon [_thread_blocked, id=25604, stack(0x0000001605400000,0x0000001605500000) (1024K)]
  0x000001687092aee0 JavaThread "Service Thread"             daemon [_thread_blocked, id=9124, stack(0x0000001605500000,0x0000001605600000) (1024K)]
  0x000001687092ba70 JavaThread "Monitor Deflation Thread"   daemon [_thread_blocked, id=5876, stack(0x0000001605600000,0x0000001605700000) (1024K)]
  0x0000016870937230 JavaThread "C2 CompilerThread0"         daemon [_thread_blocked, id=23928, stack(0x0000001605700000,0x0000001605800000) (1024K)]
  0x0000016870959e30 JavaThread "C1 CompilerThread0"         daemon [_thread_blocked, id=19548, stack(0x0000001605800000,0x0000001605900000) (1024K)]
  0x00000168450e3a80 JavaThread "Common-Cleaner"             daemon [_thread_blocked, id=27068, stack(0x0000001605900000,0x0000001605a00000) (1024K)]
  0x0000016845267150 JavaThread "Notification Thread"        daemon [_thread_blocked, id=12596, stack(0x0000001605a00000,0x0000001605b00000) (1024K)]
  0x0000016845681e20 JavaThread "QuantumRenderer-0"          daemon [_thread_blocked, id=29120, stack(0x0000001605b00000,0x0000001605c00000) (1024K)]
  0x0000016845a9cd50 JavaThread "InvokeLaterDispatcher"      daemon [_thread_blocked, id=5968, stack(0x0000001606000000,0x0000001606100000) (1024K)]
  0x0000016845ab3740 JavaThread "JavaFX Application Thread"         [_thread_blocked, id=30392, stack(0x0000001606100000,0x0000001606200000) (1024K)]
  0x0000016845c3a810 JavaThread "JavaFX-Launcher"                   [_thread_blocked, id=27500, stack(0x0000001606400000,0x0000001606500000) (1024K)]
  0x0000016845cabd60 JavaThread "Thread-2"                   daemon [_thread_blocked, id=17152, stack(0x0000001606300000,0x0000001606400000) (1024K)]
Total: 16

Other Threads:
=>0x0000016870904d40 VMThread "VM Thread"                           [id=10756, stack(0x0000001605000000,0x0000001605100000) (1024K)]
  0x00000168708f2210 WatcherThread "VM Periodic Task Thread"        [id=7288, stack(0x0000001604f00000,0x0000001605000000) (1024K)]
  0x00000168539f6ef0 WorkerThread "GC Thread#0"                     [id=16028, stack(0x0000001604a00000,0x0000001604b00000) (1024K)]
  0x0000016845cf8110 WorkerThread "GC Thread#1"                     [id=25292, stack(0x0000001606500000,0x0000001606600000) (1024K)]
  0x0000016845d091b0 WorkerThread "GC Thread#2"                     [id=24784, stack(0x0000001606600000,0x0000001606700000) (1024K)]
  0x0000016845d09f80 WorkerThread "GC Thread#3"                     [id=24692, stack(0x0000001606700000,0x0000001606800000) (1024K)]
  0x0000016845d1a990 WorkerThread "GC Thread#4"                     [id=11108, stack(0x0000001606800000,0x0000001606900000) (1024K)]
  0x0000016845d2b590 WorkerThread "GC Thread#5"                     [id=9212, stack(0x0000001606900000,0x0000001606a00000) (1024K)]
  0x000001684e6e11c0 WorkerThread "GC Thread#6"                     [id=13428, stack(0x0000001606a00000,0x0000001606b00000) (1024K)]
  0x000001684e68cb10 WorkerThread "GC Thread#7"                     [id=1048, stack(0x0000001606b00000,0x0000001606c00000) (1024K)]
  0x000001684e740fd0 WorkerThread "GC Thread#8"                     [id=16552, stack(0x0000001606e00000,0x0000001606f00000) (1024K)]
  0x000001684e741730 WorkerThread "GC Thread#9"                     [id=12516, stack(0x0000001606f00000,0x0000001607000000) (1024K)]
  0x0000016853a0b330 ConcurrentGCThread "G1 Main Marker"            [id=4392, stack(0x0000001604b00000,0x0000001604c00000) (1024K)]
  0x0000016853a0bd50 WorkerThread "G1 Conc#0"                       [id=16636, stack(0x0000001604c00000,0x0000001604d00000) (1024K)]
  0x000001684e741380 WorkerThread "G1 Conc#1"                       [id=9744, stack(0x0000001606c00000,0x0000001606d00000) (1024K)]
  0x000001684e741ae0 WorkerThread "G1 Conc#2"                       [id=16884, stack(0x0000001606d00000,0x0000001606e00000) (1024K)]
  0x00000168707c5dd0 ConcurrentGCThread "G1 Refine#0"               [id=22184, stack(0x0000001604d00000,0x0000001604e00000) (1024K)]
  0x00000168707c6600 ConcurrentGCThread "G1 Service"                [id=16144, stack(0x0000001604e00000,0x0000001604f00000) (1024K)]
Total: 18

Threads with active compile tasks:
Total: 0

VM state: at safepoint (normal execution)

VM Mutex/Monitor currently owned by a thread:  ([mutex/lock_event])
[0x00007ffe56413910] Threads_lock - owner thread: 0x0000016870904d40
[0x00007ffe56413a10] Heap_lock - owner thread: 0x0000016845ab3740

Heap address: 0x0000000085200000, size: 1966 MB, Compressed Oops mode: 32-bit

CDS archive(s) mapped at: [0x0000016800000000-0x0000016800d70000-0x0000016800d70000), size 14090240, SharedBaseAddress: 0x0000016800000000, ArchiveRelocationMode: 1.
Compressed class space mapped at: 0x0000016801000000-0x0000016841000000, reserved size: 1073741824
Narrow klass base: 0x0000016800000000, Narrow klass shift: 0, Narrow klass range: 0x41000000

GC Precious Log:
 CardTable entry size: 512
 Card Set container configuration: InlinePtr #cards 5 size 8 Array Of Cards #cards 10 size 36 Howl #buckets 4 coarsen threshold 1843 Howl Bitmap #cards 512 size 80 coarsen threshold 460 Card regions per heap region 1 cards per card region 2048
 CPUs: 12 total, 12 available
 Memory: 7863M
 Large Page Support: Disabled
 NUMA Support: Disabled
 Compressed Oops: Enabled (32-bit)
 Heap Region Size: 1M
 Heap Min Capacity: 8M
 Heap Initial Capacity: 124M
 Heap Max Capacity: 1966M
 Pre-touch: Disabled
 Parallel Workers: 10
 Concurrent Workers: 3
 Concurrent Refinement Workers: 10
 Periodic GC: Disabled

Heap:
 garbage-first heap   total reserved 2013184K, committed 439296K, used 266680K [0x0000000085200000, 0x0000000100000000)
  region size 1024K, 1 young (1024K), 1 survivors (1024K)
 Metaspace       used 7491K, committed 7744K, reserved 1114112K
  class space    used 920K, committed 1024K, reserved 1048576K

Heap Regions: E=young(eden), S=young(survivor), O=old, HS=humongous(starts), HC=humongous(continues), CS=collection set, F=free, TAMS=top-at-mark-start, PB=parsable bottom
|   0|0x0000000085200000, 0x0000000085300000, 0x0000000085300000|100%| O|  |TAMS 0x0000000085300000| PB 0x0000000085200000| Untracked |  0
|   1|0x0000000085300000, 0x0000000085400000, 0x0000000085400000|100%|HS|  |TAMS 0x0000000085400000| PB 0x0000000085300000| Complete |  0
|   2|0x0000000085400000, 0x0000000085500000, 0x0000000085500000|100%|HC|  |TAMS 0x0000000085500000| PB 0x0000000085400000| Complete |  0
|   3|0x0000000085500000, 0x0000000085600000, 0x0000000085600000|100%|HC|  |TAMS 0x0000000085600000| PB 0x0000000085500000| Complete |  0
|   4|0x0000000085600000, 0x0000000085700000, 0x0000000085700000|100%|HC|  |TAMS 0x0000000085700000| PB 0x0000000085600000| Complete |  0
|   5|0x0000000085700000, 0x0000000085800000, 0x0000000085800000|100%|HC|  |TAMS 0x0000000085800000| PB 0x0000000085700000| Complete |  0
|   6|0x0000000085800000, 0x0000000085900000, 0x0000000085900000|100%| O|  |TAMS 0x0000000085900000| PB 0x0000000085800000| Untracked |  0
|   7|0x0000000085900000, 0x00000000859484b0, 0x0000000085a00000| 28%| O|  |TAMS 0x0000000085946470| PB 0x0000000085900000| Untracked |  0
|   8|0x0000000085a00000, 0x0000000085b00000, 0x0000000085b00000|100%|HS|  |TAMS 0x0000000085b00000| PB 0x0000000085a00000| Complete |  0
|   9|0x0000000085b00000, 0x0000000085c00000, 0x0000000085c00000|100%|HC|  |TAMS 0x0000000085c00000| PB 0x0000000085b00000| Complete |  0
|  10|0x0000000085c00000, 0x0000000085d00000, 0x0000000085d00000|100%|HC|  |TAMS 0x0000000085d00000| PB 0x0000000085c00000| Complete |  0
|  11|0x0000000085d00000, 0x0000000085e00000, 0x0000000085e00000|100%|HC|  |TAMS 0x0000000085e00000| PB 0x0000000085d00000| Complete |  0
|  12|0x0000000085e00000, 0x0000000085f00000, 0x0000000085f00000|100%|HC|  |TAMS 0x0000000085f00000| PB 0x0000000085e00000| Complete |  0
|  13|0x0000000085f00000, 0x0000000086000000, 0x0000000086000000|100%|HS|  |TAMS 0x0000000086000000| PB 0x0000000085f00000| Complete |  0
|  14|0x0000000086000000, 0x0000000086100000, 0x0000000086100000|100%|HC|  |TAMS 0x0000000086100000| PB 0x0000000086000000| Complete |  0
|  15|0x0000000086100000, 0x0000000086200000, 0x0000000086200000|100%|HC|  |TAMS 0x0000000086200000| PB 0x0000000086100000| Complete |  0
|  16|0x0000000086200000, 0x0000000086300000, 0x0000000086300000|100%|HC|  |TAMS 0x0000000086300000| PB 0x0000000086200000| Complete |  0
|  17|0x0000000086300000, 0x0000000086400000, 0x0000000086400000|100%|HC|  |TAMS 0x0000000086400000| PB 0x0000000086300000| Complete |  0
|  18|0x0000000086400000, 0x0000000086500000, 0x0000000086500000|100%|HS|  |TAMS 0x0000000086500000| PB 0x0000000086400000| Complete |  0
|  19|0x0000000086500000, 0x0000000086600000, 0x0000000086600000|100%|HC|  |TAMS 0x0000000086600000| PB 0x0000000086500000| Complete |  0
|  20|0x0000000086600000, 0x0000000086700000, 0x0000000086700000|100%|HC|  |TAMS 0x0000000086700000| PB 0x0000000086600000| Complete |  0
|  21|0x0000000086700000, 0x0000000086800000, 0x0000000086800000|100%|HC|  |TAMS 0x0000000086800000| PB 0x0000000086700000| Complete |  0
|  22|0x0000000086800000, 0x0000000086900000, 0x0000000086900000|100%|HC|  |TAMS 0x0000000086900000| PB 0x0000000086800000| Complete |  0
|  23|0x0000000086900000, 0x0000000086a00000, 0x0000000086a00000|100%|HS|  |TAMS 0x0000000086a00000| PB 0x0000000086900000| Complete |  0
|  24|0x0000000086a00000, 0x0000000086b00000, 0x0000000086b00000|100%|HC|  |TAMS 0x0000000086b00000| PB 0x0000000086a00000| Complete |  0
|  25|0x0000000086b00000, 0x0000000086c00000, 0x0000000086c00000|100%|HC|  |TAMS 0x0000000086c00000| PB 0x0000000086b00000| Complete |  0
|  26|0x0000000086c00000, 0x0000000086d00000, 0x0000000086d00000|100%|HC|  |TAMS 0x0000000086d00000| PB 0x0000000086c00000| Complete |  0
|  27|0x0000000086d00000, 0x0000000086e00000, 0x0000000086e00000|100%|HC|  |TAMS 0x0000000086e00000| PB 0x0000000086d00000| Complete |  0
|  28|0x0000000086e00000, 0x0000000086f00000, 0x0000000086f00000|100%|HS|  |TAMS 0x0000000086f00000| PB 0x0000000086e00000| Complete |  0
|  29|0x0000000086f00000, 0x0000000087000000, 0x0000000087000000|100%|HC|  |TAMS 0x0000000087000000| PB 0x0000000086f00000| Complete |  0
|  30|0x0000000087000000, 0x0000000087100000, 0x0000000087100000|100%|HC|  |TAMS 0x0000000087100000| PB 0x0000000087000000| Complete |  0
|  31|0x0000000087100000, 0x0000000087200000, 0x0000000087200000|100%|HC|  |TAMS 0x0000000087200000| PB 0x0000000087100000| Complete |  0
|  32|0x0000000087200000, 0x0000000087300000, 0x0000000087300000|100%|HC|  |TAMS 0x0000000087300000| PB 0x0000000087200000| Complete |  0
|  33|0x0000000087300000, 0x0000000087400000, 0x0000000087400000|100%|HS|  |TAMS 0x0000000087400000| PB 0x0000000087300000| Complete |  0
|  34|0x0000000087400000, 0x0000000087500000, 0x0000000087500000|100%|HC|  |TAMS 0x0000000087500000| PB 0x0000000087400000| Complete |  0
|  35|0x0000000087500000, 0x0000000087600000, 0x0000000087600000|100%|HC|  |TAMS 0x0000000087600000| PB 0x0000000087500000| Complete |  0
|  36|0x0000000087600000, 0x0000000087700000, 0x0000000087700000|100%|HC|  |TAMS 0x0000000087700000| PB 0x0000000087600000| Complete |  0
|  37|0x0000000087700000, 0x0000000087800000, 0x0000000087800000|100%|HC|  |TAMS 0x0000000087800000| PB 0x0000000087700000| Complete |  0
|  38|0x0000000087800000, 0x0000000087900000, 0x0000000087900000|100%|HS|  |TAMS 0x0000000087900000| PB 0x0000000087800000| Complete |  0
|  39|0x0000000087900000, 0x0000000087a00000, 0x0000000087a00000|100%|HC|  |TAMS 0x0000000087a00000| PB 0x0000000087900000| Complete |  0
|  40|0x0000000087a00000, 0x0000000087b00000, 0x0000000087b00000|100%|HC|  |TAMS 0x0000000087b00000| PB 0x0000000087a00000| Complete |  0
|  41|0x0000000087b00000, 0x0000000087c00000, 0x0000000087c00000|100%|HC|  |TAMS 0x0000000087c00000| PB 0x0000000087b00000| Complete |  0
|  42|0x0000000087c00000, 0x0000000087d00000, 0x0000000087d00000|100%|HC|  |TAMS 0x0000000087d00000| PB 0x0000000087c00000| Complete |  0
|  43|0x0000000087d00000, 0x0000000087e00000, 0x0000000087e00000|100%|HS|  |TAMS 0x0000000087e00000| PB 0x0000000087d00000| Complete |  0
|  44|0x0000000087e00000, 0x0000000087f00000, 0x0000000087f00000|100%|HC|  |TAMS 0x0000000087f00000| PB 0x0000000087e00000| Complete |  0
|  45|0x0000000087f00000, 0x0000000088000000, 0x0000000088000000|100%|HC|  |TAMS 0x0000000088000000| PB 0x0000000087f00000| Complete |  0
|  46|0x0000000088000000, 0x0000000088100000, 0x0000000088100000|100%|HC|  |TAMS 0x0000000088100000| PB 0x0000000088000000| Complete |  0
|  47|0x0000000088100000, 0x0000000088200000, 0x0000000088200000|100%|HC|  |TAMS 0x0000000088200000| PB 0x0000000088100000| Complete |  0
|  48|0x0000000088200000, 0x0000000088300000, 0x0000000088300000|100%|HS|  |TAMS 0x0000000088300000| PB 0x0000000088200000| Complete |  0
|  49|0x0000000088300000, 0x0000000088400000, 0x0000000088400000|100%|HC|  |TAMS 0x0000000088400000| PB 0x0000000088300000| Complete |  0
|  50|0x0000000088400000, 0x0000000088500000, 0x0000000088500000|100%|HC|  |TAMS 0x0000000088500000| PB 0x0000000088400000| Complete |  0
|  51|0x0000000088500000, 0x0000000088600000, 0x0000000088600000|100%|HC|  |TAMS 0x0000000088600000| PB 0x0000000088500000| Complete |  0
|  52|0x0000000088600000, 0x0000000088700000, 0x0000000088700000|100%|HC|  |TAMS 0x0000000088700000| PB 0x0000000088600000| Complete |  0
|  53|0x0000000088700000, 0x0000000088800000, 0x0000000088800000|100%| O|  |TAMS 0x0000000088800000| PB 0x0000000088700000| Untracked |  0
|  54|0x0000000088800000, 0x0000000088900000, 0x0000000088900000|100%| O|  |TAMS 0x0000000088900000| PB 0x0000000088800000| Untracked |  0
|  55|0x0000000088900000, 0x0000000088a00000, 0x0000000088a00000|100%| O|  |TAMS 0x0000000088a00000| PB 0x0000000088900000| Untracked |  0
|  56|0x0000000088a00000, 0x0000000088b00000, 0x0000000088b00000|100%|HS|  |TAMS 0x0000000088b00000| PB 0x0000000088a00000| Complete |  0
|  57|0x0000000088b00000, 0x0000000088c00000, 0x0000000088c00000|100%|HC|  |TAMS 0x0000000088c00000| PB 0x0000000088b00000| Complete |  0
|  58|0x0000000088c00000, 0x0000000088d00000, 0x0000000088d00000|100%|HC|  |TAMS 0x0000000088d00000| PB 0x0000000088c00000| Complete |  0
|  59|0x0000000088d00000, 0x0000000088e00000, 0x0000000088e00000|100%|HC|  |TAMS 0x0000000088e00000| PB 0x0000000088d00000| Complete |  0
|  60|0x0000000088e00000, 0x0000000088f00000, 0x0000000088f00000|100%|HC|  |TAMS 0x0000000088f00000| PB 0x0000000088e00000| Complete |  0
|  61|0x0000000088f00000, 0x0000000089000000, 0x0000000089000000|100%|HS|  |TAMS 0x0000000089000000| PB 0x0000000088f00000| Complete |  0
|  62|0x0000000089000000, 0x0000000089100000, 0x0000000089100000|100%|HC|  |TAMS 0x0000000089100000| PB 0x0000000089000000| Complete |  0
|  63|0x0000000089100000, 0x0000000089200000, 0x0000000089200000|100%|HC|  |TAMS 0x0000000089200000| PB 0x0000000089100000| Complete |  0
|  64|0x0000000089200000, 0x0000000089300000, 0x0000000089300000|100%|HC|  |TAMS 0x0000000089300000| PB 0x0000000089200000| Complete |  0
|  65|0x0000000089300000, 0x0000000089400000, 0x0000000089400000|100%|HC|  |TAMS 0x0000000089400000| PB 0x0000000089300000| Complete |  0
|  66|0x0000000089400000, 0x0000000089500000, 0x0000000089500000|100%|HS|  |TAMS 0x0000000089500000| PB 0x0000000089400000| Complete |  0
|  67|0x0000000089500000, 0x0000000089600000, 0x0000000089600000|100%|HC|  |TAMS 0x0000000089600000| PB 0x0000000089500000| Complete |  0
|  68|0x0000000089600000, 0x0000000089700000, 0x0000000089700000|100%|HC|  |TAMS 0x0000000089700000| PB 0x0000000089600000| Complete |  0
|  69|0x0000000089700000, 0x0000000089800000, 0x0000000089800000|100%|HC|  |TAMS 0x0000000089800000| PB 0x0000000089700000| Complete |  0
|  70|0x0000000089800000, 0x0000000089900000, 0x0000000089900000|100%|HC|  |TAMS 0x0000000089900000| PB 0x0000000089800000| Complete |  0
|  71|0x0000000089900000, 0x0000000089a00000, 0x0000000089a00000|100%|HS|  |TAMS 0x0000000089a00000| PB 0x0000000089900000| Complete |  0
|  72|0x0000000089a00000, 0x0000000089b00000, 0x0000000089b00000|100%|HC|  |TAMS 0x0000000089b00000| PB 0x0000000089a00000| Complete |  0
|  73|0x0000000089b00000, 0x0000000089c00000, 0x0000000089c00000|100%|HC|  |TAMS 0x0000000089c00000| PB 0x0000000089b00000| Complete |  0
|  74|0x0000000089c00000, 0x0000000089d00000, 0x0000000089d00000|100%|HC|  |TAMS 0x0000000089d00000| PB 0x0000000089c00000| Complete |  0
|  75|0x0000000089d00000, 0x0000000089e00000, 0x0000000089e00000|100%|HC|  |TAMS 0x0000000089e00000| PB 0x0000000089d00000| Complete |  0
|  76|0x0000000089e00000, 0x0000000089f00000, 0x0000000089f00000|100%|HS|  |TAMS 0x0000000089f00000| PB 0x0000000089e00000| Complete |  0
|  77|0x0000000089f00000, 0x000000008a000000, 0x000000008a000000|100%|HC|  |TAMS 0x000000008a000000| PB 0x0000000089f00000| Complete |  0
|  78|0x000000008a000000, 0x000000008a100000, 0x000000008a100000|100%|HC|  |TAMS 0x000000008a100000| PB 0x000000008a000000| Complete |  0
|  79|0x000000008a100000, 0x000000008a200000, 0x000000008a200000|100%|HC|  |TAMS 0x000000008a200000| PB 0x000000008a100000| Complete |  0
|  80|0x000000008a200000, 0x000000008a300000, 0x000000008a300000|100%|HC|  |TAMS 0x000000008a300000| PB 0x000000008a200000| Complete |  0
|  81|0x000000008a300000, 0x000000008a400000, 0x000000008a400000|100%|HS|  |TAMS 0x000000008a400000| PB 0x000000008a300000| Complete |  0
|  82|0x000000008a400000, 0x000000008a500000, 0x000000008a500000|100%|HC|  |TAMS 0x000000008a500000| PB 0x000000008a400000| Complete |  0
|  83|0x000000008a500000, 0x000000008a600000, 0x000000008a600000|100%|HC|  |TAMS 0x000000008a600000| PB 0x000000008a500000| Complete |  0
|  84|0x000000008a600000, 0x000000008a700000, 0x000000008a700000|100%|HC|  |TAMS 0x000000008a700000| PB 0x000000008a600000| Complete |  0
|  85|0x000000008a700000, 0x000000008a800000, 0x000000008a800000|100%|HC|  |TAMS 0x000000008a800000| PB 0x000000008a700000| Complete |  0
|  86|0x000000008a800000, 0x000000008a900000, 0x000000008a900000|100%|HS|  |TAMS 0x000000008a900000| PB 0x000000008a800000| Complete |  0
|  87|0x000000008a900000, 0x000000008aa00000, 0x000000008aa00000|100%|HC|  |TAMS 0x000000008aa00000| PB 0x000000008a900000| Complete |  0
|  88|0x000000008aa00000, 0x000000008ab00000, 0x000000008ab00000|100%|HC|  |TAMS 0x000000008ab00000| PB 0x000000008aa00000| Complete |  0
|  89|0x000000008ab00000, 0x000000008ac00000, 0x000000008ac00000|100%|HC|  |TAMS 0x000000008ac00000| PB 0x000000008ab00000| Complete |  0
|  90|0x000000008ac00000, 0x000000008ad00000, 0x000000008ad00000|100%|HC|  |TAMS 0x000000008ad00000| PB 0x000000008ac00000| Complete |  0
|  91|0x000000008ad00000, 0x000000008ae00000, 0x000000008ae00000|100%|HS|  |TAMS 0x000000008ae00000| PB 0x000000008ad00000| Complete |  0
|  92|0x000000008ae00000, 0x000000008af00000, 0x000000008af00000|100%|HC|  |TAMS 0x000000008af00000| PB 0x000000008ae00000| Complete |  0
|  93|0x000000008af00000, 0x000000008b000000, 0x000000008b000000|100%|HC|  |TAMS 0x000000008b000000| PB 0x000000008af00000| Complete |  0
|  94|0x000000008b000000, 0x000000008b100000, 0x000000008b100000|100%|HC|  |TAMS 0x000000008b100000| PB 0x000000008b000000| Complete |  0
|  95|0x000000008b100000, 0x000000008b200000, 0x000000008b200000|100%|HC|  |TAMS 0x000000008b200000| PB 0x000000008b100000| Complete |  0
|  96|0x000000008b200000, 0x000000008b300000, 0x000000008b300000|100%|HS|  |TAMS 0x000000008b300000| PB 0x000000008b200000| Complete |  0
|  97|0x000000008b300000, 0x000000008b400000, 0x000000008b400000|100%|HC|  |TAMS 0x000000008b400000| PB 0x000000008b300000| Complete |  0
|  98|0x000000008b400000, 0x000000008b500000, 0x000000008b500000|100%|HC|  |TAMS 0x000000008b500000| PB 0x000000008b400000| Complete |  0
|  99|0x000000008b500000, 0x000000008b600000, 0x000000008b600000|100%|HC|  |TAMS 0x000000008b600000| PB 0x000000008b500000| Complete |  0
| 100|0x000000008b600000, 0x000000008b700000, 0x000000008b700000|100%|HC|  |TAMS 0x000000008b700000| PB 0x000000008b600000| Complete |  0
| 101|0x000000008b700000, 0x000000008b800000, 0x000000008b800000|100%|HS|  |TAMS 0x000000008b800000| PB 0x000000008b700000| Complete |  0
| 102|0x000000008b800000, 0x000000008b900000, 0x000000008b900000|100%|HC|  |TAMS 0x000000008b900000| PB 0x000000008b800000| Complete |  0
| 103|0x000000008b900000, 0x000000008ba00000, 0x000000008ba00000|100%|HC|  |TAMS 0x000000008ba00000| PB 0x000000008b900000| Complete |  0
| 104|0x000000008ba00000, 0x000000008bb00000, 0x000000008bb00000|100%|HC|  |TAMS 0x000000008bb00000| PB 0x000000008ba00000| Complete |  0
| 105|0x000000008bb00000, 0x000000008bc00000, 0x000000008bc00000|100%|HC|  |TAMS 0x000000008bc00000| PB 0x000000008bb00000| Complete |  0
| 106|0x000000008bc00000, 0x000000008bd00000, 0x000000008bd00000|100%|HS|  |TAMS 0x000000008bd00000| PB 0x000000008bc00000| Complete |  0
| 107|0x000000008bd00000, 0x000000008be00000, 0x000000008be00000|100%|HC|  |TAMS 0x000000008be00000| PB 0x000000008bd00000| Complete |  0
| 108|0x000000008be00000, 0x000000008bf00000, 0x000000008bf00000|100%|HC|  |TAMS 0x000000008bf00000| PB 0x000000008be00000| Complete |  0
| 109|0x000000008bf00000, 0x000000008c000000, 0x000000008c000000|100%|HC|  |TAMS 0x000000008c000000| PB 0x000000008bf00000| Complete |  0
| 110|0x000000008c000000, 0x000000008c100000, 0x000000008c100000|100%|HC|  |TAMS 0x000000008c100000| PB 0x000000008c000000| Complete |  0
| 111|0x000000008c100000, 0x000000008c200000, 0x000000008c200000|100%|HS|  |TAMS 0x000000008c200000| PB 0x000000008c100000| Complete |  0
| 112|0x000000008c200000, 0x000000008c300000, 0x000000008c300000|100%|HC|  |TAMS 0x000000008c300000| PB 0x000000008c200000| Complete |  0
| 113|0x000000008c300000, 0x000000008c400000, 0x000000008c400000|100%|HC|  |TAMS 0x000000008c400000| PB 0x000000008c300000| Complete |  0
| 114|0x000000008c400000, 0x000000008c500000, 0x000000008c500000|100%|HC|  |TAMS 0x000000008c500000| PB 0x000000008c400000| Complete |  0
| 115|0x000000008c500000, 0x000000008c600000, 0x000000008c600000|100%|HC|  |TAMS 0x000000008c600000| PB 0x000000008c500000| Complete |  0
| 116|0x000000008c600000, 0x000000008c700000, 0x000000008c700000|100%|HS|  |TAMS 0x000000008c700000| PB 0x000000008c600000| Complete |  0
| 117|0x000000008c700000, 0x000000008c800000, 0x000000008c800000|100%|HC|  |TAMS 0x000000008c800000| PB 0x000000008c700000| Complete |  0
| 118|0x000000008c800000, 0x000000008c900000, 0x000000008c900000|100%|HC|  |TAMS 0x000000008c900000| PB 0x000000008c800000| Complete |  0
| 119|0x000000008c900000, 0x000000008ca00000, 0x000000008ca00000|100%|HC|  |TAMS 0x000000008ca00000| PB 0x000000008c900000| Complete |  0
| 120|0x000000008ca00000, 0x000000008cb00000, 0x000000008cb00000|100%|HC|  |TAMS 0x000000008cb00000| PB 0x000000008ca00000| Complete |  0
| 121|0x000000008cb00000, 0x000000008cc00000, 0x000000008cc00000|100%|HS|  |TAMS 0x000000008cc00000| PB 0x000000008cb00000| Complete |  0
| 122|0x000000008cc00000, 0x000000008cd00000, 0x000000008cd00000|100%|HC|  |TAMS 0x000000008cd00000| PB 0x000000008cc00000| Complete |  0
| 123|0x000000008cd00000, 0x000000008ce00000, 0x000000008ce00000|100%|HC|  |TAMS 0x000000008ce00000| PB 0x000000008cd00000| Complete |  0
| 124|0x000000008ce00000, 0x000000008cf00000, 0x000000008cf00000|100%|HC|  |TAMS 0x000000008cf00000| PB 0x000000008ce00000| Complete |  0
| 125|0x000000008cf00000, 0x000000008d000000, 0x000000008d000000|100%|HC|  |TAMS 0x000000008d000000| PB 0x000000008cf00000| Complete |  0
| 126|0x000000008d000000, 0x000000008d100000, 0x000000008d100000|100%|HS|  |TAMS 0x000000008d100000| PB 0x000000008d000000| Complete |  0
| 127|0x000000008d100000, 0x000000008d200000, 0x000000008d200000|100%|HC|  |TAMS 0x000000008d200000| PB 0x000000008d100000| Complete |  0
| 128|0x000000008d200000, 0x000000008d300000, 0x000000008d300000|100%|HC|  |TAMS 0x000000008d300000| PB 0x000000008d200000| Complete |  0
| 129|0x000000008d300000, 0x000000008d400000, 0x000000008d400000|100%|HC|  |TAMS 0x000000008d400000| PB 0x000000008d300000| Complete |  0
| 130|0x000000008d400000, 0x000000008d500000, 0x000000008d500000|100%|HC|  |TAMS 0x000000008d500000| PB 0x000000008d400000| Complete |  0
| 131|0x000000008d500000, 0x000000008d600000, 0x000000008d600000|100%|HS|  |TAMS 0x000000008d600000| PB 0x000000008d500000| Complete |  0
| 132|0x000000008d600000, 0x000000008d700000, 0x000000008d700000|100%|HC|  |TAMS 0x000000008d700000| PB 0x000000008d600000| Complete |  0
| 133|0x000000008d700000, 0x000000008d800000, 0x000000008d800000|100%|HC|  |TAMS 0x000000008d800000| PB 0x000000008d700000| Complete |  0
| 134|0x000000008d800000, 0x000000008d900000, 0x000000008d900000|100%|HC|  |TAMS 0x000000008d900000| PB 0x000000008d800000| Complete |  0
| 135|0x000000008d900000, 0x000000008da00000, 0x000000008da00000|100%|HC|  |TAMS 0x000000008da00000| PB 0x000000008d900000| Complete |  0
| 136|0x000000008da00000, 0x000000008db00000, 0x000000008db00000|100%|HS|  |TAMS 0x000000008db00000| PB 0x000000008da00000| Complete |  0
| 137|0x000000008db00000, 0x000000008dc00000, 0x000000008dc00000|100%|HC|  |TAMS 0x000000008dc00000| PB 0x000000008db00000| Complete |  0
| 138|0x000000008dc00000, 0x000000008dd00000, 0x000000008dd00000|100%|HC|  |TAMS 0x000000008dd00000| PB 0x000000008dc00000| Complete |  0
| 139|0x000000008dd00000, 0x000000008de00000, 0x000000008de00000|100%|HC|  |TAMS 0x000000008de00000| PB 0x000000008dd00000| Complete |  0
| 140|0x000000008de00000, 0x000000008df00000, 0x000000008df00000|100%|HC|  |TAMS 0x000000008df00000| PB 0x000000008de00000| Complete |  0
| 141|0x000000008df00000, 0x000000008e000000, 0x000000008e000000|100%|HS|  |TAMS 0x000000008e000000| PB 0x000000008df00000| Complete |  0
| 142|0x000000008e000000, 0x000000008e100000, 0x000000008e100000|100%|HC|  |TAMS 0x000000008e100000| PB 0x000000008e000000| Complete |  0
| 143|0x000000008e100000, 0x000000008e200000, 0x000000008e200000|100%|HC|  |TAMS 0x000000008e200000| PB 0x000000008e100000| Complete |  0
| 144|0x000000008e200000, 0x000000008e300000, 0x000000008e300000|100%|HC|  |TAMS 0x000000008e300000| PB 0x000000008e200000| Complete |  0
| 145|0x000000008e300000, 0x000000008e400000, 0x000000008e400000|100%|HC|  |TAMS 0x000000008e400000| PB 0x000000008e300000| Complete |  0
| 146|0x000000008e400000, 0x000000008e500000, 0x000000008e500000|100%|HS|  |TAMS 0x000000008e500000| PB 0x000000008e400000| Complete |  0
| 147|0x000000008e500000, 0x000000008e600000, 0x000000008e600000|100%|HC|  |TAMS 0x000000008e600000| PB 0x000000008e500000| Complete |  0
| 148|0x000000008e600000, 0x000000008e700000, 0x000000008e700000|100%|HC|  |TAMS 0x000000008e700000| PB 0x000000008e600000| Complete |  0
| 149|0x000000008e700000, 0x000000008e800000, 0x000000008e800000|100%|HC|  |TAMS 0x000000008e800000| PB 0x000000008e700000| Complete |  0
| 150|0x000000008e800000, 0x000000008e900000, 0x000000008e900000|100%|HC|  |TAMS 0x000000008e900000| PB 0x000000008e800000| Complete |  0
| 151|0x000000008e900000, 0x000000008ea00000, 0x000000008ea00000|100%|HS|  |TAMS 0x000000008ea00000| PB 0x000000008e900000| Complete |  0
| 152|0x000000008ea00000, 0x000000008eb00000, 0x000000008eb00000|100%|HC|  |TAMS 0x000000008eb00000| PB 0x000000008ea00000| Complete |  0
| 153|0x000000008eb00000, 0x000000008ec00000, 0x000000008ec00000|100%|HC|  |TAMS 0x000000008ec00000| PB 0x000000008eb00000| Complete |  0
| 154|0x000000008ec00000, 0x000000008ed00000, 0x000000008ed00000|100%|HC|  |TAMS 0x000000008ed00000| PB 0x000000008ec00000| Complete |  0
| 155|0x000000008ed00000, 0x000000008ee00000, 0x000000008ee00000|100%|HC|  |TAMS 0x000000008ee00000| PB 0x000000008ed00000| Complete |  0
| 156|0x000000008ee00000, 0x000000008ef00000, 0x000000008ef00000|100%|HS|  |TAMS 0x000000008ef00000| PB 0x000000008ee00000| Complete |  0
| 157|0x000000008ef00000, 0x000000008f000000, 0x000000008f000000|100%|HC|  |TAMS 0x000000008f000000| PB 0x000000008ef00000| Complete |  0
| 158|0x000000008f000000, 0x000000008f100000, 0x000000008f100000|100%|HC|  |TAMS 0x000000008f100000| PB 0x000000008f000000| Complete |  0
| 159|0x000000008f100000, 0x000000008f200000, 0x000000008f200000|100%|HC|  |TAMS 0x000000008f200000| PB 0x000000008f100000| Complete |  0
| 160|0x000000008f200000, 0x000000008f300000, 0x000000008f300000|100%|HC|  |TAMS 0x000000008f300000| PB 0x000000008f200000| Complete |  0
| 161|0x000000008f300000, 0x000000008f400000, 0x000000008f400000|100%|HS|  |TAMS 0x000000008f400000| PB 0x000000008f300000| Complete |  0
| 162|0x000000008f400000, 0x000000008f500000, 0x000000008f500000|100%|HC|  |TAMS 0x000000008f500000| PB 0x000000008f400000| Complete |  0
| 163|0x000000008f500000, 0x000000008f600000, 0x000000008f600000|100%|HC|  |TAMS 0x000000008f600000| PB 0x000000008f500000| Complete |  0
| 164|0x000000008f600000, 0x000000008f700000, 0x000000008f700000|100%|HC|  |TAMS 0x000000008f700000| PB 0x000000008f600000| Complete |  0
| 165|0x000000008f700000, 0x000000008f800000, 0x000000008f800000|100%|HC|  |TAMS 0x000000008f800000| PB 0x000000008f700000| Complete |  0
| 166|0x000000008f800000, 0x000000008f900000, 0x000000008f900000|100%|HS|  |TAMS 0x000000008f900000| PB 0x000000008f800000| Complete |  0
| 167|0x000000008f900000, 0x000000008fa00000, 0x000000008fa00000|100%|HC|  |TAMS 0x000000008fa00000| PB 0x000000008f900000| Complete |  0
| 168|0x000000008fa00000, 0x000000008fb00000, 0x000000008fb00000|100%|HC|  |TAMS 0x000000008fb00000| PB 0x000000008fa00000| Complete |  0
| 169|0x000000008fb00000, 0x000000008fc00000, 0x000000008fc00000|100%|HC|  |TAMS 0x000000008fc00000| PB 0x000000008fb00000| Complete |  0
| 170|0x000000008fc00000, 0x000000008fd00000, 0x000000008fd00000|100%|HC|  |TAMS 0x000000008fd00000| PB 0x000000008fc00000| Complete |  0
| 171|0x000000008fd00000, 0x000000008fe00000, 0x000000008fe00000|100%|HS|  |TAMS 0x000000008fe00000| PB 0x000000008fd00000| Complete |  0
| 172|0x000000008fe00000, 0x000000008ff00000, 0x000000008ff00000|100%|HC|  |TAMS 0x000000008ff00000| PB 0x000000008fe00000| Complete |  0
| 173|0x000000008ff00000, 0x0000000090000000, 0x0000000090000000|100%|HC|  |TAMS 0x0000000090000000| PB 0x000000008ff00000| Complete |  0
| 174|0x0000000090000000, 0x0000000090100000, 0x0000000090100000|100%|HC|  |TAMS 0x0000000090100000| PB 0x0000000090000000| Complete |  0
| 175|0x0000000090100000, 0x0000000090200000, 0x0000000090200000|100%|HC|  |TAMS 0x0000000090200000| PB 0x0000000090100000| Complete |  0
| 176|0x0000000090200000, 0x0000000090300000, 0x0000000090300000|100%|HS|  |TAMS 0x0000000090300000| PB 0x0000000090200000| Complete |  0
| 177|0x0000000090300000, 0x0000000090400000, 0x0000000090400000|100%|HC|  |TAMS 0x0000000090400000| PB 0x0000000090300000| Complete |  0
| 178|0x0000000090400000, 0x0000000090500000, 0x0000000090500000|100%|HC|  |TAMS 0x0000000090500000| PB 0x0000000090400000| Complete |  0
| 179|0x0000000090500000, 0x0000000090600000, 0x0000000090600000|100%|HC|  |TAMS 0x0000000090600000| PB 0x0000000090500000| Complete |  0
| 180|0x0000000090600000, 0x0000000090700000, 0x0000000090700000|100%|HC|  |TAMS 0x0000000090700000| PB 0x0000000090600000| Complete |  0
| 181|0x0000000090700000, 0x0000000090800000, 0x0000000090800000|100%|HS|  |TAMS 0x0000000090800000| PB 0x0000000090700000| Complete |  0
| 182|0x0000000090800000, 0x0000000090900000, 0x0000000090900000|100%|HC|  |TAMS 0x0000000090900000| PB 0x0000000090800000| Complete |  0
| 183|0x0000000090900000, 0x0000000090a00000, 0x0000000090a00000|100%|HC|  |TAMS 0x0000000090a00000| PB 0x0000000090900000| Complete |  0
| 184|0x0000000090a00000, 0x0000000090b00000, 0x0000000090b00000|100%|HC|  |TAMS 0x0000000090b00000| PB 0x0000000090a00000| Complete |  0
| 185|0x0000000090b00000, 0x0000000090c00000, 0x0000000090c00000|100%|HC|  |TAMS 0x0000000090c00000| PB 0x0000000090b00000| Complete |  0
| 186|0x0000000090c00000, 0x0000000090d00000, 0x0000000090d00000|100%|HS|  |TAMS 0x0000000090d00000| PB 0x0000000090c00000| Complete |  0
| 187|0x0000000090d00000, 0x0000000090e00000, 0x0000000090e00000|100%|HC|  |TAMS 0x0000000090e00000| PB 0x0000000090d00000| Complete |  0
| 188|0x0000000090e00000, 0x0000000090f00000, 0x0000000090f00000|100%|HC|  |TAMS 0x0000000090f00000| PB 0x0000000090e00000| Complete |  0
| 189|0x0000000090f00000, 0x0000000091000000, 0x0000000091000000|100%|HC|  |TAMS 0x0000000091000000| PB 0x0000000090f00000| Complete |  0
| 190|0x0000000091000000, 0x0000000091100000, 0x0000000091100000|100%|HC|  |TAMS 0x0000000091100000| PB 0x0000000091000000| Complete |  0
| 191|0x0000000091100000, 0x0000000091200000, 0x0000000091200000|100%|HS|  |TAMS 0x0000000091200000| PB 0x0000000091100000| Complete |  0
| 192|0x0000000091200000, 0x0000000091300000, 0x0000000091300000|100%|HC|  |TAMS 0x0000000091300000| PB 0x0000000091200000| Complete |  0
| 193|0x0000000091300000, 0x0000000091400000, 0x0000000091400000|100%|HC|  |TAMS 0x0000000091400000| PB 0x0000000091300000| Complete |  0
| 194|0x0000000091400000, 0x0000000091500000, 0x0000000091500000|100%|HC|  |TAMS 0x0000000091500000| PB 0x0000000091400000| Complete |  0
| 195|0x0000000091500000, 0x0000000091600000, 0x0000000091600000|100%|HC|  |TAMS 0x0000000091600000| PB 0x0000000091500000| Complete |  0
| 196|0x0000000091600000, 0x0000000091700000, 0x0000000091700000|100%|HS|  |TAMS 0x0000000091700000| PB 0x0000000091600000| Complete |  0
| 197|0x0000000091700000, 0x0000000091800000, 0x0000000091800000|100%|HC|  |TAMS 0x0000000091800000| PB 0x0000000091700000| Complete |  0
| 198|0x0000000091800000, 0x0000000091900000, 0x0000000091900000|100%|HC|  |TAMS 0x0000000091900000| PB 0x0000000091800000| Complete |  0
| 199|0x0000000091900000, 0x0000000091a00000, 0x0000000091a00000|100%|HC|  |TAMS 0x0000000091a00000| PB 0x0000000091900000| Complete |  0
| 200|0x0000000091a00000, 0x0000000091b00000, 0x0000000091b00000|100%|HC|  |TAMS 0x0000000091b00000| PB 0x0000000091a00000| Complete |  0
| 201|0x0000000091b00000, 0x0000000091c00000, 0x0000000091c00000|100%|HS|  |TAMS 0x0000000091c00000| PB 0x0000000091b00000| Complete |  0
| 202|0x0000000091c00000, 0x0000000091d00000, 0x0000000091d00000|100%|HC|  |TAMS 0x0000000091d00000| PB 0x0000000091c00000| Complete |  0
| 203|0x0000000091d00000, 0x0000000091e00000, 0x0000000091e00000|100%|HC|  |TAMS 0x0000000091e00000| PB 0x0000000091d00000| Complete |  0
| 204|0x0000000091e00000, 0x0000000091f00000, 0x0000000091f00000|100%|HC|  |TAMS 0x0000000091f00000| PB 0x0000000091e00000| Complete |  0
| 205|0x0000000091f00000, 0x0000000092000000, 0x0000000092000000|100%|HC|  |TAMS 0x0000000092000000| PB 0x0000000091f00000| Complete |  0
| 206|0x0000000092000000, 0x0000000092100000, 0x0000000092100000|100%|HS|  |TAMS 0x0000000092100000| PB 0x0000000092000000| Complete |  0
| 207|0x0000000092100000, 0x0000000092200000, 0x0000000092200000|100%|HC|  |TAMS 0x0000000092200000| PB 0x0000000092100000| Complete |  0
| 208|0x0000000092200000, 0x0000000092300000, 0x0000000092300000|100%|HC|  |TAMS 0x0000000092300000| PB 0x0000000092200000| Complete |  0
| 209|0x0000000092300000, 0x0000000092400000, 0x0000000092400000|100%|HC|  |TAMS 0x0000000092400000| PB 0x0000000092300000| Complete |  0
| 210|0x0000000092400000, 0x0000000092500000, 0x0000000092500000|100%|HC|  |TAMS 0x0000000092500000| PB 0x0000000092400000| Complete |  0
| 211|0x0000000092500000, 0x0000000092600000, 0x0000000092600000|100%|HS|  |TAMS 0x0000000092600000| PB 0x0000000092500000| Complete |  0
| 212|0x0000000092600000, 0x0000000092700000, 0x0000000092700000|100%|HC|  |TAMS 0x0000000092700000| PB 0x0000000092600000| Complete |  0
| 213|0x0000000092700000, 0x0000000092800000, 0x0000000092800000|100%|HC|  |TAMS 0x0000000092800000| PB 0x0000000092700000| Complete |  0
| 214|0x0000000092800000, 0x0000000092900000, 0x0000000092900000|100%|HC|  |TAMS 0x0000000092900000| PB 0x0000000092800000| Complete |  0
| 215|0x0000000092900000, 0x0000000092a00000, 0x0000000092a00000|100%|HC|  |TAMS 0x0000000092a00000| PB 0x0000000092900000| Complete |  0
| 216|0x0000000092a00000, 0x0000000092b00000, 0x0000000092b00000|100%|HS|  |TAMS 0x0000000092b00000| PB 0x0000000092a00000| Complete |  0
| 217|0x0000000092b00000, 0x0000000092c00000, 0x0000000092c00000|100%|HC|  |TAMS 0x0000000092c00000| PB 0x0000000092b00000| Complete |  0
| 218|0x0000000092c00000, 0x0000000092d00000, 0x0000000092d00000|100%|HC|  |TAMS 0x0000000092d00000| PB 0x0000000092c00000| Complete |  0
| 219|0x0000000092d00000, 0x0000000092e00000, 0x0000000092e00000|100%|HC|  |TAMS 0x0000000092e00000| PB 0x0000000092d00000| Complete |  0
| 220|0x0000000092e00000, 0x0000000092f00000, 0x0000000092f00000|100%|HC|  |TAMS 0x0000000092f00000| PB 0x0000000092e00000| Complete |  0
| 221|0x0000000092f00000, 0x0000000093000000, 0x0000000093000000|100%|HS|  |TAMS 0x0000000093000000| PB 0x0000000092f00000| Complete |  0
| 222|0x0000000093000000, 0x0000000093100000, 0x0000000093100000|100%|HC|  |TAMS 0x0000000093100000| PB 0x0000000093000000| Complete |  0
| 223|0x0000000093100000, 0x0000000093200000, 0x0000000093200000|100%|HC|  |TAMS 0x0000000093200000| PB 0x0000000093100000| Complete |  0
| 224|0x0000000093200000, 0x0000000093300000, 0x0000000093300000|100%|HC|  |TAMS 0x0000000093300000| PB 0x0000000093200000| Complete |  0
| 225|0x0000000093300000, 0x0000000093400000, 0x0000000093400000|100%|HC|  |TAMS 0x0000000093400000| PB 0x0000000093300000| Complete |  0
| 226|0x0000000093400000, 0x0000000093500000, 0x0000000093500000|100%|HS|  |TAMS 0x0000000093500000| PB 0x0000000093400000| Complete |  0
| 227|0x0000000093500000, 0x0000000093600000, 0x0000000093600000|100%|HC|  |TAMS 0x0000000093600000| PB 0x0000000093500000| Complete |  0
| 228|0x0000000093600000, 0x0000000093700000, 0x0000000093700000|100%|HC|  |TAMS 0x0000000093700000| PB 0x0000000093600000| Complete |  0
| 229|0x0000000093700000, 0x0000000093800000, 0x0000000093800000|100%|HC|  |TAMS 0x0000000093800000| PB 0x0000000093700000| Complete |  0
| 230|0x0000000093800000, 0x0000000093900000, 0x0000000093900000|100%|HC|  |TAMS 0x0000000093900000| PB 0x0000000093800000| Complete |  0
| 231|0x0000000093900000, 0x0000000093a00000, 0x0000000093a00000|100%|HS|  |TAMS 0x0000000093a00000| PB 0x0000000093900000| Complete |  0
| 232|0x0000000093a00000, 0x0000000093b00000, 0x0000000093b00000|100%|HC|  |TAMS 0x0000000093b00000| PB 0x0000000093a00000| Complete |  0
| 233|0x0000000093b00000, 0x0000000093c00000, 0x0000000093c00000|100%|HC|  |TAMS 0x0000000093c00000| PB 0x0000000093b00000| Complete |  0
| 234|0x0000000093c00000, 0x0000000093d00000, 0x0000000093d00000|100%|HC|  |TAMS 0x0000000093d00000| PB 0x0000000093c00000| Complete |  0
| 235|0x0000000093d00000, 0x0000000093e00000, 0x0000000093e00000|100%|HC|  |TAMS 0x0000000093e00000| PB 0x0000000093d00000| Complete |  0
| 236|0x0000000093e00000, 0x0000000093f00000, 0x0000000093f00000|100%|HS|  |TAMS 0x0000000093f00000| PB 0x0000000093e00000| Complete |  0
| 237|0x0000000093f00000, 0x0000000094000000, 0x0000000094000000|100%|HC|  |TAMS 0x0000000094000000| PB 0x0000000093f00000| Complete |  0
| 238|0x0000000094000000, 0x0000000094100000, 0x0000000094100000|100%|HC|  |TAMS 0x0000000094100000| PB 0x0000000094000000| Complete |  0
| 239|0x0000000094100000, 0x0000000094200000, 0x0000000094200000|100%|HC|  |TAMS 0x0000000094200000| PB 0x0000000094100000| Complete |  0
| 240|0x0000000094200000, 0x0000000094300000, 0x0000000094300000|100%|HC|  |TAMS 0x0000000094300000| PB 0x0000000094200000| Complete |  0
| 241|0x0000000094300000, 0x0000000094400000, 0x0000000094400000|100%|HS|  |TAMS 0x0000000094400000| PB 0x0000000094300000| Complete |  0
| 242|0x0000000094400000, 0x0000000094500000, 0x0000000094500000|100%|HC|  |TAMS 0x0000000094500000| PB 0x0000000094400000| Complete |  0
| 243|0x0000000094500000, 0x0000000094600000, 0x0000000094600000|100%|HC|  |TAMS 0x0000000094600000| PB 0x0000000094500000| Complete |  0
| 244|0x0000000094600000, 0x0000000094700000, 0x0000000094700000|100%|HC|  |TAMS 0x0000000094700000| PB 0x0000000094600000| Complete |  0
| 245|0x0000000094700000, 0x0000000094800000, 0x0000000094800000|100%|HC|  |TAMS 0x0000000094800000| PB 0x0000000094700000| Complete |  0
| 246|0x0000000094800000, 0x0000000094900000, 0x0000000094900000|100%|HS|  |TAMS 0x0000000094900000| PB 0x0000000094800000| Complete |  0
| 247|0x0000000094900000, 0x0000000094a00000, 0x0000000094a00000|100%|HC|  |TAMS 0x0000000094a00000| PB 0x0000000094900000| Complete |  0
| 248|0x0000000094a00000, 0x0000000094b00000, 0x0000000094b00000|100%|HC|  |TAMS 0x0000000094b00000| PB 0x0000000094a00000| Complete |  0
| 249|0x0000000094b00000, 0x0000000094c00000, 0x0000000094c00000|100%|HC|  |TAMS 0x0000000094c00000| PB 0x0000000094b00000| Complete |  0
| 250|0x0000000094c00000, 0x0000000094d00000, 0x0000000094d00000|100%|HC|  |TAMS 0x0000000094d00000| PB 0x0000000094c00000| Complete |  0
| 251|0x0000000094d00000, 0x0000000094e00000, 0x0000000094e00000|100%|HS|  |TAMS 0x0000000094e00000| PB 0x0000000094d00000| Complete |  0
| 252|0x0000000094e00000, 0x0000000094f00000, 0x0000000094f00000|100%|HC|  |TAMS 0x0000000094f00000| PB 0x0000000094e00000| Complete |  0
| 253|0x0000000094f00000, 0x0000000095000000, 0x0000000095000000|100%|HC|  |TAMS 0x0000000095000000| PB 0x0000000094f00000| Complete |  0
| 254|0x0000000095000000, 0x0000000095100000, 0x0000000095100000|100%|HC|  |TAMS 0x0000000095100000| PB 0x0000000095000000| Complete |  0
| 255|0x0000000095100000, 0x0000000095200000, 0x0000000095200000|100%|HC|  |TAMS 0x0000000095200000| PB 0x0000000095100000| Complete |  0
| 256|0x0000000095200000, 0x0000000095300000, 0x0000000095300000|100%|HS|  |TAMS 0x0000000095300000| PB 0x0000000095200000| Complete |  0
| 257|0x0000000095300000, 0x0000000095400000, 0x0000000095400000|100%|HC|  |TAMS 0x0000000095400000| PB 0x0000000095300000| Complete |  0
| 258|0x0000000095400000, 0x0000000095500000, 0x0000000095500000|100%|HC|  |TAMS 0x0000000095500000| PB 0x0000000095400000| Complete |  0
| 259|0x0000000095500000, 0x0000000095600000, 0x0000000095600000|100%|HC|  |TAMS 0x0000000095600000| PB 0x0000000095500000| Complete |  0
| 260|0x0000000095600000, 0x0000000095700000, 0x0000000095700000|100%|HC|  |TAMS 0x0000000095700000| PB 0x0000000095600000| Complete |  0
| 261|0x0000000095700000, 0x0000000095700000, 0x0000000095800000|  0%| F|  |TAMS 0x0000000095700000| PB 0x0000000095700000| Untracked |  0
| 262|0x0000000095800000, 0x0000000095800000, 0x0000000095900000|  0%| F|  |TAMS 0x0000000095800000| PB 0x0000000095800000| Untracked |  0
| 263|0x0000000095900000, 0x0000000095900000, 0x0000000095a00000|  0%| F|  |TAMS 0x0000000095900000| PB 0x0000000095900000| Untracked |  0
| 264|0x0000000095a00000, 0x0000000095a00000, 0x0000000095b00000|  0%| F|  |TAMS 0x0000000095a00000| PB 0x0000000095a00000| Untracked |  0
| 265|0x0000000095b00000, 0x0000000095b00000, 0x0000000095c00000|  0%| F|  |TAMS 0x0000000095b00000| PB 0x0000000095b00000| Untracked |  0
| 266|0x0000000095c00000, 0x0000000095c00000, 0x0000000095d00000|  0%| F|  |TAMS 0x0000000095c00000| PB 0x0000000095c00000| Untracked |  0
| 267|0x0000000095d00000, 0x0000000095d00000, 0x0000000095e00000|  0%| F|  |TAMS 0x0000000095d00000| PB 0x0000000095d00000| Untracked |  0
| 268|0x0000000095e00000, 0x0000000095e00000, 0x0000000095f00000|  0%| F|  |TAMS 0x0000000095e00000| PB 0x0000000095e00000| Untracked |  0
| 269|0x0000000095f00000, 0x0000000095f00000, 0x0000000096000000|  0%| F|  |TAMS 0x0000000095f00000| PB 0x0000000095f00000| Untracked |  0
| 270|0x0000000096000000, 0x0000000096000000, 0x0000000096100000|  0%| F|  |TAMS 0x0000000096000000| PB 0x0000000096000000| Untracked |  0
| 271|0x0000000096100000, 0x0000000096100000, 0x0000000096200000|  0%| F|  |TAMS 0x0000000096100000| PB 0x0000000096100000| Untracked |  0
| 272|0x0000000096200000, 0x0000000096200000, 0x0000000096300000|  0%| F|  |TAMS 0x0000000096200000| PB 0x0000000096200000| Untracked |  0
| 273|0x0000000096300000, 0x0000000096300000, 0x0000000096400000|  0%| F|  |TAMS 0x0000000096300000| PB 0x0000000096300000| Untracked |  0
| 274|0x0000000096400000, 0x0000000096400000, 0x0000000096500000|  0%| F|  |TAMS 0x0000000096400000| PB 0x0000000096400000| Untracked |  0
| 275|0x0000000096500000, 0x0000000096500000, 0x0000000096600000|  0%| F|  |TAMS 0x0000000096500000| PB 0x0000000096500000| Untracked |  0
| 276|0x0000000096600000, 0x0000000096600000, 0x0000000096700000|  0%| F|  |TAMS 0x0000000096600000| PB 0x0000000096600000| Untracked |  0
| 277|0x0000000096700000, 0x0000000096700000, 0x0000000096800000|  0%| F|  |TAMS 0x0000000096700000| PB 0x0000000096700000| Untracked |  0
| 278|0x0000000096800000, 0x0000000096800000, 0x0000000096900000|  0%| F|  |TAMS 0x0000000096800000| PB 0x0000000096800000| Untracked |  0
| 279|0x0000000096900000, 0x0000000096900000, 0x0000000096a00000|  0%| F|  |TAMS 0x0000000096900000| PB 0x0000000096900000| Untracked |  0
| 280|0x0000000096a00000, 0x0000000096a00000, 0x0000000096b00000|  0%| F|  |TAMS 0x0000000096a00000| PB 0x0000000096a00000| Untracked |  0
| 281|0x0000000096b00000, 0x0000000096b00000, 0x0000000096c00000|  0%| F|  |TAMS 0x0000000096b00000| PB 0x0000000096b00000| Untracked |  0
| 282|0x0000000096c00000, 0x0000000096c00000, 0x0000000096d00000|  0%| F|  |TAMS 0x0000000096c00000| PB 0x0000000096c00000| Untracked |  0
| 283|0x0000000096d00000, 0x0000000096d00000, 0x0000000096e00000|  0%| F|  |TAMS 0x0000000096d00000| PB 0x0000000096d00000| Untracked |  0
| 284|0x0000000096e00000, 0x0000000096e00000, 0x0000000096f00000|  0%| F|  |TAMS 0x0000000096e00000| PB 0x0000000096e00000| Untracked |  0
| 285|0x0000000096f00000, 0x0000000096f00000, 0x0000000097000000|  0%| F|  |TAMS 0x0000000096f00000| PB 0x0000000096f00000| Untracked |  0
| 286|0x0000000097000000, 0x0000000097000000, 0x0000000097100000|  0%| F|  |TAMS 0x0000000097000000| PB 0x0000000097000000| Untracked |  0
| 287|0x0000000097100000, 0x0000000097100000, 0x0000000097200000|  0%| F|  |TAMS 0x0000000097100000| PB 0x0000000097100000| Untracked |  0
| 288|0x0000000097200000, 0x0000000097200000, 0x0000000097300000|  0%| F|  |TAMS 0x0000000097200000| PB 0x0000000097200000| Untracked |  0
| 289|0x0000000097300000, 0x0000000097300000, 0x0000000097400000|  0%| F|  |TAMS 0x0000000097300000| PB 0x0000000097300000| Untracked |  0
| 290|0x0000000097400000, 0x0000000097400000, 0x0000000097500000|  0%| F|  |TAMS 0x0000000097400000| PB 0x0000000097400000| Untracked |  0
| 291|0x0000000097500000, 0x0000000097500000, 0x0000000097600000|  0%| F|  |TAMS 0x0000000097500000| PB 0x0000000097500000| Untracked |  0
| 292|0x0000000097600000, 0x0000000097600000, 0x0000000097700000|  0%| F|  |TAMS 0x0000000097600000| PB 0x0000000097600000| Untracked |  0
| 293|0x0000000097700000, 0x0000000097700000, 0x0000000097800000|  0%| F|  |TAMS 0x0000000097700000| PB 0x0000000097700000| Untracked |  0
| 294|0x0000000097800000, 0x0000000097800000, 0x0000000097900000|  0%| F|  |TAMS 0x0000000097800000| PB 0x0000000097800000| Untracked |  0
| 295|0x0000000097900000, 0x0000000097900000, 0x0000000097a00000|  0%| F|  |TAMS 0x0000000097900000| PB 0x0000000097900000| Untracked |  0
| 296|0x0000000097a00000, 0x0000000097a00000, 0x0000000097b00000|  0%| F|  |TAMS 0x0000000097a00000| PB 0x0000000097a00000| Untracked |  0
| 297|0x0000000097b00000, 0x0000000097b00000, 0x0000000097c00000|  0%| F|  |TAMS 0x0000000097b00000| PB 0x0000000097b00000| Untracked |  0
| 298|0x0000000097c00000, 0x0000000097c00000, 0x0000000097d00000|  0%| F|  |TAMS 0x0000000097c00000| PB 0x0000000097c00000| Untracked |  0
| 299|0x0000000097d00000, 0x0000000097d00000, 0x0000000097e00000|  0%| F|  |TAMS 0x0000000097d00000| PB 0x0000000097d00000| Untracked |  0
| 300|0x0000000097e00000, 0x0000000097e00000, 0x0000000097f00000|  0%| F|  |TAMS 0x0000000097e00000| PB 0x0000000097e00000| Untracked |  0
| 301|0x0000000097f00000, 0x0000000097f00000, 0x0000000098000000|  0%| F|  |TAMS 0x0000000097f00000| PB 0x0000000097f00000| Untracked |  0
| 302|0x0000000098000000, 0x0000000098000000, 0x0000000098100000|  0%| F|  |TAMS 0x0000000098000000| PB 0x0000000098000000| Untracked |  0
| 303|0x0000000098100000, 0x0000000098100000, 0x0000000098200000|  0%| F|  |TAMS 0x0000000098100000| PB 0x0000000098100000| Untracked |  0
| 304|0x0000000098200000, 0x0000000098200000, 0x0000000098300000|  0%| F|  |TAMS 0x0000000098200000| PB 0x0000000098200000| Untracked |  0
| 305|0x0000000098300000, 0x0000000098300000, 0x0000000098400000|  0%| F|  |TAMS 0x0000000098300000| PB 0x0000000098300000| Untracked |  0
| 306|0x0000000098400000, 0x0000000098400000, 0x0000000098500000|  0%| F|  |TAMS 0x0000000098400000| PB 0x0000000098400000| Untracked |  0
| 307|0x0000000098500000, 0x0000000098500000, 0x0000000098600000|  0%| F|  |TAMS 0x0000000098500000| PB 0x0000000098500000| Untracked |  0
| 308|0x0000000098600000, 0x0000000098600000, 0x0000000098700000|  0%| F|  |TAMS 0x0000000098600000| PB 0x0000000098600000| Untracked |  0
| 309|0x0000000098700000, 0x0000000098700000, 0x0000000098800000|  0%| F|  |TAMS 0x0000000098700000| PB 0x0000000098700000| Untracked |  0
| 310|0x0000000098800000, 0x0000000098800000, 0x0000000098900000|  0%| F|  |TAMS 0x0000000098800000| PB 0x0000000098800000| Untracked |  0
| 311|0x0000000098900000, 0x0000000098900000, 0x0000000098a00000|  0%| F|  |TAMS 0x0000000098900000| PB 0x0000000098900000| Untracked |  0
| 312|0x0000000098a00000, 0x0000000098a00000, 0x0000000098b00000|  0%| F|  |TAMS 0x0000000098a00000| PB 0x0000000098a00000| Untracked |  0
| 313|0x0000000098b00000, 0x0000000098b00000, 0x0000000098c00000|  0%| F|  |TAMS 0x0000000098b00000| PB 0x0000000098b00000| Untracked |  0
| 314|0x0000000098c00000, 0x0000000098c00000, 0x0000000098d00000|  0%| F|  |TAMS 0x0000000098c00000| PB 0x0000000098c00000| Untracked |  0
| 315|0x0000000098d00000, 0x0000000098d00000, 0x0000000098e00000|  0%| F|  |TAMS 0x0000000098d00000| PB 0x0000000098d00000| Untracked |  0
| 316|0x0000000098e00000, 0x0000000098e00000, 0x0000000098f00000|  0%| F|  |TAMS 0x0000000098e00000| PB 0x0000000098e00000| Untracked |  0
| 317|0x0000000098f00000, 0x0000000098f00000, 0x0000000099000000|  0%| F|  |TAMS 0x0000000098f00000| PB 0x0000000098f00000| Untracked |  0
| 318|0x0000000099000000, 0x0000000099000000, 0x0000000099100000|  0%| F|  |TAMS 0x0000000099000000| PB 0x0000000099000000| Untracked |  0
| 319|0x0000000099100000, 0x0000000099100000, 0x0000000099200000|  0%| F|  |TAMS 0x0000000099100000| PB 0x0000000099100000| Untracked |  0
| 320|0x0000000099200000, 0x0000000099200000, 0x0000000099300000|  0%| F|  |TAMS 0x0000000099200000| PB 0x0000000099200000| Untracked |  0
| 321|0x0000000099300000, 0x0000000099300000, 0x0000000099400000|  0%| F|  |TAMS 0x0000000099300000| PB 0x0000000099300000| Untracked |  0
| 322|0x0000000099400000, 0x0000000099400000, 0x0000000099500000|  0%| F|  |TAMS 0x0000000099400000| PB 0x0000000099400000| Untracked |  0
| 323|0x0000000099500000, 0x0000000099500000, 0x0000000099600000|  0%| F|  |TAMS 0x0000000099500000| PB 0x0000000099500000| Untracked |  0
| 324|0x0000000099600000, 0x0000000099600000, 0x0000000099700000|  0%| F|  |TAMS 0x0000000099600000| PB 0x0000000099600000| Untracked |  0
| 325|0x0000000099700000, 0x0000000099700000, 0x0000000099800000|  0%| F|  |TAMS 0x0000000099700000| PB 0x0000000099700000| Untracked |  0
| 326|0x0000000099800000, 0x0000000099800000, 0x0000000099900000|  0%| F|  |TAMS 0x0000000099800000| PB 0x0000000099800000| Untracked |  0
| 327|0x0000000099900000, 0x0000000099900000, 0x0000000099a00000|  0%| F|  |TAMS 0x0000000099900000| PB 0x0000000099900000| Untracked |  0
| 328|0x0000000099a00000, 0x0000000099a00000, 0x0000000099b00000|  0%| F|  |TAMS 0x0000000099a00000| PB 0x0000000099a00000| Untracked |  0
| 329|0x0000000099b00000, 0x0000000099b00000, 0x0000000099c00000|  0%| F|  |TAMS 0x0000000099b00000| PB 0x0000000099b00000| Untracked |  0
| 330|0x0000000099c00000, 0x0000000099c00000, 0x0000000099d00000|  0%| F|  |TAMS 0x0000000099c00000| PB 0x0000000099c00000| Untracked |  0
| 331|0x0000000099d00000, 0x0000000099d00000, 0x0000000099e00000|  0%| F|  |TAMS 0x0000000099d00000| PB 0x0000000099d00000| Untracked |  0
| 332|0x0000000099e00000, 0x0000000099e00000, 0x0000000099f00000|  0%| F|  |TAMS 0x0000000099e00000| PB 0x0000000099e00000| Untracked |  0
| 333|0x0000000099f00000, 0x0000000099f00000, 0x000000009a000000|  0%| F|  |TAMS 0x0000000099f00000| PB 0x0000000099f00000| Untracked |  0
| 334|0x000000009a000000, 0x000000009a000000, 0x000000009a100000|  0%| F|  |TAMS 0x000000009a000000| PB 0x000000009a000000| Untracked |  0
| 335|0x000000009a100000, 0x000000009a100000, 0x000000009a200000|  0%| F|  |TAMS 0x000000009a100000| PB 0x000000009a100000| Untracked |  0
| 336|0x000000009a200000, 0x000000009a200000, 0x000000009a300000|  0%| F|  |TAMS 0x000000009a200000| PB 0x000000009a200000| Untracked |  0
| 337|0x000000009a300000, 0x000000009a300000, 0x000000009a400000|  0%| F|  |TAMS 0x000000009a300000| PB 0x000000009a300000| Untracked |  0
| 338|0x000000009a400000, 0x000000009a400000, 0x000000009a500000|  0%| F|  |TAMS 0x000000009a400000| PB 0x000000009a400000| Untracked |  0
| 339|0x000000009a500000, 0x000000009a500000, 0x000000009a600000|  0%| F|  |TAMS 0x000000009a500000| PB 0x000000009a500000| Untracked |  0
| 340|0x000000009a600000, 0x000000009a600000, 0x000000009a700000|  0%| F|  |TAMS 0x000000009a600000| PB 0x000000009a600000| Untracked |  0
| 341|0x000000009a700000, 0x000000009a700000, 0x000000009a800000|  0%| F|  |TAMS 0x000000009a700000| PB 0x000000009a700000| Untracked |  0
| 342|0x000000009a800000, 0x000000009a800000, 0x000000009a900000|  0%| F|  |TAMS 0x000000009a800000| PB 0x000000009a800000| Untracked |  0
| 343|0x000000009a900000, 0x000000009a900000, 0x000000009aa00000|  0%| F|  |TAMS 0x000000009a900000| PB 0x000000009a900000| Untracked |  0
| 344|0x000000009aa00000, 0x000000009aa00000, 0x000000009ab00000|  0%| F|  |TAMS 0x000000009aa00000| PB 0x000000009aa00000| Untracked |  0
| 345|0x000000009ab00000, 0x000000009ab00000, 0x000000009ac00000|  0%| F|  |TAMS 0x000000009ab00000| PB 0x000000009ab00000| Untracked |  0
| 346|0x000000009ac00000, 0x000000009ac00000, 0x000000009ad00000|  0%| F|  |TAMS 0x000000009ac00000| PB 0x000000009ac00000| Untracked |  0
| 347|0x000000009ad00000, 0x000000009ad00000, 0x000000009ae00000|  0%| F|  |TAMS 0x000000009ad00000| PB 0x000000009ad00000| Untracked |  0
| 348|0x000000009ae00000, 0x000000009ae00000, 0x000000009af00000|  0%| F|  |TAMS 0x000000009ae00000| PB 0x000000009ae00000| Untracked |  0
| 349|0x000000009af00000, 0x000000009af00000, 0x000000009b000000|  0%| F|  |TAMS 0x000000009af00000| PB 0x000000009af00000| Untracked |  0
| 350|0x000000009b000000, 0x000000009b000000, 0x000000009b100000|  0%| F|  |TAMS 0x000000009b000000| PB 0x000000009b000000| Untracked |  0
| 351|0x000000009b100000, 0x000000009b100000, 0x000000009b200000|  0%| F|  |TAMS 0x000000009b100000| PB 0x000000009b100000| Untracked |  0
| 352|0x000000009b200000, 0x000000009b200000, 0x000000009b300000|  0%| F|  |TAMS 0x000000009b200000| PB 0x000000009b200000| Untracked |  0
| 353|0x000000009b300000, 0x000000009b300000, 0x000000009b400000|  0%| F|  |TAMS 0x000000009b300000| PB 0x000000009b300000| Untracked |  0
| 354|0x000000009b400000, 0x000000009b400000, 0x000000009b500000|  0%| F|  |TAMS 0x000000009b400000| PB 0x000000009b400000| Untracked |  0
| 355|0x000000009b500000, 0x000000009b500000, 0x000000009b600000|  0%| F|  |TAMS 0x000000009b500000| PB 0x000000009b500000| Untracked |  0
| 356|0x000000009b600000, 0x000000009b600000, 0x000000009b700000|  0%| F|  |TAMS 0x000000009b600000| PB 0x000000009b600000| Untracked |  0
| 357|0x000000009b700000, 0x000000009b700000, 0x000000009b800000|  0%| F|  |TAMS 0x000000009b700000| PB 0x000000009b700000| Untracked |  0
| 358|0x000000009b800000, 0x000000009b800000, 0x000000009b900000|  0%| F|  |TAMS 0x000000009b800000| PB 0x000000009b800000| Untracked |  0
| 359|0x000000009b900000, 0x000000009b900000, 0x000000009ba00000|  0%| F|  |TAMS 0x000000009b900000| PB 0x000000009b900000| Untracked |  0
| 360|0x000000009ba00000, 0x000000009ba00000, 0x000000009bb00000|  0%| F|  |TAMS 0x000000009ba00000| PB 0x000000009ba00000| Untracked |  0
| 361|0x000000009bb00000, 0x000000009bb00000, 0x000000009bc00000|  0%| F|  |TAMS 0x000000009bb00000| PB 0x000000009bb00000| Untracked |  0
| 362|0x000000009bc00000, 0x000000009bc00000, 0x000000009bd00000|  0%| F|  |TAMS 0x000000009bc00000| PB 0x000000009bc00000| Untracked |  0
| 363|0x000000009bd00000, 0x000000009bd00000, 0x000000009be00000|  0%| F|  |TAMS 0x000000009bd00000| PB 0x000000009bd00000| Untracked |  0
| 364|0x000000009be00000, 0x000000009be00000, 0x000000009bf00000|  0%| F|  |TAMS 0x000000009be00000| PB 0x000000009be00000| Untracked |  0
| 365|0x000000009bf00000, 0x000000009bf00000, 0x000000009c000000|  0%| F|  |TAMS 0x000000009bf00000| PB 0x000000009bf00000| Untracked |  0
| 366|0x000000009c000000, 0x000000009c000000, 0x000000009c100000|  0%| F|  |TAMS 0x000000009c000000| PB 0x000000009c000000| Untracked |  0
| 367|0x000000009c100000, 0x000000009c100000, 0x000000009c200000|  0%| F|  |TAMS 0x000000009c100000| PB 0x000000009c100000| Untracked |  0
| 368|0x000000009c200000, 0x000000009c200000, 0x000000009c300000|  0%| F|  |TAMS 0x000000009c200000| PB 0x000000009c200000| Untracked |  0
| 369|0x000000009c300000, 0x000000009c300000, 0x000000009c400000|  0%| F|  |TAMS 0x000000009c300000| PB 0x000000009c300000| Untracked |  0
| 370|0x000000009c400000, 0x000000009c400000, 0x000000009c500000|  0%| F|  |TAMS 0x000000009c400000| PB 0x000000009c400000| Untracked |  0
| 371|0x000000009c500000, 0x000000009c500000, 0x000000009c600000|  0%| F|  |TAMS 0x000000009c500000| PB 0x000000009c500000| Untracked |  0
| 372|0x000000009c600000, 0x000000009c600000, 0x000000009c700000|  0%| F|  |TAMS 0x000000009c600000| PB 0x000000009c600000| Untracked |  0
| 373|0x000000009c700000, 0x000000009c700000, 0x000000009c800000|  0%| F|  |TAMS 0x000000009c700000| PB 0x000000009c700000| Untracked |  0
| 374|0x000000009c800000, 0x000000009c800000, 0x000000009c900000|  0%| F|  |TAMS 0x000000009c800000| PB 0x000000009c800000| Untracked |  0
| 375|0x000000009c900000, 0x000000009c900000, 0x000000009ca00000|  0%| F|  |TAMS 0x000000009c900000| PB 0x000000009c900000| Untracked |  0
| 376|0x000000009ca00000, 0x000000009ca00000, 0x000000009cb00000|  0%| F|  |TAMS 0x000000009ca00000| PB 0x000000009ca00000| Untracked |  0
| 377|0x000000009cb00000, 0x000000009cb00000, 0x000000009cc00000|  0%| F|  |TAMS 0x000000009cb00000| PB 0x000000009cb00000| Untracked |  0
| 378|0x000000009cc00000, 0x000000009cc00000, 0x000000009cd00000|  0%| F|  |TAMS 0x000000009cc00000| PB 0x000000009cc00000| Untracked |  0
| 379|0x000000009cd00000, 0x000000009cd00000, 0x000000009ce00000|  0%| F|  |TAMS 0x000000009cd00000| PB 0x000000009cd00000| Untracked |  0
| 380|0x000000009ce00000, 0x000000009ce00000, 0x000000009cf00000|  0%| F|  |TAMS 0x000000009ce00000| PB 0x000000009ce00000| Untracked |  0
| 381|0x000000009cf00000, 0x000000009cf00000, 0x000000009d000000|  0%| F|  |TAMS 0x000000009cf00000| PB 0x000000009cf00000| Untracked |  0
| 382|0x000000009d000000, 0x000000009d000000, 0x000000009d100000|  0%| F|  |TAMS 0x000000009d000000| PB 0x000000009d000000| Untracked |  0
| 383|0x000000009d100000, 0x000000009d100000, 0x000000009d200000|  0%| F|  |TAMS 0x000000009d100000| PB 0x000000009d100000| Untracked |  0
| 384|0x000000009d200000, 0x000000009d200000, 0x000000009d300000|  0%| F|  |TAMS 0x000000009d200000| PB 0x000000009d200000| Untracked |  0
| 385|0x000000009d300000, 0x000000009d300000, 0x000000009d400000|  0%| F|  |TAMS 0x000000009d300000| PB 0x000000009d300000| Untracked |  0
| 386|0x000000009d400000, 0x000000009d400000, 0x000000009d500000|  0%| F|  |TAMS 0x000000009d400000| PB 0x000000009d400000| Untracked |  0
| 387|0x000000009d500000, 0x000000009d500000, 0x000000009d600000|  0%| F|  |TAMS 0x000000009d500000| PB 0x000000009d500000| Untracked |  0
| 388|0x000000009d600000, 0x000000009d600000, 0x000000009d700000|  0%| F|  |TAMS 0x000000009d600000| PB 0x000000009d600000| Untracked |  0
| 389|0x000000009d700000, 0x000000009d700000, 0x000000009d800000|  0%| F|  |TAMS 0x000000009d700000| PB 0x000000009d700000| Untracked |  0
| 390|0x000000009d800000, 0x000000009d800000, 0x000000009d900000|  0%| F|  |TAMS 0x000000009d800000| PB 0x000000009d800000| Untracked |  0
| 391|0x000000009d900000, 0x000000009d900000, 0x000000009da00000|  0%| F|  |TAMS 0x000000009d900000| PB 0x000000009d900000| Untracked |  0
| 392|0x000000009da00000, 0x000000009da00000, 0x000000009db00000|  0%| F|  |TAMS 0x000000009da00000| PB 0x000000009da00000| Untracked |  0
| 393|0x000000009db00000, 0x000000009db00000, 0x000000009dc00000|  0%| F|  |TAMS 0x000000009db00000| PB 0x000000009db00000| Untracked |  0
| 394|0x000000009dc00000, 0x000000009dc00000, 0x000000009dd00000|  0%| F|  |TAMS 0x000000009dc00000| PB 0x000000009dc00000| Untracked |  0
| 395|0x000000009dd00000, 0x000000009dd00000, 0x000000009de00000|  0%| F|  |TAMS 0x000000009dd00000| PB 0x000000009dd00000| Untracked |  0
| 396|0x000000009de00000, 0x000000009de00000, 0x000000009df00000|  0%| F|  |TAMS 0x000000009de00000| PB 0x000000009de00000| Untracked |  0
| 397|0x000000009df00000, 0x000000009df00000, 0x000000009e000000|  0%| F|  |TAMS 0x000000009df00000| PB 0x000000009df00000| Untracked |  0
| 398|0x000000009e000000, 0x000000009e000000, 0x000000009e100000|  0%| F|  |TAMS 0x000000009e000000| PB 0x000000009e000000| Untracked |  0
| 399|0x000000009e100000, 0x000000009e100000, 0x000000009e200000|  0%| F|  |TAMS 0x000000009e100000| PB 0x000000009e100000| Untracked |  0
| 400|0x000000009e200000, 0x000000009e200000, 0x000000009e300000|  0%| F|  |TAMS 0x000000009e200000| PB 0x000000009e200000| Untracked |  0
| 401|0x000000009e300000, 0x000000009e300000, 0x000000009e400000|  0%| F|  |TAMS 0x000000009e300000| PB 0x000000009e300000| Untracked |  0
| 402|0x000000009e400000, 0x000000009e400000, 0x000000009e500000|  0%| F|  |TAMS 0x000000009e400000| PB 0x000000009e400000| Untracked |  0
| 403|0x000000009e500000, 0x000000009e500000, 0x000000009e600000|  0%| F|  |TAMS 0x000000009e500000| PB 0x000000009e500000| Untracked |  0
| 404|0x000000009e600000, 0x000000009e600000, 0x000000009e700000|  0%| F|  |TAMS 0x000000009e600000| PB 0x000000009e600000| Untracked |  0
| 405|0x000000009e700000, 0x000000009e700000, 0x000000009e800000|  0%| F|  |TAMS 0x000000009e700000| PB 0x000000009e700000| Untracked |  0
| 406|0x000000009e800000, 0x000000009e800000, 0x000000009e900000|  0%| F|  |TAMS 0x000000009e800000| PB 0x000000009e800000| Untracked |  0
| 407|0x000000009e900000, 0x000000009e900000, 0x000000009ea00000|  0%| F|  |TAMS 0x000000009e900000| PB 0x000000009e900000| Untracked |  0
| 408|0x000000009ea00000, 0x000000009ea00000, 0x000000009eb00000|  0%| F|  |TAMS 0x000000009ea00000| PB 0x000000009ea00000| Untracked |  0
| 409|0x000000009eb00000, 0x000000009eb00000, 0x000000009ec00000|  0%| F|  |TAMS 0x000000009eb00000| PB 0x000000009eb00000| Untracked |  0
| 410|0x000000009ec00000, 0x000000009ec00000, 0x000000009ed00000|  0%| F|  |TAMS 0x000000009ec00000| PB 0x000000009ec00000| Untracked |  0
| 411|0x000000009ed00000, 0x000000009ed00000, 0x000000009ee00000|  0%| F|  |TAMS 0x000000009ed00000| PB 0x000000009ed00000| Untracked |  0
| 412|0x000000009ee00000, 0x000000009ee00000, 0x000000009ef00000|  0%| F|  |TAMS 0x000000009ee00000| PB 0x000000009ee00000| Untracked |  0
| 413|0x000000009ef00000, 0x000000009ef00000, 0x000000009f000000|  0%| F|  |TAMS 0x000000009ef00000| PB 0x000000009ef00000| Untracked |  0
| 414|0x000000009f000000, 0x000000009f000000, 0x000000009f100000|  0%| F|  |TAMS 0x000000009f000000| PB 0x000000009f000000| Untracked |  0
| 415|0x000000009f100000, 0x000000009f100000, 0x000000009f200000|  0%| F|  |TAMS 0x000000009f100000| PB 0x000000009f100000| Untracked |  0
| 416|0x000000009f200000, 0x000000009f200000, 0x000000009f300000|  0%| F|  |TAMS 0x000000009f200000| PB 0x000000009f200000| Untracked |  0
| 417|0x000000009f300000, 0x000000009f300000, 0x000000009f400000|  0%| F|  |TAMS 0x000000009f300000| PB 0x000000009f300000| Untracked |  0
| 418|0x000000009f400000, 0x000000009f400000, 0x000000009f500000|  0%| F|  |TAMS 0x000000009f400000| PB 0x000000009f400000| Untracked |  0
| 419|0x000000009f500000, 0x000000009f500000, 0x000000009f600000|  0%| F|  |TAMS 0x000000009f500000| PB 0x000000009f500000| Untracked |  0
| 420|0x000000009f600000, 0x000000009f600000, 0x000000009f700000|  0%| F|  |TAMS 0x000000009f600000| PB 0x000000009f600000| Untracked |  0
| 421|0x000000009f700000, 0x000000009f700000, 0x000000009f800000|  0%| F|  |TAMS 0x000000009f700000| PB 0x000000009f700000| Untracked |  0
| 422|0x000000009f800000, 0x000000009f800000, 0x000000009f900000|  0%| F|  |TAMS 0x000000009f800000| PB 0x000000009f800000| Untracked |  0
| 423|0x000000009f900000, 0x000000009f900000, 0x000000009fa00000|  0%| F|  |TAMS 0x000000009f900000| PB 0x000000009f900000| Untracked |  0
| 424|0x000000009fa00000, 0x000000009fa00000, 0x000000009fb00000|  0%| F|  |TAMS 0x000000009fa00000| PB 0x000000009fa00000| Untracked |  0
| 425|0x000000009fb00000, 0x000000009fb00000, 0x000000009fc00000|  0%| F|  |TAMS 0x000000009fb00000| PB 0x000000009fb00000| Untracked |  0
| 426|0x000000009fc00000, 0x000000009fc00000, 0x000000009fd00000|  0%| F|  |TAMS 0x000000009fc00000| PB 0x000000009fc00000| Untracked |  0
| 427|0x000000009fd00000, 0x000000009fd00000, 0x000000009fe00000|  0%| F|  |TAMS 0x000000009fd00000| PB 0x000000009fd00000| Untracked |  0
| 428|0x000000009fe00000, 0x000000009fe25ec8, 0x000000009ff00000| 14%| S|CS|TAMS 0x000000009fe00000| PB 0x000000009fe00000| Complete |  0

Card table byte_map: [0x000001686ba00000,0x000001686bde0000] _byte_map_base: 0x000001686b5d7000

Marking Bits: (CMBitMap*) 0x00000168539f7510
 Bits: [0x000001686bde0000, 0x000001686dc98000)

Polling page: 0x0000016851990000

Metaspace:

Usage:
  Non-class:      6.42 MB used.
      Class:    920.41 KB used.
       Both:      7.32 MB used.

Virtual space:
  Non-class space:       64.00 MB reserved,       6.56 MB ( 10%) committed,  1 nodes.
      Class space:        1.00 GB reserved,       1.00 MB ( <1%) committed,  1 nodes.
             Both:        1.06 GB reserved,       7.56 MB ( <1%) committed. 

Chunk freelists:
   Non-Class:  8.42 MB
       Class:  14.83 MB
        Both:  23.25 MB

MaxMetaspaceSize: unlimited
CompressedClassSpaceSize: 1.00 GB
Initial GC threshold: 21.00 MB
Current GC threshold: 21.00 MB
CDS: on
 - commit_granule_bytes: 65536.
 - commit_granule_words: 8192.
 - virtual_space_node_default_size: 8388608.
 - enlarge_chunks_in_place: 1.
 - use_allocation_guard: 0.


Internal statistics:

num_allocs_failed_limit: 0.
num_arena_births: 164.
num_arena_deaths: 0.
num_vsnodes_births: 2.
num_vsnodes_deaths: 0.
num_space_committed: 121.
num_space_uncommitted: 0.
num_chunks_returned_to_freelist: 0.
num_chunks_taken_from_freelist: 365.
num_chunk_merges: 0.
num_chunk_splits: 248.
num_chunks_enlarged: 171.
num_inconsistent_stats: 0.

CodeHeap 'non-profiled nmethods': size=120064Kb used=428Kb max_used=430Kb free=119635Kb
 bounds [0x0000016863b90000, 0x0000016863e00000, 0x000001686b0d0000]
CodeHeap 'profiled nmethods': size=120000Kb used=1618Kb max_used=1919Kb free=118382Kb
 bounds [0x000001685c0d0000, 0x000001685c340000, 0x0000016863600000]
CodeHeap 'non-nmethods': size=5696Kb used=1487Kb max_used=1505Kb free=4208Kb
 bounds [0x0000016863600000, 0x0000016863870000, 0x0000016863b90000]
CodeCache: size=245760Kb, used=3533Kb, max_used=3854Kb, free=242225Kb
 total_blobs=1806, nmethods=1226, adapters=486, full_count=0
Compilation: enabled, stopped_count=0, restarted_count=0

Compilation events (20 events):
Event: 1.901 Thread 0x0000016870959e30 1408       3       com.sun.javafx.iio.gif.GIFImageLoader2$LZWDecoder::readData (52 bytes)
Event: 1.901 Thread 0x0000016870937230 1409 %     4       com.sun.javafx.iio.gif.GIFImageLoader2::decodeImage @ 48 (161 bytes)
Event: 1.901 Thread 0x0000016870959e30 nmethod 1408 0x000001685c143288 code [0x000001685c143400, 0x000001685c143880]
Event: 1.930 Thread 0x0000016870937230 nmethod 1409% 0x0000016863bf7408 code [0x0000016863bf75c0, 0x0000016863bf87e8]
Event: 1.933 Thread 0x0000016870937230 1410 %     4       com.sun.javafx.iio.gif.GIFImageLoader2::decodeImage @ 26 (161 bytes)
Event: 1.934 Thread 0x0000016870959e30 1411       3       java.io.SequenceInputStream::read (68 bytes)
Event: 1.936 Thread 0x0000016870959e30 nmethod 1411 0x000001685c0de388 code [0x000001685c0de540, 0x000001685c0ded38]
Event: 1.962 Thread 0x0000016870937230 nmethod 1410% 0x0000016863bfba88 code [0x0000016863bfbc40, 0x0000016863bfcdc0]
Event: 1.962 Thread 0x0000016870937230 1412       4       java.util.concurrent.locks.AbstractQueuedSynchronizer::signalNext (34 bytes)
Event: 1.964 Thread 0x0000016870937230 nmethod 1412 0x0000016863b9f188 code [0x0000016863b9f2a0, 0x0000016863b9f380]
Event: 1.964 Thread 0x0000016870937230 1413       4       com.sun.javafx.iio.gif.GIFImageLoader2::decodeImage (161 bytes)
Event: 2.054 Thread 0x0000016870937230 nmethod 1413 0x0000016863bfce88 code [0x0000016863bfd160, 0x0000016863bff888]
Event: 2.162 Thread 0x0000016870937230 1414       4       java.util.concurrent.locks.ReentrantLock$Sync::tryRelease (51 bytes)
Event: 2.178 Thread 0x0000016870937230 nmethod 1414 0x0000016863ba2e08 code [0x0000016863ba2f00, 0x0000016863ba3038]
Event: 2.191 Thread 0x0000016870937230 1415       4       java.util.concurrent.locks.ReentrantLock$NonfairSync::initialTryLock (58 bytes)
Event: 2.204 Thread 0x0000016870937230 nmethod 1415 0x0000016863bcfa08 code [0x0000016863bcfb00, 0x0000016863bcfc88]
Event: 2.209 Thread 0x0000016870937230 1416       4       java.io.BufferedInputStream::getBufIfOpen (61 bytes)
Event: 2.210 Thread 0x0000016870937230 nmethod 1416 0x0000016863be6588 code [0x0000016863be6680, 0x0000016863be6748]
Event: 2.235 Thread 0x0000016870959e30 1417       3       com.sun.javafx.iio.gif.GIFImageLoader2::readShort (17 bytes)
Event: 2.236 Thread 0x0000016870959e30 nmethod 1417 0x000001685c1de608 code [0x000001685c1de780, 0x000001685c1decc0]

GC Heap History (20 events):
Event: 2.047 GC heap after
{Heap after GC invocations=25 (full 0):
 garbage-first heap   total reserved 2013184K, committed 276480K, used 164183K [0x0000000085200000, 0x0000000100000000)
  region size 1024K, 3 young (3072K), 3 survivors (3072K)
 Metaspace       used 7491K, committed 7744K, reserved 1114112K
  class space    used 920K, committed 1024K, reserved 1048576K
}
Event: 2.057 GC heap before
{Heap before GC invocations=26 (full 0):
 garbage-first heap   total reserved 2013184K, committed 285696K, used 169303K [0x0000000085200000, 0x0000000100000000)
  region size 1024K, 4 young (4096K), 3 survivors (3072K)
 Metaspace       used 7491K, committed 7744K, reserved 1114112K
  class space    used 920K, committed 1024K, reserved 1048576K
}
Event: 2.061 GC heap after
{Heap after GC invocations=27 (full 0):
 garbage-first heap   total reserved 2013184K, committed 285696K, used 169304K [0x0000000085200000, 0x0000000100000000)
  region size 1024K, 3 young (3072K), 3 survivors (3072K)
 Metaspace       used 7491K, committed 7744K, reserved 1114112K
  class space    used 920K, committed 1024K, reserved 1048576K
}
Event: 2.070 GC heap before
{Heap before GC invocations=28 (full 0):
 garbage-first heap   total reserved 2013184K, committed 293888K, used 174424K [0x0000000085200000, 0x0000000100000000)
  region size 1024K, 4 young (4096K), 3 survivors (3072K)
 Metaspace       used 7491K, committed 7744K, reserved 1114112K
  class space    used 920K, committed 1024K, reserved 1048576K
}
Event: 2.074 GC heap after
{Heap after GC invocations=29 (full 0):
 garbage-first heap   total reserved 2013184K, committed 293888K, used 174547K [0x0000000085200000, 0x0000000100000000)
  region size 1024K, 3 young (3072K), 3 survivors (3072K)
 Metaspace       used 7491K, committed 7744K, reserved 1114112K
  class space    used 920K, committed 1024K, reserved 1048576K
}
Event: 2.087 GC heap before
{Heap before GC invocations=30 (full 0):
 garbage-first heap   total reserved 2013184K, committed 302080K, used 184787K [0x0000000085200000, 0x0000000100000000)
  region size 1024K, 4 young (4096K), 3 survivors (3072K)
 Metaspace       used 7491K, committed 7744K, reserved 1114112K
  class space    used 920K, committed 1024K, reserved 1048576K
}
Event: 2.090 GC heap after
{Heap after GC invocations=31 (full 0):
 garbage-first heap   total reserved 2013184K, committed 302080K, used 184825K [0x0000000085200000, 0x0000000100000000)
  region size 1024K, 1 young (1024K), 1 survivors (1024K)
 Metaspace       used 7491K, committed 7744K, reserved 1114112K
  class space    used 920K, committed 1024K, reserved 1048576K
}
Event: 2.105 GC heap before
{Heap before GC invocations=32 (full 0):
 garbage-first heap   total reserved 2013184K, committed 319488K, used 195065K [0x0000000085200000, 0x0000000100000000)
  region size 1024K, 2 young (2048K), 1 survivors (1024K)
 Metaspace       used 7491K, committed 7744K, reserved 1114112K
  class space    used 920K, committed 1024K, reserved 1048576K
}
Event: 2.106 GC heap after
{Heap after GC invocations=33 (full 0):
 garbage-first heap   total reserved 2013184K, committed 319488K, used 195007K [0x0000000085200000, 0x0000000100000000)
  region size 1024K, 1 young (1024K), 1 survivors (1024K)
 Metaspace       used 7491K, committed 7744K, reserved 1114112K
  class space    used 920K, committed 1024K, reserved 1048576K
}
Event: 2.124 GC heap before
{Heap before GC invocations=34 (full 0):
 garbage-first heap   total reserved 2013184K, committed 345088K, used 210367K [0x0000000085200000, 0x0000000100000000)
  region size 1024K, 2 young (2048K), 1 survivors (1024K)
 Metaspace       used 7491K, committed 7744K, reserved 1114112K
  class space    used 920K, committed 1024K, reserved 1048576K
}
Event: 2.125 GC heap after
{Heap after GC invocations=35 (full 0):
 garbage-first heap   total reserved 2013184K, committed 345088K, used 210337K [0x0000000085200000, 0x0000000100000000)
  region size 1024K, 1 young (1024K), 1 survivors (1024K)
 Metaspace       used 7491K, committed 7744K, reserved 1114112K
  class space    used 920K, committed 1024K, reserved 1048576K
}
Event: 2.139 GC heap before
{Heap before GC invocations=36 (full 0):
 garbage-first heap   total reserved 2013184K, committed 362496K, used 220577K [0x0000000085200000, 0x0000000100000000)
  region size 1024K, 2 young (2048K), 1 survivors (1024K)
 Metaspace       used 7491K, committed 7744K, reserved 1114112K
  class space    used 920K, committed 1024K, reserved 1048576K
}
Event: 2.140 GC heap after
{Heap after GC invocations=37 (full 0):
 garbage-first heap   total reserved 2013184K, committed 362496K, used 220574K [0x0000000085200000, 0x0000000100000000)
  region size 1024K, 1 young (1024K), 1 survivors (1024K)
 Metaspace       used 7491K, committed 7744K, reserved 1114112K
  class space    used 920K, committed 1024K, reserved 1048576K
}
Event: 2.157 GC heap before
{Heap before GC invocations=38 (full 0):
 garbage-first heap   total reserved 2013184K, committed 378880K, used 230814K [0x0000000085200000, 0x0000000100000000)
  region size 1024K, 2 young (2048K), 1 survivors (1024K)
 Metaspace       used 7491K, committed 7744K, reserved 1114112K
  class space    used 920K, committed 1024K, reserved 1048576K
}
Event: 2.159 GC heap after
{Heap after GC invocations=39 (full 0):
 garbage-first heap   total reserved 2013184K, committed 378880K, used 230820K [0x0000000085200000, 0x0000000100000000)
  region size 1024K, 1 young (1024K), 1 survivors (1024K)
 Metaspace       used 7491K, committed 7744K, reserved 1114112K
  class space    used 920K, committed 1024K, reserved 1048576K
}
Event: 2.186 GC heap before
{Heap before GC invocations=40 (full 0):
 garbage-first heap   total reserved 2013184K, committed 404480K, used 246180K [0x0000000085200000, 0x0000000100000000)
  region size 1024K, 2 young (2048K), 1 survivors (1024K)
 Metaspace       used 7491K, committed 7744K, reserved 1114112K
  class space    used 920K, committed 1024K, reserved 1048576K
}
Event: 2.188 GC heap after
{Heap after GC invocations=41 (full 0):
 garbage-first heap   total reserved 2013184K, committed 404480K, used 246184K [0x0000000085200000, 0x0000000100000000)
  region size 1024K, 1 young (1024K), 1 survivors (1024K)
 Metaspace       used 7491K, committed 7744K, reserved 1114112K
  class space    used 920K, committed 1024K, reserved 1048576K
}
Event: 2.211 GC heap before
{Heap before GC invocations=42 (full 0):
 garbage-first heap   total reserved 2013184K, committed 421888K, used 256424K [0x0000000085200000, 0x0000000100000000)
  region size 1024K, 2 young (2048K), 1 survivors (1024K)
 Metaspace       used 7491K, committed 7744K, reserved 1114112K
  class space    used 920K, committed 1024K, reserved 1048576K
}
Event: 2.212 GC heap after
{Heap after GC invocations=43 (full 0):
 garbage-first heap   total reserved 2013184K, committed 421888K, used 256436K [0x0000000085200000, 0x0000000100000000)
  region size 1024K, 1 young (1024K), 1 survivors (1024K)
 Metaspace       used 7491K, committed 7744K, reserved 1114112K
  class space    used 920K, committed 1024K, reserved 1048576K
}
Event: 2.238 GC heap before
{Heap before GC invocations=44 (full 0):
 garbage-first heap   total reserved 2013184K, committed 439296K, used 266676K [0x0000000085200000, 0x0000000100000000)
  region size 1024K, 2 young (2048K), 1 survivors (1024K)
 Metaspace       used 7491K, committed 7744K, reserved 1114112K
  class space    used 920K, committed 1024K, reserved 1048576K
}

Dll operation events (20 events):
Event: 0.518 Loaded shared library C:\Users\Lynneth Dela Cerna\Downloads\openjfx-23_windows-x64_bin-sdk\javafx-sdk-23\bin\api-ms-win-crt-heap-l1-1-0.dll
Event: 0.522 Loaded shared library C:\Users\Lynneth Dela Cerna\Downloads\openjfx-23_windows-x64_bin-sdk\javafx-sdk-23\bin\api-ms-win-crt-locale-l1-1-0.dll
Event: 0.526 Loaded shared library C:\Users\Lynneth Dela Cerna\Downloads\openjfx-23_windows-x64_bin-sdk\javafx-sdk-23\bin\api-ms-win-crt-math-l1-1-0.dll
Event: 0.530 Loaded shared library C:\Users\Lynneth Dela Cerna\Downloads\openjfx-23_windows-x64_bin-sdk\javafx-sdk-23\bin\api-ms-win-crt-multibyte-l1-1-0.dll
Event: 0.534 Loaded shared library C:\Users\Lynneth Dela Cerna\Downloads\openjfx-23_windows-x64_bin-sdk\javafx-sdk-23\bin\api-ms-win-crt-private-l1-1-0.dll
Event: 0.538 Loaded shared library C:\Users\Lynneth Dela Cerna\Downloads\openjfx-23_windows-x64_bin-sdk\javafx-sdk-23\bin\api-ms-win-crt-process-l1-1-0.dll
Event: 0.542 Loaded shared library C:\Users\Lynneth Dela Cerna\Downloads\openjfx-23_windows-x64_bin-sdk\javafx-sdk-23\bin\api-ms-win-crt-runtime-l1-1-0.dll
Event: 0.547 Loaded shared library C:\Users\Lynneth Dela Cerna\Downloads\openjfx-23_windows-x64_bin-sdk\javafx-sdk-23\bin\api-ms-win-crt-stdio-l1-1-0.dll
Event: 0.552 Loaded shared library C:\Users\Lynneth Dela Cerna\Downloads\openjfx-23_windows-x64_bin-sdk\javafx-sdk-23\bin\api-ms-win-crt-string-l1-1-0.dll
Event: 0.556 Loaded shared library C:\Users\Lynneth Dela Cerna\Downloads\openjfx-23_windows-x64_bin-sdk\javafx-sdk-23\bin\api-ms-win-crt-time-l1-1-0.dll
Event: 0.559 Loaded shared library C:\Users\Lynneth Dela Cerna\Downloads\openjfx-23_windows-x64_bin-sdk\javafx-sdk-23\bin\api-ms-win-crt-utility-l1-1-0.dll
Event: 0.563 Loaded shared library C:\Users\Lynneth Dela Cerna\Downloads\openjfx-23_windows-x64_bin-sdk\javafx-sdk-23\bin\ucrtbase.dll
Event: 0.567 Loaded shared library C:\Users\Lynneth Dela Cerna\Downloads\openjfx-23_windows-x64_bin-sdk\javafx-sdk-23\bin\vcruntime140.dll
Event: 0.572 Loaded shared library C:\Users\Lynneth Dela Cerna\Downloads\openjfx-23_windows-x64_bin-sdk\javafx-sdk-23\bin\vcruntime140_1.dll
Event: 0.576 Loaded shared library C:\Users\Lynneth Dela Cerna\Downloads\openjfx-23_windows-x64_bin-sdk\javafx-sdk-23\bin\msvcp140.dll
Event: 0.578 Loaded shared library C:\Users\Lynneth Dela Cerna\Downloads\openjfx-23_windows-x64_bin-sdk\javafx-sdk-23\bin\msvcp140_1.dll
Event: 0.581 Loaded shared library C:\Users\Lynneth Dela Cerna\Downloads\openjfx-23_windows-x64_bin-sdk\javafx-sdk-23\bin\msvcp140_2.dll
Event: 0.679 Loaded shared library C:\Users\Lynneth Dela Cerna\Downloads\openjfx-23_windows-x64_bin-sdk\javafx-sdk-23\bin\prism_d3d.dll
Event: 0.865 Loaded shared library C:\Users\Lynneth Dela Cerna\Downloads\openjfx-23_windows-x64_bin-sdk\javafx-sdk-23\bin\glass.dll
Event: 1.078 Loaded shared library C:\Program Files\Java\jdk-23\bin\jimage.dll

Deoptimization events (20 events):
Event: 1.966 Thread 0x0000016845ab3740 DEOPT PACKING pc=0x000001685c2ad326 sp=0x00000016061fdb70
Event: 1.966 Thread 0x0000016845ab3740 DEOPT UNPACKING pc=0x0000016863654b22 sp=0x00000016061fd090 mode 0
Event: 1.970 Thread 0x0000016845ab3740 DEOPT PACKING pc=0x000001685c2ad305 sp=0x00000016061fdb70
Event: 1.970 Thread 0x0000016845ab3740 DEOPT UNPACKING pc=0x0000016863654b22 sp=0x00000016061fd090 mode 0
Event: 1.978 Thread 0x0000016845ab3740 DEOPT PACKING pc=0x000001685c2ad305 sp=0x00000016061fdb70
Event: 1.978 Thread 0x0000016845ab3740 DEOPT UNPACKING pc=0x0000016863654b22 sp=0x00000016061fd090 mode 0
Event: 1.986 Thread 0x0000016845ab3740 DEOPT PACKING pc=0x000001685c2ad305 sp=0x00000016061fdb70
Event: 1.986 Thread 0x0000016845ab3740 DEOPT UNPACKING pc=0x0000016863654b22 sp=0x00000016061fd090 mode 0
Event: 1.996 Thread 0x0000016845ab3740 DEOPT PACKING pc=0x000001685c2ad326 sp=0x00000016061fdb70
Event: 1.996 Thread 0x0000016845ab3740 DEOPT UNPACKING pc=0x0000016863654b22 sp=0x00000016061fd090 mode 0
Event: 2.004 Thread 0x0000016845ab3740 DEOPT PACKING pc=0x000001685c2ad326 sp=0x00000016061fdb70
Event: 2.004 Thread 0x0000016845ab3740 DEOPT UNPACKING pc=0x0000016863654b22 sp=0x00000016061fd090 mode 0
Event: 2.012 Thread 0x0000016845ab3740 DEOPT PACKING pc=0x000001685c2ad305 sp=0x00000016061fdb70
Event: 2.012 Thread 0x0000016845ab3740 DEOPT UNPACKING pc=0x0000016863654b22 sp=0x00000016061fd090 mode 0
Event: 2.022 Thread 0x0000016845ab3740 DEOPT PACKING pc=0x000001685c2ad305 sp=0x00000016061fdb70
Event: 2.022 Thread 0x0000016845ab3740 DEOPT UNPACKING pc=0x0000016863654b22 sp=0x00000016061fd090 mode 0
Event: 2.031 Thread 0x0000016845ab3740 DEOPT PACKING pc=0x000001685c2ad326 sp=0x00000016061fdb70
Event: 2.031 Thread 0x0000016845ab3740 DEOPT UNPACKING pc=0x0000016863654b22 sp=0x00000016061fd090 mode 0
Event: 2.041 Thread 0x0000016845ab3740 DEOPT PACKING pc=0x000001685c2ad326 sp=0x00000016061fdb70
Event: 2.041 Thread 0x0000016845ab3740 DEOPT UNPACKING pc=0x0000016863654b22 sp=0x00000016061fd090 mode 0

Classes loaded (20 events):
Event: 1.598 Loading class com/sun/xml/internal/stream/StaxErrorReporter
Event: 1.598 Loading class com/sun/xml/internal/stream/StaxErrorReporter done
Event: 1.600 Loading class java/util/LinkedList$Node
Event: 1.600 Loading class java/util/LinkedList$Node done
Event: 1.606 Loading class java/util/EventListener
Event: 1.606 Loading class java/util/EventListener done
Event: 1.691 Loading class java/lang/reflect/TypeVariable
Event: 1.692 Loading class java/lang/reflect/TypeVariable done
Event: 1.692 Loading class java/lang/InstantiationException
Event: 1.692 Loading class java/lang/InstantiationException done
Event: 1.692 Loading class java/lang/reflect/AnnotatedType
Event: 1.694 Loading class java/lang/reflect/AnnotatedType done
Event: 1.701 Loading class java/security/AllPermissionCollection
Event: 1.701 Loading class java/security/AllPermissionCollection done
Event: 1.722 Loading class java/util/LinkedList$ListItr
Event: 1.725 Loading class java/util/LinkedList$ListItr done
Event: 1.727 Loading class java/lang/MatchException
Event: 1.728 Loading class java/lang/MatchException done
Event: 1.733 Loading class java/io/SequenceInputStream
Event: 1.734 Loading class java/io/SequenceInputStream done

Classes unloaded (0 events):
No events

Classes redefined (0 events):
No events

Internal exceptions (20 events):
Event: 1.478 Thread 0x0000016845ab3740 Exception <a 'java/lang/ClassNotFoundException'{0x000000008c3b8318}: com/sun/glass/ui/win/themes_es_US> (0x000000008c3b8318) 
thrown [s\open\src\hotspot\share\prims\jni.cpp, line 539]
Event: 1.478 Thread 0x0000016845ab3740 Exception <a 'java/lang/ClassNotFoundException'{0x000000008c3b9918}: com/sun/glass/ui/win/themes_yav_Latn> (0x000000008c3b9918) 
thrown [s\open\src\hotspot\share\prims\jni.cpp, line 539]
Event: 1.478 Thread 0x0000016845ab3740 Exception <a 'java/lang/ClassNotFoundException'{0x000000008c3ba9f8}: com/sun/glass/ui/win/themes_yav_Latn_CM> (0x000000008c3ba9f8) 
thrown [s\open\src\hotspot\share\prims\jni.cpp, line 539]
Event: 1.478 Thread 0x0000016845ab3740 Exception <a 'java/lang/ClassNotFoundException'{0x000000008c3bbdf0}: com/sun/glass/ui/win/themes_en_Latn> (0x000000008c3bbdf0) 
thrown [s\open\src\hotspot\share\prims\jni.cpp, line 539]
Event: 1.478 Thread 0x0000016845ab3740 Exception <a 'java/lang/ClassNotFoundException'{0x000000008c3bcec0}: com/sun/glass/ui/win/themes_en_Latn_US> (0x000000008c3bcec0) 
thrown [s\open\src\hotspot\share\prims\jni.cpp, line 539]
Event: 1.478 Thread 0x0000016845ab3740 Exception <a 'java/lang/ClassNotFoundException'{0x000000008c3be2d8}: com/sun/glass/ui/win/themes_th_Thai> (0x000000008c3be2d8) 
thrown [s\open\src\hotspot\share\prims\jni.cpp, line 539]
Event: 1.478 Thread 0x0000016845ab3740 Exception <a 'java/lang/ClassNotFoundException'{0x000000008c3bf3a8}: com/sun/glass/ui/win/themes_th_Thai_TH> (0x000000008c3bf3a8) 
thrown [s\open\src\hotspot\share\prims\jni.cpp, line 539]
Event: 1.478 Thread 0x0000016845ab3740 Exception <a 'java/lang/ClassNotFoundException'{0x000000008c3c06c0}: com/sun/glass/ui/win/themes_es_VE> (0x000000008c3c06c0) 
thrown [s\open\src\hotspot\share\prims\jni.cpp, line 539]
Event: 1.478 Thread 0x0000016845ab3740 Exception <a 'java/lang/ClassNotFoundException'{0x000000008c3c1948}: com/sun/glass/ui/win/themes_fr_PF> (0x000000008c3c1948) 
thrown [s\open\src\hotspot\share\prims\jni.cpp, line 539]
Event: 1.478 Thread 0x0000016845ab3740 Exception <a 'java/lang/ClassNotFoundException'{0x000000008c3c2f48}: com/sun/glass/ui/win/themes_ses_Latn> (0x000000008c3c2f48) 
thrown [s\open\src\hotspot\share\prims\jni.cpp, line 539]
Event: 1.478 Thread 0x0000016845ab3740 Exception <a 'java/lang/ClassNotFoundException'{0x000000008c3c40e0}: com/sun/glass/ui/win/themes_ses_Latn_ML> (0x000000008c3c40e0) 
thrown [s\open\src\hotspot\share\prims\jni.cpp, line 539]
Event: 1.478 Thread 0x0000016845ab3740 Exception <a 'java/lang/ClassNotFoundException'{0x000000008c3c5958}: com/sun/glass/ui/win/themes_doi_Deva> (0x000000008c3c5958) 
thrown [s\open\src\hotspot\share\prims\jni.cpp, line 539]
Event: 1.478 Thread 0x0000016845ab3740 Exception <a 'java/lang/ClassNotFoundException'{0x000000008c3c6a38}: com/sun/glass/ui/win/themes_doi_Deva_IN> (0x000000008c3c6a38) 
thrown [s\open\src\hotspot\share\prims\jni.cpp, line 539]
Event: 1.479 Thread 0x0000016845ab3740 Exception <a 'java/lang/ClassNotFoundException'{0x000000008c3c7d28}: com/sun/glass/ui/win/themes_fr_PM> (0x000000008c3c7d28) 
thrown [s\open\src\hotspot\share\prims\jni.cpp, line 539]
Event: 1.479 Thread 0x0000016845ab3740 Exception <a 'java/lang/ClassNotFoundException'{0x000000008c3c91b8}: com/sun/glass/ui/win/themes_es_UY> (0x000000008c3c91b8) 
thrown [s\open\src\hotspot\share\prims\jni.cpp, line 539]
Event: 1.479 Thread 0x0000016845ab3740 Exception <a 'java/lang/ClassNotFoundException'{0x000000008c3ca7e8}: com/sun/glass/ui/win/themes_gu_Gujr> (0x000000008c3ca7e8) 
thrown [s\open\src\hotspot\share\prims\jni.cpp, line 539]
Event: 1.479 Thread 0x0000016845ab3740 Exception <a 'java/lang/ClassNotFoundException'{0x000000008c3cb8b8}: com/sun/glass/ui/win/themes_gu_Gujr_IN> (0x000000008c3cb8b8) 
thrown [s\open\src\hotspot\share\prims\jni.cpp, line 539]
Event: 1.506 Thread 0x0000016845ab3740 Exception <a 'java/lang/NoSuchMethodError'{0x000000008c22f840}: 'java.lang.Object java.lang.invoke.DirectMethodHandle$Holder.invokeInterface(java.lang.Object, java.lang.Object)'> (0x000000008c22f840) 
thrown [s\open\src\hotspot\share\interpreter\linkResolver.cpp, line 796]
Event: 1.653 Thread 0x0000016845ab3740 Exception <a 'java/lang/NoSuchMethodError'{0x000000008bf8c5c0}: 'java.lang.Object java.lang.invoke.DirectMethodHandle$Holder.invokeStaticInit(java.lang.Object, java.lang.Object, java.lang.Object, java.lang.Object)'> (0x000000008bf8c5c0) 
thrown [s\open\src\hotspot\share\interpreter\linkResolver.cpp, line 796]
Event: 1.654 Thread 0x0000016845ab3740 Exception <a 'java/lang/NullPointerException'{0x000000008bf99430}> (0x000000008bf99430) 
thrown [s\open\src\hotspot\share\interpreter\linkResolver.cpp, line 1389]

VM Operations (20 events):
Event: 2.154 Executing VM operation: G1PauseCleanup done
Event: 2.157 Executing VM operation: G1TryInitiateConcMark (G1 Humongous Allocation)
Event: 2.159 Executing VM operation: G1TryInitiateConcMark (G1 Humongous Allocation) done
Event: 2.164 Executing VM operation: G1PauseRemark
Event: 2.178 Executing VM operation: G1PauseRemark done
Event: 2.180 Executing VM operation: G1PauseCleanup
Event: 2.180 Executing VM operation: G1PauseCleanup done
Event: 2.186 Executing VM operation: G1TryInitiateConcMark (G1 Humongous Allocation)
Event: 2.188 Executing VM operation: G1TryInitiateConcMark (G1 Humongous Allocation) done
Event: 2.192 Executing VM operation: G1PauseRemark
Event: 2.204 Executing VM operation: G1PauseRemark done
Event: 2.206 Executing VM operation: G1PauseCleanup
Event: 2.209 Executing VM operation: G1PauseCleanup done
Event: 2.211 Executing VM operation: G1TryInitiateConcMark (G1 Humongous Allocation)
Event: 2.213 Executing VM operation: G1TryInitiateConcMark (G1 Humongous Allocation) done
Event: 2.217 Executing VM operation: G1PauseRemark
Event: 2.228 Executing VM operation: G1PauseRemark done
Event: 2.230 Executing VM operation: G1PauseCleanup
Event: 2.235 Executing VM operation: G1PauseCleanup done
Event: 2.237 Executing VM operation: G1TryInitiateConcMark (G1 Humongous Allocation)

Memory protections (0 events):
No events

Nmethod flushes (20 events):
Event: 1.899 Thread 0x0000016870904d40 flushing  nmethod 0x000001685c1fb188
Event: 1.899 Thread 0x0000016870904d40 flushing  nmethod 0x000001685c1fb588
Event: 1.899 Thread 0x0000016870904d40 flushing  nmethod 0x000001685c1fba08
Event: 1.899 Thread 0x0000016870904d40 flushing  nmethod 0x000001685c1fc088
Event: 1.899 Thread 0x0000016870904d40 flushing osr nmethod 0x000001685c1fc988
Event: 1.899 Thread 0x0000016870904d40 flushing  nmethod 0x000001685c1fd508
Event: 1.899 Thread 0x0000016870904d40 flushing  nmethod 0x000001685c1fdc08
Event: 1.899 Thread 0x0000016870904d40 flushing  nmethod 0x000001685c1fdf08
Event: 1.899 Thread 0x0000016870904d40 flushing  nmethod 0x000001685c237388
Event: 1.899 Thread 0x0000016870904d40 flushing  nmethod 0x000001685c2a1008
Event: 1.899 Thread 0x0000016870904d40 flushing  nmethod 0x000001685c2a1908
Event: 1.899 Thread 0x0000016870904d40 flushing  nmethod 0x000001685c2a1c88
Event: 1.899 Thread 0x0000016870904d40 flushing osr nmethod 0x000001685c2a2008
Event: 1.899 Thread 0x0000016870904d40 flushing  nmethod 0x000001685c2a3488
Event: 1.899 Thread 0x0000016870904d40 flushing  nmethod 0x000001685c2a4c88
Event: 1.912 Thread 0x0000016870904d40 flushing  nmethod 0x000001685c2a9408
Event: 1.967 Thread 0x0000016870904d40 flushing osr nmethod 0x000001685c2a9d08
Event: 1.997 Thread 0x0000016870904d40 flushing  nmethod 0x000001685c18be08
Event: 2.067 Thread 0x0000016870904d40 flushing  nmethod 0x000001685c2ac088
Event: 2.218 Thread 0x0000016870904d40 flushing  nmethod 0x000001685c2a5588

Events (16 events):
Event: 0.052 Thread 0x000001685159f870 Thread added: 0x000001685159f870
Event: 0.072 Thread 0x000001685159f870 Thread added: 0x000001687091c7f0
Event: 0.072 Thread 0x000001685159f870 Thread added: 0x000001687091d510
Event: 0.073 Thread 0x000001685159f870 Thread added: 0x000001687091f3e0
Event: 0.073 Thread 0x000001685159f870 Thread added: 0x0000016870921460
Event: 0.073 Thread 0x000001685159f870 Thread added: 0x000001687092aee0
Event: 0.073 Thread 0x000001685159f870 Thread added: 0x000001687092ba70
Event: 0.074 Thread 0x000001685159f870 Thread added: 0x0000016870937230
Event: 0.074 Thread 0x000001685159f870 Thread added: 0x0000016870959e30
Event: 0.108 Thread 0x000001685159f870 Thread added: 0x00000168450e3a80
Event: 0.259 Thread 0x000001685159f870 Thread added: 0x0000016845267150
Event: 0.658 Thread 0x000001685159f870 Thread added: 0x0000016845681e20
Event: 0.869 Thread 0x000001685159f870 Thread added: 0x0000016845a9cd50
Event: 0.874 Thread 0x000001685159f870 Thread added: 0x0000016845ab3740
Event: 1.041 Thread 0x000001685159f870 Thread added: 0x0000016845c3a810
Event: 1.049 Thread 0x0000016845cabd60 Thread added: 0x0000016845cabd60


Dynamic libraries:
0x00007ff66c970000 - 0x00007ff66c980000 	C:\Program Files\Java\jdk-23\bin\java.exe
0x00007ffeab550000 - 0x00007ffeab767000 	C:\WINDOWS\SYSTEM32\ntdll.dll
0x00007ffea9840000 - 0x00007ffea9904000 	C:\WINDOWS\System32\KERNEL32.DLL
0x00007ffea89e0000 - 0x00007ffea8d99000 	C:\WINDOWS\System32\KERNELBASE.dll
0x00007ffea8fb0000 - 0x00007ffea90c1000 	C:\WINDOWS\System32\ucrtbase.dll
0x00007ffe8a8e0000 - 0x00007ffe8a8fb000 	C:\Program Files\Java\jdk-23\bin\VCRUNTIME140.dll
0x00007ffe8bf30000 - 0x00007ffe8bf47000 	C:\Program Files\Java\jdk-23\bin\jli.dll
0x00007ffea9d20000 - 0x00007ffea9ece000 	C:\WINDOWS\System32\USER32.dll
0x00007ffea90d0000 - 0x00007ffea90f6000 	C:\WINDOWS\System32\win32u.dll
0x00007ffe865e0000 - 0x00007ffe86872000 	C:\WINDOWS\WinSxS\amd64_microsoft.windows.common-controls_6595b64144ccf1df_6.0.22621.4391_none_2715d37f73803e96\COMCTL32.dll
0x00007ffeaa1e0000 - 0x00007ffeaa209000 	C:\WINDOWS\System32\GDI32.dll
0x00007ffea88c0000 - 0x00007ffea89db000 	C:\WINDOWS\System32\gdi32full.dll
0x00007ffea9ed0000 - 0x00007ffea9f77000 	C:\WINDOWS\System32\msvcrt.dll
0x00007ffea8e90000 - 0x00007ffea8f2a000 	C:\WINDOWS\System32\msvcp_win.dll
0x00007ffeab3b0000 - 0x00007ffeab3e1000 	C:\WINDOWS\System32\IMM32.DLL
0x00007ffe9d9a0000 - 0x00007ffe9d9ac000 	C:\Program Files\Java\jdk-23\bin\vcruntime140_1.dll
0x00007ffe604d0000 - 0x00007ffe6055e000 	C:\Program Files\Java\jdk-23\bin\msvcp140.dll
0x00007ffe557a0000 - 0x00007ffe564ef000 	C:\Program Files\Java\jdk-23\bin\server\jvm.dll
0x00007ffeab450000 - 0x00007ffeab502000 	C:\WINDOWS\System32\ADVAPI32.dll
0x00007ffeaa270000 - 0x00007ffeaa317000 	C:\WINDOWS\System32\sechost.dll
0x00007ffea8e60000 - 0x00007ffea8e88000 	C:\WINDOWS\System32\bcrypt.dll
0x00007ffeab0b0000 - 0x00007ffeab1c4000 	C:\WINDOWS\System32\RPCRT4.dll
0x00007ffeab030000 - 0x00007ffeab0a1000 	C:\WINDOWS\System32\WS2_32.dll
0x00007ffea8670000 - 0x00007ffea86bd000 	C:\WINDOWS\SYSTEM32\POWRPROF.dll
0x00007ffea10b0000 - 0x00007ffea10e4000 	C:\WINDOWS\SYSTEM32\WINMM.dll
0x00007ffe95590000 - 0x00007ffe9559a000 	C:\WINDOWS\SYSTEM32\VERSION.dll
0x00007ffea8550000 - 0x00007ffea8563000 	C:\WINDOWS\SYSTEM32\UMPDC.dll
0x00007ffea7800000 - 0x00007ffea7818000 	C:\WINDOWS\SYSTEM32\kernel.appcore.dll
0x00007ffe8e150000 - 0x00007ffe8e15a000 	C:\Program Files\Java\jdk-23\bin\jimage.dll
0x00007ffea5f60000 - 0x00007ffea6192000 	C:\WINDOWS\SYSTEM32\DBGHELP.DLL
0x00007ffea9910000 - 0x00007ffea9c9f000 	C:\WINDOWS\System32\combase.dll
0x00007ffea9600000 - 0x00007ffea96d7000 	C:\WINDOWS\System32\OLEAUT32.dll
0x00007ffe86c80000 - 0x00007ffe86cb2000 	C:\WINDOWS\SYSTEM32\dbgcore.DLL
0x00007ffea8f30000 - 0x00007ffea8fab000 	C:\WINDOWS\System32\bcryptPrimitives.dll
0x00007ffe89900000 - 0x00007ffe8991e000 	C:\Program Files\Java\jdk-23\bin\java.dll
0x00007ffea9440000 - 0x00007ffea95e5000 	C:\WINDOWS\System32\ole32.dll
0x00007ffeaa320000 - 0x00007ffeaab96000 	C:\WINDOWS\System32\SHELL32.dll
0x00007ffea6740000 - 0x00007ffea7043000 	C:\WINDOWS\SYSTEM32\windows.storage.dll
0x00007ffea6600000 - 0x00007ffea673f000 	C:\WINDOWS\SYSTEM32\wintypes.dll
0x00007ffeab2b0000 - 0x00007ffeab3a9000 	C:\WINDOWS\System32\SHCORE.dll
0x00007ffeab3f0000 - 0x00007ffeab44e000 	C:\WINDOWS\System32\shlwapi.dll
0x00007ffea8780000 - 0x00007ffea87ab000 	C:\WINDOWS\SYSTEM32\profapi.dll
0x00007ffe60f70000 - 0x00007ffe61047000 	C:\Program Files\Java\jdk-23\bin\jsvml.dll
0x00007ffe8e050000 - 0x00007ffe8e060000 	C:\Program Files\Java\jdk-23\bin\net.dll
0x00007ffea7cf0000 - 0x00007ffea7d59000 	C:\WINDOWS\system32\mswsock.dll
0x00007ffe88fb0000 - 0x00007ffe88fc6000 	C:\Program Files\Java\jdk-23\bin\nio.dll
0x00007ffe88690000 - 0x00007ffe886a7000 	C:\Program Files\Java\jdk-23\bin\zip.dll
0x0000016845d60000 - 0x0000016845d63000 	C:\Users\Lynneth Dela Cerna\Downloads\openjfx-23_windows-x64_bin-sdk\javafx-sdk-23\bin\api-ms-win-core-console-l1-1-0.dll
0x0000016845d70000 - 0x0000016845d73000 	C:\Users\Lynneth Dela Cerna\Downloads\openjfx-23_windows-x64_bin-sdk\javafx-sdk-23\bin\api-ms-win-core-console-l1-2-0.dll
0x0000016845d80000 - 0x0000016845d83000 	C:\Users\Lynneth Dela Cerna\Downloads\openjfx-23_windows-x64_bin-sdk\javafx-sdk-23\bin\api-ms-win-core-datetime-l1-1-0.dll
0x0000016845d90000 - 0x0000016845d93000 	C:\Users\Lynneth Dela Cerna\Downloads\openjfx-23_windows-x64_bin-sdk\javafx-sdk-23\bin\api-ms-win-core-debug-l1-1-0.dll
0x0000016845da0000 - 0x0000016845da3000 	C:\Users\Lynneth Dela Cerna\Downloads\openjfx-23_windows-x64_bin-sdk\javafx-sdk-23\bin\api-ms-win-core-errorhandling-l1-1-0.dll
0x0000016845db0000 - 0x0000016845db4000 	C:\Users\Lynneth Dela Cerna\Downloads\openjfx-23_windows-x64_bin-sdk\javafx-sdk-23\bin\api-ms-win-core-file-l1-1-0.dll
0x0000016845dc0000 - 0x0000016845dc3000 	C:\Users\Lynneth Dela Cerna\Downloads\openjfx-23_windows-x64_bin-sdk\javafx-sdk-23\bin\api-ms-win-core-file-l1-2-0.dll
0x0000016845dd0000 - 0x0000016845dd3000 	C:\Users\Lynneth Dela Cerna\Downloads\openjfx-23_windows-x64_bin-sdk\javafx-sdk-23\bin\api-ms-win-core-file-l2-1-0.dll
0x0000016845de0000 - 0x0000016845de3000 	C:\Users\Lynneth Dela Cerna\Downloads\openjfx-23_windows-x64_bin-sdk\javafx-sdk-23\bin\api-ms-win-core-handle-l1-1-0.dll
0x0000016845df0000 - 0x0000016845df3000 	C:\Users\Lynneth Dela Cerna\Downloads\openjfx-23_windows-x64_bin-sdk\javafx-sdk-23\bin\api-ms-win-core-heap-l1-1-0.dll
0x0000016845e00000 - 0x0000016845e03000 	C:\Users\Lynneth Dela Cerna\Downloads\openjfx-23_windows-x64_bin-sdk\javafx-sdk-23\bin\api-ms-win-core-interlocked-l1-1-0.dll
0x0000016845e10000 - 0x0000016845e13000 	C:\Users\Lynneth Dela Cerna\Downloads\openjfx-23_windows-x64_bin-sdk\javafx-sdk-23\bin\api-ms-win-core-libraryloader-l1-1-0.dll
0x0000016845e20000 - 0x0000016845e23000 	C:\Users\Lynneth Dela Cerna\Downloads\openjfx-23_windows-x64_bin-sdk\javafx-sdk-23\bin\api-ms-win-core-localization-l1-2-0.dll
0x0000016845e30000 - 0x0000016845e33000 	C:\Users\Lynneth Dela Cerna\Downloads\openjfx-23_windows-x64_bin-sdk\javafx-sdk-23\bin\api-ms-win-core-memory-l1-1-0.dll
0x0000016845e40000 - 0x0000016845e43000 	C:\Users\Lynneth Dela Cerna\Downloads\openjfx-23_windows-x64_bin-sdk\javafx-sdk-23\bin\api-ms-win-core-namedpipe-l1-1-0.dll
0x0000016845e50000 - 0x0000016845e53000 	C:\Users\Lynneth Dela Cerna\Downloads\openjfx-23_windows-x64_bin-sdk\javafx-sdk-23\bin\api-ms-win-core-processenvironment-l1-1-0.dll
0x0000016845e60000 - 0x0000016845e63000 	C:\Users\Lynneth Dela Cerna\Downloads\openjfx-23_windows-x64_bin-sdk\javafx-sdk-23\bin\api-ms-win-core-processthreads-l1-1-0.dll
0x0000016845e70000 - 0x0000016845e73000 	C:\Users\Lynneth Dela Cerna\Downloads\openjfx-23_windows-x64_bin-sdk\javafx-sdk-23\bin\api-ms-win-core-processthreads-l1-1-1.dll
0x0000016845e80000 - 0x0000016845e83000 	C:\Users\Lynneth Dela Cerna\Downloads\openjfx-23_windows-x64_bin-sdk\javafx-sdk-23\bin\api-ms-win-core-profile-l1-1-0.dll
0x0000016845e90000 - 0x0000016845e93000 	C:\Users\Lynneth Dela Cerna\Downloads\openjfx-23_windows-x64_bin-sdk\javafx-sdk-23\bin\api-ms-win-core-rtlsupport-l1-1-0.dll
0x0000016845ea0000 - 0x0000016845ea3000 	C:\Users\Lynneth Dela Cerna\Downloads\openjfx-23_windows-x64_bin-sdk\javafx-sdk-23\bin\api-ms-win-core-string-l1-1-0.dll
0x0000016845eb0000 - 0x0000016845eb3000 	C:\Users\Lynneth Dela Cerna\Downloads\openjfx-23_windows-x64_bin-sdk\javafx-sdk-23\bin\api-ms-win-core-synch-l1-1-0.dll
0x0000016845ec0000 - 0x0000016845ec3000 	C:\Users\Lynneth Dela Cerna\Downloads\openjfx-23_windows-x64_bin-sdk\javafx-sdk-23\bin\api-ms-win-core-synch-l1-2-0.dll
0x0000016845ed0000 - 0x0000016845ed3000 	C:\Users\Lynneth Dela Cerna\Downloads\openjfx-23_windows-x64_bin-sdk\javafx-sdk-23\bin\api-ms-win-core-sysinfo-l1-1-0.dll
0x0000016845ee0000 - 0x0000016845ee3000 	C:\Users\Lynneth Dela Cerna\Downloads\openjfx-23_windows-x64_bin-sdk\javafx-sdk-23\bin\api-ms-win-core-timezone-l1-1-0.dll
0x0000016845ef0000 - 0x0000016845ef3000 	C:\Users\Lynneth Dela Cerna\Downloads\openjfx-23_windows-x64_bin-sdk\javafx-sdk-23\bin\api-ms-win-core-util-l1-1-0.dll
0x0000016845f00000 - 0x0000016845f03000 	C:\Users\Lynneth Dela Cerna\Downloads\openjfx-23_windows-x64_bin-sdk\javafx-sdk-23\bin\api-ms-win-crt-conio-l1-1-0.dll
0x0000016845f10000 - 0x0000016845f14000 	C:\Users\Lynneth Dela Cerna\Downloads\openjfx-23_windows-x64_bin-sdk\javafx-sdk-23\bin\api-ms-win-crt-convert-l1-1-0.dll
0x0000016845f20000 - 0x0000016845f23000 	C:\Users\Lynneth Dela Cerna\Downloads\openjfx-23_windows-x64_bin-sdk\javafx-sdk-23\bin\api-ms-win-crt-environment-l1-1-0.dll
0x0000016845f30000 - 0x0000016845f33000 	C:\Users\Lynneth Dela Cerna\Downloads\openjfx-23_windows-x64_bin-sdk\javafx-sdk-23\bin\api-ms-win-crt-filesystem-l1-1-0.dll
0x0000016845f40000 - 0x0000016845f43000 	C:\Users\Lynneth Dela Cerna\Downloads\openjfx-23_windows-x64_bin-sdk\javafx-sdk-23\bin\api-ms-win-crt-heap-l1-1-0.dll
0x0000016845f50000 - 0x0000016845f53000 	C:\Users\Lynneth Dela Cerna\Downloads\openjfx-23_windows-x64_bin-sdk\javafx-sdk-23\bin\api-ms-win-crt-locale-l1-1-0.dll
0x0000016845f60000 - 0x0000016845f65000 	C:\Users\Lynneth Dela Cerna\Downloads\openjfx-23_windows-x64_bin-sdk\javafx-sdk-23\bin\api-ms-win-crt-math-l1-1-0.dll
0x0000016845f70000 - 0x0000016845f75000 	C:\Users\Lynneth Dela Cerna\Downloads\openjfx-23_windows-x64_bin-sdk\javafx-sdk-23\bin\api-ms-win-crt-multibyte-l1-1-0.dll
0x0000016845f80000 - 0x0000016845f90000 	C:\Users\Lynneth Dela Cerna\Downloads\openjfx-23_windows-x64_bin-sdk\javafx-sdk-23\bin\api-ms-win-crt-private-l1-1-0.dll
0x0000016845f90000 - 0x0000016845f93000 	C:\Users\Lynneth Dela Cerna\Downloads\openjfx-23_windows-x64_bin-sdk\javafx-sdk-23\bin\api-ms-win-crt-process-l1-1-0.dll
0x0000016845fa0000 - 0x0000016845fa4000 	C:\Users\Lynneth Dela Cerna\Downloads\openjfx-23_windows-x64_bin-sdk\javafx-sdk-23\bin\api-ms-win-crt-runtime-l1-1-0.dll
0x0000016845fb0000 - 0x0000016845fb4000 	C:\Users\Lynneth Dela Cerna\Downloads\openjfx-23_windows-x64_bin-sdk\javafx-sdk-23\bin\api-ms-win-crt-stdio-l1-1-0.dll
0x0000016845fc0000 - 0x0000016845fc4000 	C:\Users\Lynneth Dela Cerna\Downloads\openjfx-23_windows-x64_bin-sdk\javafx-sdk-23\bin\api-ms-win-crt-string-l1-1-0.dll
0x0000016845fd0000 - 0x0000016845fd3000 	C:\Users\Lynneth Dela Cerna\Downloads\openjfx-23_windows-x64_bin-sdk\javafx-sdk-23\bin\api-ms-win-crt-time-l1-1-0.dll
0x0000016845fe0000 - 0x0000016845fe3000 	C:\Users\Lynneth Dela Cerna\Downloads\openjfx-23_windows-x64_bin-sdk\javafx-sdk-23\bin\api-ms-win-crt-utility-l1-1-0.dll
0x00007ffe882e0000 - 0x00007ffe883dc000 	C:\Users\Lynneth Dela Cerna\Downloads\openjfx-23_windows-x64_bin-sdk\javafx-sdk-23\bin\ucrtbase.dll
0x00007ffe8b940000 - 0x00007ffe8b95b000 	C:\Users\Lynneth Dela Cerna\Downloads\openjfx-23_windows-x64_bin-sdk\javafx-sdk-23\bin\vcruntime140.dll
0x00007ffe8b930000 - 0x00007ffe8b93c000 	C:\Users\Lynneth Dela Cerna\Downloads\openjfx-23_windows-x64_bin-sdk\javafx-sdk-23\bin\vcruntime140_1.dll
0x00007ffe88250000 - 0x00007ffe882de000 	C:\Users\Lynneth Dela Cerna\Downloads\openjfx-23_windows-x64_bin-sdk\javafx-sdk-23\bin\msvcp140.dll
0x00007ffe8b920000 - 0x00007ffe8b929000 	C:\Users\Lynneth Dela Cerna\Downloads\openjfx-23_windows-x64_bin-sdk\javafx-sdk-23\bin\msvcp140_1.dll
0x00007ffe7c3a0000 - 0x00007ffe7c3e1000 	C:\Users\Lynneth Dela Cerna\Downloads\openjfx-23_windows-x64_bin-sdk\javafx-sdk-23\bin\msvcp140_2.dll
0x00007ffe7c370000 - 0x00007ffe7c3a0000 	C:\Users\Lynneth Dela Cerna\Downloads\openjfx-23_windows-x64_bin-sdk\javafx-sdk-23\bin\prism_d3d.dll
0x00007ffe3ea50000 - 0x00007ffe3ebf8000 	C:\WINDOWS\system32\d3d9.dll
0x00007ffea5b90000 - 0x00007ffea5bbb000 	C:\WINDOWS\SYSTEM32\dwmapi.dll
0x00007ffea5a20000 - 0x00007ffea5a57000 	C:\WINDOWS\SYSTEM32\dxcore.dll
0x00007ffea5840000 - 0x00007ffea58f1000 	C:\WINDOWS\system32\uxtheme.dll
0x00007ffe8b2e0000 - 0x00007ffe8b390000 	C:\WINDOWS\SYSTEM32\d3d9on12.dll
0x00007ffea5a80000 - 0x00007ffea5b77000 	C:\WINDOWS\SYSTEM32\dxgi.dll
0x00007ffe9d9e0000 - 0x00007ffe9da06000 	C:\WINDOWS\SYSTEM32\d3d12.dll
0x00007ffea84c0000 - 0x00007ffea850e000 	C:\WINDOWS\SYSTEM32\cfgmgr32.dll
0x00007ffe60c10000 - 0x00007ffe60e12000 	C:\WINDOWS\SYSTEM32\D3D12Core.dll
0x00007ffe61710000 - 0x00007ffe61803000 	C:\WINDOWS\System32\DriverStore\FileRepository\iigd_dch.inf_amd64_46a183a099a0cf25\igd12umd64.dll
0x00007ffe2c920000 - 0x00007ffe2dba5000 	C:\WINDOWS\System32\DriverStore\FileRepository\iigd_dch.inf_amd64_46a183a099a0cf25\igd12um64xel.dll
0x00007ffea9100000 - 0x00007ffea9266000 	C:\WINDOWS\System32\CRYPT32.dll
0x00007ffe96950000 - 0x00007ffe96ab2000 	C:\WINDOWS\SYSTEM32\drvstore.dll
0x00007ffe9d9b0000 - 0x00007ffe9d9d6000 	C:\WINDOWS\System32\DriverStore\FileRepository\iigd_dch.inf_amd64_46a183a099a0cf25\igdext64.dll
0x00007ffe7cb80000 - 0x00007ffe7cbc9000 	C:\WINDOWS\SYSTEM32\ControlLib.dll
0x00007ffe99ba0000 - 0x00007ffe99c31000 	C:\WINDOWS\System32\DriverStore\FileRepository\iigd_dch.inf_amd64_46a183a099a0cf25\IntelControlLib.dll
0x00007ffe9d850000 - 0x00007ffe9d899000 	C:\WINDOWS\SYSTEM32\directxdatabasehelper.dll
0x00007ffe97cf0000 - 0x00007ffe9812e000 	C:\WINDOWS\System32\DriverStore\FileRepository\iigd_dch.inf_amd64_46a183a099a0cf25\igdgmm64.dll
0x00007ffe90450000 - 0x00007ffe944a4000 	C:\WINDOWS\System32\DriverStore\FileRepository\iigd_dch.inf_amd64_46a183a099a0cf25\igc64.dll
0x00007ffe8e1c0000 - 0x00007ffe8e1ef000 	C:\WINDOWS\SYSTEM32\D3DSCache.dll
0x00007ffea7de0000 - 0x00007ffea7e08000 	C:\WINDOWS\SYSTEM32\USERENV.dll
0x00007ffe60900000 - 0x00007ffe60c0c000 	C:\WINDOWS\System32\DriverStore\FileRepository\iigd_dch.inf_amd64_46a183a099a0cf25\igd12dxva64.dll
0x00007ffeaaba0000 - 0x00007ffeab014000 	C:\WINDOWS\System32\SETUPAPI.dll
0x00007ffe73380000 - 0x00007ffe7455d000 	C:\WINDOWS\System32\DriverStore\FileRepository\iigd_dch.inf_amd64_46a183a099a0cf25\igddxvacommon64.dll
0x00007ffe71650000 - 0x00007ffe7337b000 	C:\WINDOWS\System32\DriverStore\FileRepository\iigd_dch.inf_amd64_46a183a099a0cf25\media_bin_64.dll
0x00007ffe71620000 - 0x00007ffe71647000 	C:\WINDOWS\System32\DriverStore\FileRepository\iigd_dch.inf_amd64_46a183a099a0cf25\igdinfo64.dll
0x00007ffe7c320000 - 0x00007ffe7c365000 	C:\Users\Lynneth Dela Cerna\Downloads\openjfx-23_windows-x64_bin-sdk\javafx-sdk-23\bin\glass.dll
0x00007ffeaa0e0000 - 0x00007ffeaa1df000 	C:\WINDOWS\System32\COMDLG32.dll
0x00007ffea96e0000 - 0x00007ffea9840000 	C:\WINDOWS\System32\MSCTF.dll
0x00007ffea9fe0000 - 0x00007ffeaa090000 	C:\WINDOWS\System32\clbcatq.dll
0x00007ffe8ace0000 - 0x00007ffe8ae59000 	C:\Windows\System32\Windows.UI.dll
0x00007ffe8b530000 - 0x00007ffe8b6a5000 	C:\Windows\System32\Windows.UI.Immersive.dll

dbghelp: loaded successfully - version: 4.0.5 - missing functions: none
symbol engine: initialized successfully - sym options: 0x614 - pdb path: .;C:\Program Files\Java\jdk-23\bin;C:\WINDOWS\SYSTEM32;C:\WINDOWS\WinSxS\amd64_microsoft.windows.common-controls_6595b64144ccf1df_6.0.22621.4391_none_2715d37f73803e96;C:\Program Files\Java\jdk-23\bin\server;C:\Users\Lynneth Dela Cerna\Downloads\openjfx-23_windows-x64_bin-sdk\javafx-sdk-23\bin;C:\WINDOWS\System32\DriverStore\FileRepository\iigd_dch.inf_amd64_46a183a099a0cf25

VM Arguments:
jvm_args: -Dfile.encoding=UTF-8 --module-path=C:\Java\javafx-sdk-23\lb --add-modules=javafx.controls,javafx.fxml --module-path=C:\Users\Lynneth Dela Cerna\Downloads\openjfx-23_windows-x64_bin-sdk\javafx-sdk-23\lib\javafx-swt.jar;C:\Users\Lynneth Dela Cerna\Downloads\openjfx-23_windows-x64_bin-sdk\javafx-sdk-23\lib\javafx.base.jar;C:\Users\Lynneth Dela Cerna\Downloads\openjfx-23_windows-x64_bin-sdk\javafx-sdk-23\lib\javafx.controls.jar;C:\Users\Lynneth Dela Cerna\Downloads\openjfx-23_windows-x64_bin-sdk\javafx-sdk-23\lib\javafx.fxml.jar;C:\Users\Lynneth Dela Cerna\Downloads\openjfx-23_windows-x64_bin-sdk\javafx-sdk-23\lib\javafx.graphics.jar;C:\Users\Lynneth Dela Cerna\Downloads\openjfx-23_windows-x64_bin-sdk\javafx-sdk-23\lib\javafx.media.jar;C:\Users\Lynneth Dela Cerna\Downloads\openjfx-23_windows-x64_bin-sdk\javafx-sdk-23\lib\javafx.swing.jar;C:\Users\Lynneth Dela Cerna\Downloads\openjfx-23_windows-x64_bin-sdk\javafx-sdk-23\lib\javafx.web.jar 
java_command: IDE.JavaFXMainClass
java_class_path (initial): C:\Users\Lynneth Dela Cerna\Downloads\openjfx-23_windows-x64_bin-sdk\javafx-sdk-23\lib\javafx-swt.jar;C:\Users\Lynneth Dela Cerna\Downloads\openjfx-23_windows-x64_bin-sdk\javafx-sdk-23\lib\javafx.base.jar;C:\Users\Lynneth Dela Cerna\Downloads\openjfx-23_windows-x64_bin-sdk\javafx-sdk-23\lib\javafx.controls.jar;C:\Users\Lynneth Dela Cerna\Downloads\openjfx-23_windows-x64_bin-sdk\javafx-sdk-23\lib\javafx.fxml.jar;C:\Users\Lynneth Dela Cerna\Downloads\openjfx-23_windows-x64_bin-sdk\javafx-sdk-23\lib\javafx.graphics.jar;C:\Users\Lynneth Dela Cerna\Downloads\openjfx-23_windows-x64_bin-sdk\javafx-sdk-23\lib\javafx.media.jar;C:\Users\Lynneth Dela Cerna\Downloads\openjfx-23_windows-x64_bin-sdk\javafx-sdk-23\lib\javafx.swing.jar;C:\Users\Lynneth Dela Cerna\Downloads\openjfx-23_windows-x64_bin-sdk\javafx-sdk-23\lib\javafx.web.jar;C:\Users\Lynneth Dela Cerna\Documents\NetBeansProjects\V-12\build\classes
Launcher Type: SUN_STANDARD

[Global flags]
     intx CICompilerCount                          = 4                                         {product} {ergonomic}
     uint ConcGCThreads                            = 3                                         {product} {ergonomic}
     uint G1ConcRefinementThreads                  = 10                                        {product} {ergonomic}
   size_t G1HeapRegionSize                         = 1048576                                   {product} {ergonomic}
   size_t InitialHeapSize                          = 130023424                                 {product} {ergonomic}
   size_t MarkStackSize                            = 4194304                                   {product} {ergonomic}
   size_t MarkStackSizeMax                         = 536870912                                 {product} {ergonomic}
   size_t MaxHeapSize                              = 2061500416                                {product} {ergonomic}
   size_t MaxNewSize                               = 1236271104                                {product} {ergonomic}
   size_t MinHeapDeltaBytes                        = 1048576                                   {product} {ergonomic}
   size_t MinHeapSize                              = 8388608                                   {product} {ergonomic}
    uintx NonNMethodCodeHeapSize                   = 5832704                                {pd product} {ergonomic}
    uintx NonProfiledCodeHeapSize                  = 122945536                              {pd product} {ergonomic}
    uintx ProfiledCodeHeapSize                     = 122880000                              {pd product} {ergonomic}
    uintx ReservedCodeCacheSize                    = 251658240                              {pd product} {ergonomic}
     bool SegmentedCodeCache                       = true                                      {product} {ergonomic}
   size_t SoftMaxHeapSize                          = 2061500416                             {manageable} {ergonomic}
     bool UseCompressedOops                        = true                           {product lp64_product} {ergonomic}
     bool UseG1GC                                  = true                                      {product} {ergonomic}
     bool UseLargePagesIndividualAllocation        = false                                  {pd product} {ergonomic}

Logging:
Log output configuration:
 #0: stdout all=warning uptime,level,tags foldmultilines=false
 #1: stderr all=off uptime,level,tags foldmultilines=false

Environment Variables:
PATH=C:\Program Files\Common Files\Oracle\Java\javapath;C:\Program Files (x86)\Common Files\Oracle\Java\java8path;C:\Program Files (x86)\Common Files\Oracle\Java\javapath;C:\Program Files\Microsoft\jdk-11.0.12.7-hotspot\bin;C:\windows\system32;C:\windows;C:\windows\System32\Wbem;C:\windows\System32\WindowsPowerShell\v1.0\;C:\windows\System32\OpenSSH\;C:\Program Files\dotnet\;\msys64\mingw64\bin;C:\msys64\mingw64;C:\WINDOWS\system32;C:\WINDOWS;C:\WINDOWS\System32\Wbem;C:\WINDOWS\System32\WindowsPowerShell\v1.0\;C:\WINDOWS\System32\OpenSSH\;C:\ProgramData\chocolatey\bin;C:\Program Files\swipl\bin;C:\Program Files\Microsoft SQL Server\150\Tools\Binn\;C:\Program Files\Microsoft SQL Server\Client SDK\ODBC\170\Tools\Binn\;C:\Program Files (x86)\Windows Kits\10\Windows Performance Toolkit\;C:\Program Files\Git\cmd;C:\Program Files\nodejs\;C:\Users\Lynneth Dela Cerna\AppData\Local\Microsoft\WindowsApps;C:\Users\Lynneth Dela Cerna\AppData\Local\Programs\Microsoft VS Code\bin;C:\Users\Lynneth Dela Cerna\.dotnet\tools;C:\ghcup\bin;C:\Users\Lynneth Dela Cerna\AppData\Local\GitHubDesktop\bin;C:\Users\Lynneth Dela Cerna\AppData\Roaming\npm
USERNAME=Lynneth Dela Cerna
OS=Windows_NT
PROCESSOR_IDENTIFIER=Intel64 Family 6 Model 154 Stepping 4, GenuineIntel
TMP=C:\Users\LYNNET~1\AppData\Local\Temp
TEMP=C:\Users\LYNNET~1\AppData\Local\Temp




Periodic native trim disabled

---------------  S Y S T E M  ---------------

OS:
 Windows 11 , 64 bit Build 22621 (10.0.22621.4391)
OS uptime: 11 days 15:37 hours
Hyper-V role detected

CPU: total 12 (initial active 12) (6 cores per cpu, 2 threads per core) family 6 model 154 stepping 4 microcode 0x42c, cx8, cmov, fxsr, ht, mmx, 3dnowpref, sse, sse2, sse3, ssse3, sse4.1, sse4.2, popcnt, lzcnt, tsc, tscinvbit, avx, avx2, aes, erms, clmul, bmi1, bmi2, adx, sha, fma, vzeroupper, clflush, clflushopt, clwb, hv, serialize, rdtscp, rdpid, fsrm, gfni, f16c, cet_ibt, cet_ss
Processor Information for processor 0
  Max Mhz: 1300, Current Mhz: 1300, Mhz Limit: 1300
Processor Information for processor 1
  Max Mhz: 1300, Current Mhz: 1300, Mhz Limit: 1300
Processor Information for processor 2
  Max Mhz: 1300, Current Mhz: 1300, Mhz Limit: 1300
Processor Information for processor 3
  Max Mhz: 1300, Current Mhz: 1300, Mhz Limit: 1300
Processor Information for processor 4
  Max Mhz: 1300, Current Mhz: 900, Mhz Limit: 897
Processor Information for processor 5
  Max Mhz: 1300, Current Mhz: 900, Mhz Limit: 897
Processor Information for processor 6
  Max Mhz: 1300, Current Mhz: 900, Mhz Limit: 897
Processor Information for processor 7
  Max Mhz: 1300, Current Mhz: 900, Mhz Limit: 897
Processor Information for processor 8
  Max Mhz: 1300, Current Mhz: 900, Mhz Limit: 897
Processor Information for processor 9
  Max Mhz: 1300, Current Mhz: 900, Mhz Limit: 897
Processor Information for processor 10
  Max Mhz: 1300, Current Mhz: 900, Mhz Limit: 897
Processor Information for processor 11
  Max Mhz: 1300, Current Mhz: 900, Mhz Limit: 897

Memory: 4k page, system-wide physical 7863M (45M free)
TotalPageFile size 32206M (AvailPageFile size 294M)
current process WorkingSet (physical memory assigned to process): 389M, peak: 389M
current process commit charge ("private bytes"): 649M, peak: 1263M

vm_info: Java HotSpot(TM) 64-Bit Server VM (23+37-2369) for windows-amd64 JRE (23+37-2369), built on 2024-08-20T16:01:23Z with MS VC++ 17.6 (VS2022)

END.
