#
# There is insufficient memory for the Java Runtime Environment to continue.
# Native memory allocation (malloc) failed to allocate 1212128 bytes. Error detail: Chunk::new
# Possible reasons:
#   The system is out of physical RAM or swap space
#   This process is running with CompressedOops enabled, and the Java Heap may be blocking the growth of the native heap
# Possible solutions:
#   Reduce memory load on the system
#   Increase physical memory or swap space
#   Check if swap backing store is full
#   Decrease Java heap size (-Xmx/-Xms)
#   Decrease number of Java threads
#   Decrease Java thread stack sizes (-Xss)
#   Set larger code cache with -XX:ReservedCodeCacheSize=
#   JVM is running with Unscaled Compressed Oops mode in which the Java heap is
#     placed in the first 4GB address space. The Java Heap base address is the
#     maximum limit for the native heap growth. Please use -XX:HeapBaseMinAddress
#     to set the Java Heap base and to place the Java Heap above 4GB virtual address.
# This output file may be truncated or incomplete.
#
#  Out of Memory Error (arena.cpp:149), pid=8196, tid=18944
#
# JRE version: Java(TM) SE Runtime Environment (23.0+37) (build 23+37-2369)
# Java VM: Java HotSpot(TM) 64-Bit Server VM (23+37-2369, mixed mode, sharing, tiered, compressed oops, compressed class ptrs, g1 gc, windows-amd64)
# No core dump will be written. Minidumps are not enabled by default on client versions of Windows
#

---------------  S U M M A R Y ------------

Command Line: -Dfile.encoding=UTF-8 --module-path=C:\Java\javafx-sdk-23\lb --add-modules=javafx.controls,javafx.fxml --module-path=C:\Users\Lynneth Dela Cerna\Downloads\openjfx-23_windows-x64_bin-sdk\javafx-sdk-23\lib\javafx-swt.jar;C:\Users\Lynneth Dela Cerna\Downloads\openjfx-23_windows-x64_bin-sdk\javafx-sdk-23\lib\javafx.base.jar;C:\Users\Lynneth Dela Cerna\Downloads\openjfx-23_windows-x64_bin-sdk\javafx-sdk-23\lib\javafx.controls.jar;C:\Users\Lynneth Dela Cerna\Downloads\openjfx-23_windows-x64_bin-sdk\javafx-sdk-23\lib\javafx.fxml.jar;C:\Users\Lynneth Dela Cerna\Downloads\openjfx-23_windows-x64_bin-sdk\javafx-sdk-23\lib\javafx.graphics.jar;C:\Users\Lynneth Dela Cerna\Downloads\openjfx-23_windows-x64_bin-sdk\javafx-sdk-23\lib\javafx.media.jar;C:\Users\Lynneth Dela Cerna\Downloads\openjfx-23_windows-x64_bin-sdk\javafx-sdk-23\lib\javafx.swing.jar;C:\Users\Lynneth Dela Cerna\Downloads\openjfx-23_windows-x64_bin-sdk\javafx-sdk-23\lib\javafx.web.jar IDE.JavaFXMainClass

Host: 12th Gen Intel(R) Core(TM) i5-1235U, 12 cores, 7G,  Windows 11 , 64 bit Build 22621 (10.0.22621.4391)
Time: Wed Dec  4 12:56:19 2024 Malay Peninsula Standard Time elapsed time: 1401.649870 seconds (0d 0h 23m 21s)

---------------  T H R E A D  ---------------

Current thread (0x00000213e6124d00):  JavaThread "C2 CompilerThread0" daemon [_thread_in_native, id=18944, stack(0x000000ccdf000000,0x000000ccdf100000) (1024K)]


Current CompileTask:
C2:1401650 4952 %     4       com.sun.marlin.Renderer::_endRendering @ 787 (2639 bytes)

Stack: [0x000000ccdf000000,0x000000ccdf100000]
Native frames: (J=compiled Java code, j=interpreted, Vv=VM code, C=native code)
V  [jvm.dll+0x6e08a9]  (no source info available)
V  [jvm.dll+0x87da63]  (no source info available)
V  [jvm.dll+0x87feee]  (no source info available)
V  [jvm.dll+0x8805c3]  (no source info available)
V  [jvm.dll+0x27aee6]  (no source info available)
V  [jvm.dll+0xbc06f]  (no source info available)
V  [jvm.dll+0xbc2cb]  (no source info available)
V  [jvm.dll+0x3b3a9c]  (no source info available)
V  [jvm.dll+0x1dc19c]  (no source info available)
V  [jvm.dll+0x244be5]  (no source info available)
V  [jvm.dll+0x243dff]  (no source info available)
V  [jvm.dll+0x1c33a0]  (no source info available)
V  [jvm.dll+0x253cf1]  (no source info available)
V  [jvm.dll+0x251faa]  (no source info available)
V  [jvm.dll+0x3ee036]  (no source info available)
V  [jvm.dll+0x824f1b]  (no source info available)
V  [jvm.dll+0x6df055]  (no source info available)
C  [ucrtbase.dll+0x29333]  (no source info available)
C  [KERNEL32.DLL+0x1259d]  (no source info available)
C  [ntdll.dll+0x5af38]  (no source info available)

Lock stack of current Java thread (top to bottom):


---------------  P R O C E S S  ---------------

Threads class SMR info:
_java_thread_list=0x00000213f9b3f680, length=18, elements={
0x00000213c91a5470, 0x00000213e60e6cd0, 0x00000213e60eb1c0, 0x00000213e60f0dc0,
0x00000213e60f1820, 0x00000213e60f4a10, 0x00000213e60fd480, 0x00000213e6124d00,
0x00000213e61257b0, 0x00000213c50d9df0, 0x00000213c597cc50, 0x00000213e62b5d70,
0x00000213e6490650, 0x00000213e64b3ff0, 0x00000213e66626f0, 0x00000213e665fb80,
0x00000213e703a350, 0x00000213e703b700
}

Java Threads: ( => current thread )
  0x00000213c91a5470 JavaThread "main"                              [_thread_blocked, id=12632, stack(0x000000ccde200000,0x000000ccde300000) (1024K)]
  0x00000213e60e6cd0 JavaThread "Reference Handler"          daemon [_thread_blocked, id=16636, stack(0x000000ccdea00000,0x000000ccdeb00000) (1024K)]
  0x00000213e60eb1c0 JavaThread "Finalizer"                  daemon [_thread_blocked, id=12132, stack(0x000000ccdeb00000,0x000000ccdec00000) (1024K)]
  0x00000213e60f0dc0 JavaThread "Signal Dispatcher"          daemon [_thread_blocked, id=15328, stack(0x000000ccdec00000,0x000000ccded00000) (1024K)]
  0x00000213e60f1820 JavaThread "Attach Listener"            daemon [_thread_blocked, id=10384, stack(0x000000ccded00000,0x000000ccdee00000) (1024K)]
  0x00000213e60f4a10 JavaThread "Service Thread"             daemon [_thread_blocked, id=6316, stack(0x000000ccdee00000,0x000000ccdef00000) (1024K)]
  0x00000213e60fd480 JavaThread "Monitor Deflation Thread"   daemon [_thread_blocked, id=11192, stack(0x000000ccdef00000,0x000000ccdf000000) (1024K)]
=>0x00000213e6124d00 JavaThread "C2 CompilerThread0"         daemon [_thread_in_native, id=18944, stack(0x000000ccdf000000,0x000000ccdf100000) (1024K)]
  0x00000213e61257b0 JavaThread "C1 CompilerThread0"         daemon [_thread_blocked, id=5980, stack(0x000000ccdf100000,0x000000ccdf200000) (1024K)]
  0x00000213c50d9df0 JavaThread "Common-Cleaner"             daemon [_thread_blocked, id=17668, stack(0x000000ccdf200000,0x000000ccdf300000) (1024K)]
  0x00000213c597cc50 JavaThread "Notification Thread"        daemon [_thread_blocked, id=16596, stack(0x000000ccdf500000,0x000000ccdf600000) (1024K)]
  0x00000213e62b5d70 JavaThread "QuantumRenderer-0"          daemon [_thread_blocked, id=21980, stack(0x000000ccdf300000,0x000000ccdf400000) (1024K)]
  0x00000213e6490650 JavaThread "InvokeLaterDispatcher"      daemon [_thread_blocked, id=20240, stack(0x000000ccdf900000,0x000000ccdfa00000) (1024K)]
  0x00000213e64b3ff0 JavaThread "JavaFX Application Thread"         [_thread_in_native, id=8744, stack(0x000000ccdfa00000,0x000000ccdfb00000) (1024K)]
  0x00000213e66626f0 JavaThread "JavaFX-Launcher"                   [_thread_blocked, id=20692, stack(0x000000ccdfd00000,0x000000ccdfe00000) (1024K)]
  0x00000213e665fb80 JavaThread "Thread-2"                   daemon [_thread_in_native, id=9940, stack(0x000000ccdfc00000,0x000000ccdfd00000) (1024K)]
  0x00000213e703a350 JavaThread "Prism Font Disposer"        daemon [_thread_blocked, id=13292, stack(0x000000cce0e00000,0x000000cce0f00000) (1024K)]
  0x00000213e703b700 JavaThread "Cleaner-0"                  daemon [_thread_blocked, id=8356, stack(0x000000cce0f00000,0x000000cce1000000) (1024K)]
Total: 18

Other Threads:
  0x00000213e60cfc40 VMThread "VM Thread"                           [id=21424, stack(0x000000ccde900000,0x000000ccdea00000) (1024K)]
  0x00000213e60bd810 WatcherThread "VM Periodic Task Thread"        [id=4204, stack(0x000000ccde800000,0x000000ccde900000) (1024K)]
  0x00000213c91f7660 WorkerThread "GC Thread#0"                     [id=3440, stack(0x000000ccde300000,0x000000ccde400000) (1024K)]
  0x00000213e676f550 WorkerThread "GC Thread#1"                     [id=13284, stack(0x000000ccdff00000,0x000000cce0000000) (1024K)]
  0x00000213e676f900 WorkerThread "GC Thread#2"                     [id=9576, stack(0x000000cce0000000,0x000000cce0100000) (1024K)]
  0x00000213e66ef720 WorkerThread "GC Thread#3"                     [id=22408, stack(0x000000cce0100000,0x000000cce0200000) (1024K)]
  0x00000213e66efad0 WorkerThread "GC Thread#4"                     [id=1840, stack(0x000000cce0200000,0x000000cce0300000) (1024K)]
  0x00000213e66efe80 WorkerThread "GC Thread#5"                     [id=11604, stack(0x000000cce0300000,0x000000cce0400000) (1024K)]
  0x00000213e67d4520 WorkerThread "GC Thread#6"                     [id=16716, stack(0x000000ccdfe00000,0x000000ccdff00000) (1024K)]
  0x00000213e67d2b50 WorkerThread "GC Thread#7"                     [id=20856, stack(0x000000cce0400000,0x000000cce0500000) (1024K)]
  0x00000213e69485b0 WorkerThread "GC Thread#8"                     [id=16232, stack(0x000000cce0700000,0x000000cce0800000) (1024K)]
  0x00000213e6949820 WorkerThread "GC Thread#9"                     [id=13048, stack(0x000000cce0800000,0x000000cce0900000) (1024K)]
  0x00000213c920bfa0 ConcurrentGCThread "G1 Main Marker"            [id=11012, stack(0x000000ccde400000,0x000000ccde500000) (1024K)]
  0x00000213c920cab0 WorkerThread "G1 Conc#0"                       [id=18932, stack(0x000000ccde500000,0x000000ccde600000) (1024K)]
  0x00000213e67d2f00 WorkerThread "G1 Conc#1"                       [id=16328, stack(0x000000cce0500000,0x000000cce0600000) (1024K)]
  0x00000213e6946830 WorkerThread "G1 Conc#2"                       [id=10368, stack(0x000000cce0600000,0x000000cce0700000) (1024K)]
  0x00000213c925e650 ConcurrentGCThread "G1 Refine#0"               [id=7308, stack(0x000000ccde600000,0x000000ccde700000) (1024K)]
  0x00000213e5f93000 ConcurrentGCThread "G1 Service"                [id=3972, stack(0x000000ccde700000,0x000000ccde800000) (1024K)]
Total: 18

Threads with active compile tasks:
C2 CompilerThread0  1401764 4952 %     4       com.sun.marlin.Renderer::_endRendering @ 787 (2639 bytes)
Total: 1

VM state: not at safepoint (normal execution)

VM Mutex/Monitor currently owned by a thread: None

Heap address: 0x0000000085200000, size: 1966 MB, Compressed Oops mode: 32-bit

CDS archive(s) mapped at: [0x0000021380000000-0x0000021380d70000-0x0000021380d70000), size 14090240, SharedBaseAddress: 0x0000021380000000, ArchiveRelocationMode: 1.
Compressed class space mapped at: 0x0000021381000000-0x00000213c1000000, reserved size: 1073741824
Narrow klass base: 0x0000021380000000, Narrow klass shift: 0, Narrow klass range: 0x41000000

GC Precious Log:
 CardTable entry size: 512
 Card Set container configuration: InlinePtr #cards 5 size 8 Array Of Cards #cards 10 size 36 Howl #buckets 4 coarsen threshold 1843 Howl Bitmap #cards 512 size 80 coarsen threshold 460 Card regions per heap region 1 cards per card region 2048
 CPUs: 12 total, 12 available
 Memory: 7863M
 Large Page Support: Disabled
 NUMA Support: Disabled
 Compressed Oops: Enabled (32-bit)
 Heap Region Size: 1M
 Heap Min Capacity: 8M
 Heap Initial Capacity: 124M
 Heap Max Capacity: 1966M
 Pre-touch: Disabled
 Parallel Workers: 10
 Concurrent Workers: 3
 Concurrent Refinement Workers: 10
 Periodic GC: Disabled

Heap:
 garbage-first heap   total reserved 2013184K, committed 1012736K, used 634095K [0x0000000085200000, 0x0000000100000000)
  region size 1024K, 42 young (43008K), 8 survivors (8192K)
 Metaspace       used 21482K, committed 21824K, reserved 1114112K
  class space    used 3301K, committed 3456K, reserved 1048576K

Heap Regions: E=young(eden), S=young(survivor), O=old, HS=humongous(starts), HC=humongous(continues), CS=collection set, F=free, TAMS=top-at-mark-start, PB=parsable bottom
|   0|0x0000000085200000, 0x0000000085300000, 0x0000000085300000|100%|HS|  |TAMS 0x0000000085200000| PB 0x0000000085200000| Complete |  0
|   1|0x0000000085300000, 0x0000000085400000, 0x0000000085400000|100%|HC|  |TAMS 0x0000000085300000| PB 0x0000000085300000| Complete |  0
|   2|0x0000000085400000, 0x0000000085500000, 0x0000000085500000|100%|HC|  |TAMS 0x0000000085400000| PB 0x0000000085400000| Complete |  0
|   3|0x0000000085500000, 0x0000000085600000, 0x0000000085600000|100%|HC|  |TAMS 0x0000000085500000| PB 0x0000000085500000| Complete |  0
|   4|0x0000000085600000, 0x0000000085700000, 0x0000000085700000|100%|HC|  |TAMS 0x0000000085600000| PB 0x0000000085600000| Complete |  0
|   5|0x0000000085700000, 0x0000000085800000, 0x0000000085800000|100%|HS|  |TAMS 0x0000000085700000| PB 0x0000000085700000| Complete |  0
|   6|0x0000000085800000, 0x0000000085900000, 0x0000000085900000|100%|HC|  |TAMS 0x0000000085800000| PB 0x0000000085800000| Complete |  0
|   7|0x0000000085900000, 0x0000000085a00000, 0x0000000085a00000|100%|HS|  |TAMS 0x0000000085900000| PB 0x0000000085900000| Complete |  0
|   8|0x0000000085a00000, 0x0000000085b00000, 0x0000000085b00000|100%|HS|  |TAMS 0x0000000085a00000| PB 0x0000000085a00000| Complete |  0
|   9|0x0000000085b00000, 0x0000000085c00000, 0x0000000085c00000|100%|HC|  |TAMS 0x0000000085b00000| PB 0x0000000085b00000| Complete |  0
|  10|0x0000000085c00000, 0x0000000085d00000, 0x0000000085d00000|100%|HC|  |TAMS 0x0000000085c00000| PB 0x0000000085c00000| Complete |  0
|  11|0x0000000085d00000, 0x0000000085e00000, 0x0000000085e00000|100%|HC|  |TAMS 0x0000000085d00000| PB 0x0000000085d00000| Complete |  0
|  12|0x0000000085e00000, 0x0000000085f00000, 0x0000000085f00000|100%|HC|  |TAMS 0x0000000085e00000| PB 0x0000000085e00000| Complete |  0
|  13|0x0000000085f00000, 0x0000000086000000, 0x0000000086000000|100%|HS|  |TAMS 0x0000000085f00000| PB 0x0000000085f00000| Complete |  0
|  14|0x0000000086000000, 0x0000000086100000, 0x0000000086100000|100%|HC|  |TAMS 0x0000000086000000| PB 0x0000000086000000| Complete |  0
|  15|0x0000000086100000, 0x0000000086200000, 0x0000000086200000|100%|HC|  |TAMS 0x0000000086100000| PB 0x0000000086100000| Complete |  0
|  16|0x0000000086200000, 0x0000000086300000, 0x0000000086300000|100%|HC|  |TAMS 0x0000000086200000| PB 0x0000000086200000| Complete |  0
|  17|0x0000000086300000, 0x0000000086400000, 0x0000000086400000|100%|HC|  |TAMS 0x0000000086300000| PB 0x0000000086300000| Complete |  0
|  18|0x0000000086400000, 0x0000000086500000, 0x0000000086500000|100%|HS|  |TAMS 0x0000000086400000| PB 0x0000000086400000| Complete |  0
|  19|0x0000000086500000, 0x0000000086600000, 0x0000000086600000|100%|HC|  |TAMS 0x0000000086500000| PB 0x0000000086500000| Complete |  0
|  20|0x0000000086600000, 0x0000000086700000, 0x0000000086700000|100%|HC|  |TAMS 0x0000000086600000| PB 0x0000000086600000| Complete |  0
|  21|0x0000000086700000, 0x0000000086800000, 0x0000000086800000|100%|HC|  |TAMS 0x0000000086700000| PB 0x0000000086700000| Complete |  0
|  22|0x0000000086800000, 0x0000000086900000, 0x0000000086900000|100%|HC|  |TAMS 0x0000000086800000| PB 0x0000000086800000| Complete |  0
|  23|0x0000000086900000, 0x0000000086a00000, 0x0000000086a00000|100%|HS|  |TAMS 0x0000000086900000| PB 0x0000000086900000| Complete |  0
|  24|0x0000000086a00000, 0x0000000086b00000, 0x0000000086b00000|100%|HC|  |TAMS 0x0000000086a00000| PB 0x0000000086a00000| Complete |  0
|  25|0x0000000086b00000, 0x0000000086c00000, 0x0000000086c00000|100%|HC|  |TAMS 0x0000000086b00000| PB 0x0000000086b00000| Complete |  0
|  26|0x0000000086c00000, 0x0000000086d00000, 0x0000000086d00000|100%|HC|  |TAMS 0x0000000086c00000| PB 0x0000000086c00000| Complete |  0
|  27|0x0000000086d00000, 0x0000000086e00000, 0x0000000086e00000|100%|HC|  |TAMS 0x0000000086d00000| PB 0x0000000086d00000| Complete |  0
|  28|0x0000000086e00000, 0x0000000086f00000, 0x0000000086f00000|100%|HS|  |TAMS 0x0000000086e00000| PB 0x0000000086e00000| Complete |  0
|  29|0x0000000086f00000, 0x0000000087000000, 0x0000000087000000|100%|HC|  |TAMS 0x0000000086f00000| PB 0x0000000086f00000| Complete |  0
|  30|0x0000000087000000, 0x0000000087100000, 0x0000000087100000|100%|HC|  |TAMS 0x0000000087000000| PB 0x0000000087000000| Complete |  0
|  31|0x0000000087100000, 0x0000000087200000, 0x0000000087200000|100%|HC|  |TAMS 0x0000000087100000| PB 0x0000000087100000| Complete |  0
|  32|0x0000000087200000, 0x0000000087300000, 0x0000000087300000|100%|HC|  |TAMS 0x0000000087200000| PB 0x0000000087200000| Complete |  0
|  33|0x0000000087300000, 0x0000000087400000, 0x0000000087400000|100%|HS|  |TAMS 0x0000000087300000| PB 0x0000000087300000| Complete |  0
|  34|0x0000000087400000, 0x0000000087500000, 0x0000000087500000|100%|HC|  |TAMS 0x0000000087400000| PB 0x0000000087400000| Complete |  0
|  35|0x0000000087500000, 0x0000000087600000, 0x0000000087600000|100%|HC|  |TAMS 0x0000000087500000| PB 0x0000000087500000| Complete |  0
|  36|0x0000000087600000, 0x0000000087700000, 0x0000000087700000|100%|HC|  |TAMS 0x0000000087600000| PB 0x0000000087600000| Complete |  0
|  37|0x0000000087700000, 0x0000000087800000, 0x0000000087800000|100%|HC|  |TAMS 0x0000000087700000| PB 0x0000000087700000| Complete |  0
|  38|0x0000000087800000, 0x0000000087900000, 0x0000000087900000|100%|HS|  |TAMS 0x0000000087800000| PB 0x0000000087800000| Complete |  0
|  39|0x0000000087900000, 0x0000000087a00000, 0x0000000087a00000|100%|HC|  |TAMS 0x0000000087900000| PB 0x0000000087900000| Complete |  0
|  40|0x0000000087a00000, 0x0000000087b00000, 0x0000000087b00000|100%|HC|  |TAMS 0x0000000087a00000| PB 0x0000000087a00000| Complete |  0
|  41|0x0000000087b00000, 0x0000000087c00000, 0x0000000087c00000|100%|HC|  |TAMS 0x0000000087b00000| PB 0x0000000087b00000| Complete |  0
|  42|0x0000000087c00000, 0x0000000087d00000, 0x0000000087d00000|100%|HC|  |TAMS 0x0000000087c00000| PB 0x0000000087c00000| Complete |  0
|  43|0x0000000087d00000, 0x0000000087e00000, 0x0000000087e00000|100%|HS|  |TAMS 0x0000000087d00000| PB 0x0000000087d00000| Complete |  0
|  44|0x0000000087e00000, 0x0000000087f00000, 0x0000000087f00000|100%|HC|  |TAMS 0x0000000087e00000| PB 0x0000000087e00000| Complete |  0
|  45|0x0000000087f00000, 0x0000000088000000, 0x0000000088000000|100%|HC|  |TAMS 0x0000000087f00000| PB 0x0000000087f00000| Complete |  0
|  46|0x0000000088000000, 0x0000000088100000, 0x0000000088100000|100%|HC|  |TAMS 0x0000000088000000| PB 0x0000000088000000| Complete |  0
|  47|0x0000000088100000, 0x0000000088200000, 0x0000000088200000|100%|HC|  |TAMS 0x0000000088100000| PB 0x0000000088100000| Complete |  0
|  48|0x0000000088200000, 0x0000000088300000, 0x0000000088300000|100%|HS|  |TAMS 0x0000000088200000| PB 0x0000000088200000| Complete |  0
|  49|0x0000000088300000, 0x0000000088400000, 0x0000000088400000|100%|HC|  |TAMS 0x0000000088300000| PB 0x0000000088300000| Complete |  0
|  50|0x0000000088400000, 0x0000000088500000, 0x0000000088500000|100%|HC|  |TAMS 0x0000000088400000| PB 0x0000000088400000| Complete |  0
|  51|0x0000000088500000, 0x0000000088600000, 0x0000000088600000|100%|HC|  |TAMS 0x0000000088500000| PB 0x0000000088500000| Complete |  0
|  52|0x0000000088600000, 0x0000000088700000, 0x0000000088700000|100%|HC|  |TAMS 0x0000000088600000| PB 0x0000000088600000| Complete |  0
|  53|0x0000000088700000, 0x0000000088800000, 0x0000000088800000|100%| O|  |TAMS 0x0000000088700000| PB 0x0000000088700000| Untracked |  1
|  54|0x0000000088800000, 0x0000000088900000, 0x0000000088900000|100%| O|  |TAMS 0x0000000088800000| PB 0x0000000088800000| Untracked |  0
|  55|0x0000000088900000, 0x0000000088a00000, 0x0000000088a00000|100%| O|  |TAMS 0x0000000088900000| PB 0x0000000088900000| Untracked |  0
|  56|0x0000000088a00000, 0x0000000088b00000, 0x0000000088b00000|100%|HS|  |TAMS 0x0000000088a00000| PB 0x0000000088a00000| Complete |  0
|  57|0x0000000088b00000, 0x0000000088c00000, 0x0000000088c00000|100%|HC|  |TAMS 0x0000000088b00000| PB 0x0000000088b00000| Complete |  0
|  58|0x0000000088c00000, 0x0000000088d00000, 0x0000000088d00000|100%|HC|  |TAMS 0x0000000088c00000| PB 0x0000000088c00000| Complete |  0
|  59|0x0000000088d00000, 0x0000000088e00000, 0x0000000088e00000|100%|HC|  |TAMS 0x0000000088d00000| PB 0x0000000088d00000| Complete |  0
|  60|0x0000000088e00000, 0x0000000088f00000, 0x0000000088f00000|100%|HC|  |TAMS 0x0000000088e00000| PB 0x0000000088e00000| Complete |  0
|  61|0x0000000088f00000, 0x0000000089000000, 0x0000000089000000|100%|HS|  |TAMS 0x0000000088f00000| PB 0x0000000088f00000| Complete |  0
|  62|0x0000000089000000, 0x0000000089100000, 0x0000000089100000|100%|HC|  |TAMS 0x0000000089000000| PB 0x0000000089000000| Complete |  0
|  63|0x0000000089100000, 0x0000000089200000, 0x0000000089200000|100%|HC|  |TAMS 0x0000000089100000| PB 0x0000000089100000| Complete |  0
|  64|0x0000000089200000, 0x0000000089300000, 0x0000000089300000|100%|HC|  |TAMS 0x0000000089200000| PB 0x0000000089200000| Complete |  0
|  65|0x0000000089300000, 0x0000000089400000, 0x0000000089400000|100%|HC|  |TAMS 0x0000000089300000| PB 0x0000000089300000| Complete |  0
|  66|0x0000000089400000, 0x0000000089500000, 0x0000000089500000|100%|HS|  |TAMS 0x0000000089400000| PB 0x0000000089400000| Complete |  0
|  67|0x0000000089500000, 0x0000000089600000, 0x0000000089600000|100%|HC|  |TAMS 0x0000000089500000| PB 0x0000000089500000| Complete |  0
|  68|0x0000000089600000, 0x0000000089700000, 0x0000000089700000|100%|HC|  |TAMS 0x0000000089600000| PB 0x0000000089600000| Complete |  0
|  69|0x0000000089700000, 0x0000000089800000, 0x0000000089800000|100%|HC|  |TAMS 0x0000000089700000| PB 0x0000000089700000| Complete |  0
|  70|0x0000000089800000, 0x0000000089900000, 0x0000000089900000|100%|HC|  |TAMS 0x0000000089800000| PB 0x0000000089800000| Complete |  0
|  71|0x0000000089900000, 0x0000000089a00000, 0x0000000089a00000|100%|HS|  |TAMS 0x0000000089900000| PB 0x0000000089900000| Complete |  0
|  72|0x0000000089a00000, 0x0000000089b00000, 0x0000000089b00000|100%|HC|  |TAMS 0x0000000089a00000| PB 0x0000000089a00000| Complete |  0
|  73|0x0000000089b00000, 0x0000000089c00000, 0x0000000089c00000|100%|HC|  |TAMS 0x0000000089b00000| PB 0x0000000089b00000| Complete |  0
|  74|0x0000000089c00000, 0x0000000089d00000, 0x0000000089d00000|100%|HC|  |TAMS 0x0000000089c00000| PB 0x0000000089c00000| Complete |  0
|  75|0x0000000089d00000, 0x0000000089e00000, 0x0000000089e00000|100%|HC|  |TAMS 0x0000000089d00000| PB 0x0000000089d00000| Complete |  0
|  76|0x0000000089e00000, 0x0000000089f00000, 0x0000000089f00000|100%|HS|  |TAMS 0x0000000089e00000| PB 0x0000000089e00000| Complete |  0
|  77|0x0000000089f00000, 0x000000008a000000, 0x000000008a000000|100%|HC|  |TAMS 0x0000000089f00000| PB 0x0000000089f00000| Complete |  0
|  78|0x000000008a000000, 0x000000008a100000, 0x000000008a100000|100%|HC|  |TAMS 0x000000008a000000| PB 0x000000008a000000| Complete |  0
|  79|0x000000008a100000, 0x000000008a200000, 0x000000008a200000|100%|HC|  |TAMS 0x000000008a100000| PB 0x000000008a100000| Complete |  0
|  80|0x000000008a200000, 0x000000008a300000, 0x000000008a300000|100%|HC|  |TAMS 0x000000008a200000| PB 0x000000008a200000| Complete |  0
|  81|0x000000008a300000, 0x000000008a400000, 0x000000008a400000|100%|HS|  |TAMS 0x000000008a300000| PB 0x000000008a300000| Complete |  0
|  82|0x000000008a400000, 0x000000008a500000, 0x000000008a500000|100%|HC|  |TAMS 0x000000008a400000| PB 0x000000008a400000| Complete |  0
|  83|0x000000008a500000, 0x000000008a600000, 0x000000008a600000|100%|HC|  |TAMS 0x000000008a500000| PB 0x000000008a500000| Complete |  0
|  84|0x000000008a600000, 0x000000008a700000, 0x000000008a700000|100%|HC|  |TAMS 0x000000008a600000| PB 0x000000008a600000| Complete |  0
|  85|0x000000008a700000, 0x000000008a800000, 0x000000008a800000|100%|HC|  |TAMS 0x000000008a700000| PB 0x000000008a700000| Complete |  0
|  86|0x000000008a800000, 0x000000008a900000, 0x000000008a900000|100%|HS|  |TAMS 0x000000008a800000| PB 0x000000008a800000| Complete |  0
|  87|0x000000008a900000, 0x000000008aa00000, 0x000000008aa00000|100%|HC|  |TAMS 0x000000008a900000| PB 0x000000008a900000| Complete |  0
|  88|0x000000008aa00000, 0x000000008ab00000, 0x000000008ab00000|100%|HC|  |TAMS 0x000000008aa00000| PB 0x000000008aa00000| Complete |  0
|  89|0x000000008ab00000, 0x000000008ac00000, 0x000000008ac00000|100%|HC|  |TAMS 0x000000008ab00000| PB 0x000000008ab00000| Complete |  0
|  90|0x000000008ac00000, 0x000000008ad00000, 0x000000008ad00000|100%|HC|  |TAMS 0x000000008ac00000| PB 0x000000008ac00000| Complete |  0
|  91|0x000000008ad00000, 0x000000008ae00000, 0x000000008ae00000|100%|HS|  |TAMS 0x000000008ad00000| PB 0x000000008ad00000| Complete |  0
|  92|0x000000008ae00000, 0x000000008af00000, 0x000000008af00000|100%|HC|  |TAMS 0x000000008ae00000| PB 0x000000008ae00000| Complete |  0
|  93|0x000000008af00000, 0x000000008b000000, 0x000000008b000000|100%|HC|  |TAMS 0x000000008af00000| PB 0x000000008af00000| Complete |  0
|  94|0x000000008b000000, 0x000000008b100000, 0x000000008b100000|100%|HC|  |TAMS 0x000000008b000000| PB 0x000000008b000000| Complete |  0
|  95|0x000000008b100000, 0x000000008b200000, 0x000000008b200000|100%|HC|  |TAMS 0x000000008b100000| PB 0x000000008b100000| Complete |  0
|  96|0x000000008b200000, 0x000000008b300000, 0x000000008b300000|100%|HS|  |TAMS 0x000000008b200000| PB 0x000000008b200000| Complete |  0
|  97|0x000000008b300000, 0x000000008b400000, 0x000000008b400000|100%|HC|  |TAMS 0x000000008b300000| PB 0x000000008b300000| Complete |  0
|  98|0x000000008b400000, 0x000000008b500000, 0x000000008b500000|100%|HC|  |TAMS 0x000000008b400000| PB 0x000000008b400000| Complete |  0
|  99|0x000000008b500000, 0x000000008b600000, 0x000000008b600000|100%|HC|  |TAMS 0x000000008b500000| PB 0x000000008b500000| Complete |  0
| 100|0x000000008b600000, 0x000000008b700000, 0x000000008b700000|100%|HC|  |TAMS 0x000000008b600000| PB 0x000000008b600000| Complete |  0
| 101|0x000000008b700000, 0x000000008b800000, 0x000000008b800000|100%|HS|  |TAMS 0x000000008b700000| PB 0x000000008b700000| Complete |  0
| 102|0x000000008b800000, 0x000000008b900000, 0x000000008b900000|100%|HC|  |TAMS 0x000000008b800000| PB 0x000000008b800000| Complete |  0
| 103|0x000000008b900000, 0x000000008ba00000, 0x000000008ba00000|100%|HC|  |TAMS 0x000000008b900000| PB 0x000000008b900000| Complete |  0
| 104|0x000000008ba00000, 0x000000008bb00000, 0x000000008bb00000|100%|HC|  |TAMS 0x000000008ba00000| PB 0x000000008ba00000| Complete |  0
| 105|0x000000008bb00000, 0x000000008bc00000, 0x000000008bc00000|100%|HC|  |TAMS 0x000000008bb00000| PB 0x000000008bb00000| Complete |  0
| 106|0x000000008bc00000, 0x000000008bd00000, 0x000000008bd00000|100%|HS|  |TAMS 0x000000008bc00000| PB 0x000000008bc00000| Complete |  0
| 107|0x000000008bd00000, 0x000000008be00000, 0x000000008be00000|100%|HC|  |TAMS 0x000000008bd00000| PB 0x000000008bd00000| Complete |  0
| 108|0x000000008be00000, 0x000000008bf00000, 0x000000008bf00000|100%|HC|  |TAMS 0x000000008be00000| PB 0x000000008be00000| Complete |  0
| 109|0x000000008bf00000, 0x000000008c000000, 0x000000008c000000|100%|HC|  |TAMS 0x000000008bf00000| PB 0x000000008bf00000| Complete |  0
| 110|0x000000008c000000, 0x000000008c100000, 0x000000008c100000|100%|HC|  |TAMS 0x000000008c000000| PB 0x000000008c000000| Complete |  0
| 111|0x000000008c100000, 0x000000008c200000, 0x000000008c200000|100%|HS|  |TAMS 0x000000008c100000| PB 0x000000008c100000| Complete |  0
| 112|0x000000008c200000, 0x000000008c300000, 0x000000008c300000|100%|HC|  |TAMS 0x000000008c200000| PB 0x000000008c200000| Complete |  0
| 113|0x000000008c300000, 0x000000008c400000, 0x000000008c400000|100%|HC|  |TAMS 0x000000008c300000| PB 0x000000008c300000| Complete |  0
| 114|0x000000008c400000, 0x000000008c500000, 0x000000008c500000|100%|HC|  |TAMS 0x000000008c400000| PB 0x000000008c400000| Complete |  0
| 115|0x000000008c500000, 0x000000008c600000, 0x000000008c600000|100%|HC|  |TAMS 0x000000008c500000| PB 0x000000008c500000| Complete |  0
| 116|0x000000008c600000, 0x000000008c700000, 0x000000008c700000|100%|HS|  |TAMS 0x000000008c600000| PB 0x000000008c600000| Complete |  0
| 117|0x000000008c700000, 0x000000008c800000, 0x000000008c800000|100%|HC|  |TAMS 0x000000008c700000| PB 0x000000008c700000| Complete |  0
| 118|0x000000008c800000, 0x000000008c900000, 0x000000008c900000|100%|HC|  |TAMS 0x000000008c800000| PB 0x000000008c800000| Complete |  0
| 119|0x000000008c900000, 0x000000008ca00000, 0x000000008ca00000|100%|HC|  |TAMS 0x000000008c900000| PB 0x000000008c900000| Complete |  0
| 120|0x000000008ca00000, 0x000000008cb00000, 0x000000008cb00000|100%|HC|  |TAMS 0x000000008ca00000| PB 0x000000008ca00000| Complete |  0
| 121|0x000000008cb00000, 0x000000008cb00000, 0x000000008cc00000|  0%| F|  |TAMS 0x000000008cb00000| PB 0x000000008cb00000| Untracked |  0
| 122|0x000000008cc00000, 0x000000008cc00000, 0x000000008cd00000|  0%| F|  |TAMS 0x000000008cc00000| PB 0x000000008cc00000| Untracked |  0
| 123|0x000000008cd00000, 0x000000008cd00000, 0x000000008ce00000|  0%| F|  |TAMS 0x000000008cd00000| PB 0x000000008cd00000| Untracked |  0
| 124|0x000000008ce00000, 0x000000008cf00000, 0x000000008cf00000|100%|HS|  |TAMS 0x000000008ce00000| PB 0x000000008ce00000| Complete |  0
| 125|0x000000008cf00000, 0x000000008d000000, 0x000000008d000000|100%|HC|  |TAMS 0x000000008cf00000| PB 0x000000008cf00000| Complete |  0
| 126|0x000000008d000000, 0x000000008d100000, 0x000000008d100000|100%|HC|  |TAMS 0x000000008d000000| PB 0x000000008d000000| Complete |  0
| 127|0x000000008d100000, 0x000000008d200000, 0x000000008d200000|100%|HC|  |TAMS 0x000000008d100000| PB 0x000000008d100000| Complete |  0
| 128|0x000000008d200000, 0x000000008d300000, 0x000000008d300000|100%|HC|  |TAMS 0x000000008d200000| PB 0x000000008d200000| Complete |  0
| 129|0x000000008d300000, 0x000000008d400000, 0x000000008d400000|100%|HS|  |TAMS 0x000000008d300000| PB 0x000000008d300000| Complete |  0
| 130|0x000000008d400000, 0x000000008d500000, 0x000000008d500000|100%|HC|  |TAMS 0x000000008d400000| PB 0x000000008d400000| Complete |  0
| 131|0x000000008d500000, 0x000000008d600000, 0x000000008d600000|100%|HC|  |TAMS 0x000000008d500000| PB 0x000000008d500000| Complete |  0
| 132|0x000000008d600000, 0x000000008d700000, 0x000000008d700000|100%|HC|  |TAMS 0x000000008d600000| PB 0x000000008d600000| Complete |  0
| 133|0x000000008d700000, 0x000000008d800000, 0x000000008d800000|100%|HC|  |TAMS 0x000000008d700000| PB 0x000000008d700000| Complete |  0
| 134|0x000000008d800000, 0x000000008d900000, 0x000000008d900000|100%|HS|  |TAMS 0x000000008d800000| PB 0x000000008d800000| Complete |  0
| 135|0x000000008d900000, 0x000000008da00000, 0x000000008da00000|100%|HC|  |TAMS 0x000000008d900000| PB 0x000000008d900000| Complete |  0
| 136|0x000000008da00000, 0x000000008db00000, 0x000000008db00000|100%|HC|  |TAMS 0x000000008da00000| PB 0x000000008da00000| Complete |  0
| 137|0x000000008db00000, 0x000000008dc00000, 0x000000008dc00000|100%|HC|  |TAMS 0x000000008db00000| PB 0x000000008db00000| Complete |  0
| 138|0x000000008dc00000, 0x000000008dd00000, 0x000000008dd00000|100%|HC|  |TAMS 0x000000008dc00000| PB 0x000000008dc00000| Complete |  0
| 139|0x000000008dd00000, 0x000000008de00000, 0x000000008de00000|100%|HS|  |TAMS 0x000000008dd00000| PB 0x000000008dd00000| Complete |  0
| 140|0x000000008de00000, 0x000000008df00000, 0x000000008df00000|100%|HC|  |TAMS 0x000000008de00000| PB 0x000000008de00000| Complete |  0
| 141|0x000000008df00000, 0x000000008e000000, 0x000000008e000000|100%|HC|  |TAMS 0x000000008df00000| PB 0x000000008df00000| Complete |  0
| 142|0x000000008e000000, 0x000000008e100000, 0x000000008e100000|100%|HC|  |TAMS 0x000000008e000000| PB 0x000000008e000000| Complete |  0
| 143|0x000000008e100000, 0x000000008e200000, 0x000000008e200000|100%|HC|  |TAMS 0x000000008e100000| PB 0x000000008e100000| Complete |  0
| 144|0x000000008e200000, 0x000000008e300000, 0x000000008e300000|100%|HS|  |TAMS 0x000000008e200000| PB 0x000000008e200000| Complete |  0
| 145|0x000000008e300000, 0x000000008e400000, 0x000000008e400000|100%|HC|  |TAMS 0x000000008e300000| PB 0x000000008e300000| Complete |  0
| 146|0x000000008e400000, 0x000000008e500000, 0x000000008e500000|100%|HC|  |TAMS 0x000000008e400000| PB 0x000000008e400000| Complete |  0
| 147|0x000000008e500000, 0x000000008e600000, 0x000000008e600000|100%|HC|  |TAMS 0x000000008e500000| PB 0x000000008e500000| Complete |  0
| 148|0x000000008e600000, 0x000000008e700000, 0x000000008e700000|100%|HC|  |TAMS 0x000000008e600000| PB 0x000000008e600000| Complete |  0
| 149|0x000000008e700000, 0x000000008e800000, 0x000000008e800000|100%|HS|  |TAMS 0x000000008e700000| PB 0x000000008e700000| Complete |  0
| 150|0x000000008e800000, 0x000000008e900000, 0x000000008e900000|100%|HC|  |TAMS 0x000000008e800000| PB 0x000000008e800000| Complete |  0
| 151|0x000000008e900000, 0x000000008ea00000, 0x000000008ea00000|100%|HC|  |TAMS 0x000000008e900000| PB 0x000000008e900000| Complete |  0
| 152|0x000000008ea00000, 0x000000008eb00000, 0x000000008eb00000|100%|HC|  |TAMS 0x000000008ea00000| PB 0x000000008ea00000| Complete |  0
| 153|0x000000008eb00000, 0x000000008ec00000, 0x000000008ec00000|100%|HC|  |TAMS 0x000000008eb00000| PB 0x000000008eb00000| Complete |  0
| 154|0x000000008ec00000, 0x000000008ed00000, 0x000000008ed00000|100%|HS|  |TAMS 0x000000008ec00000| PB 0x000000008ec00000| Complete |  0
| 155|0x000000008ed00000, 0x000000008ee00000, 0x000000008ee00000|100%|HC|  |TAMS 0x000000008ed00000| PB 0x000000008ed00000| Complete |  0
| 156|0x000000008ee00000, 0x000000008ef00000, 0x000000008ef00000|100%|HC|  |TAMS 0x000000008ee00000| PB 0x000000008ee00000| Complete |  0
| 157|0x000000008ef00000, 0x000000008f000000, 0x000000008f000000|100%|HC|  |TAMS 0x000000008ef00000| PB 0x000000008ef00000| Complete |  0
| 158|0x000000008f000000, 0x000000008f100000, 0x000000008f100000|100%|HC|  |TAMS 0x000000008f000000| PB 0x000000008f000000| Complete |  0
| 159|0x000000008f100000, 0x000000008f200000, 0x000000008f200000|100%|HS|  |TAMS 0x000000008f100000| PB 0x000000008f100000| Complete |  0
| 160|0x000000008f200000, 0x000000008f300000, 0x000000008f300000|100%|HC|  |TAMS 0x000000008f200000| PB 0x000000008f200000| Complete |  0
| 161|0x000000008f300000, 0x000000008f400000, 0x000000008f400000|100%|HC|  |TAMS 0x000000008f300000| PB 0x000000008f300000| Complete |  0
| 162|0x000000008f400000, 0x000000008f500000, 0x000000008f500000|100%|HC|  |TAMS 0x000000008f400000| PB 0x000000008f400000| Complete |  0
| 163|0x000000008f500000, 0x000000008f600000, 0x000000008f600000|100%|HC|  |TAMS 0x000000008f500000| PB 0x000000008f500000| Complete |  0
| 164|0x000000008f600000, 0x000000008f700000, 0x000000008f700000|100%|HS|  |TAMS 0x000000008f600000| PB 0x000000008f600000| Complete |  0
| 165|0x000000008f700000, 0x000000008f800000, 0x000000008f800000|100%|HC|  |TAMS 0x000000008f700000| PB 0x000000008f700000| Complete |  0
| 166|0x000000008f800000, 0x000000008f900000, 0x000000008f900000|100%|HC|  |TAMS 0x000000008f800000| PB 0x000000008f800000| Complete |  0
| 167|0x000000008f900000, 0x000000008fa00000, 0x000000008fa00000|100%|HC|  |TAMS 0x000000008f900000| PB 0x000000008f900000| Complete |  0
| 168|0x000000008fa00000, 0x000000008fb00000, 0x000000008fb00000|100%|HC|  |TAMS 0x000000008fa00000| PB 0x000000008fa00000| Complete |  0
| 169|0x000000008fb00000, 0x000000008fc00000, 0x000000008fc00000|100%|HS|  |TAMS 0x000000008fb00000| PB 0x000000008fb00000| Complete |  0
| 170|0x000000008fc00000, 0x000000008fd00000, 0x000000008fd00000|100%|HC|  |TAMS 0x000000008fc00000| PB 0x000000008fc00000| Complete |  0
| 171|0x000000008fd00000, 0x000000008fe00000, 0x000000008fe00000|100%|HC|  |TAMS 0x000000008fd00000| PB 0x000000008fd00000| Complete |  0
| 172|0x000000008fe00000, 0x000000008ff00000, 0x000000008ff00000|100%|HC|  |TAMS 0x000000008fe00000| PB 0x000000008fe00000| Complete |  0
| 173|0x000000008ff00000, 0x0000000090000000, 0x0000000090000000|100%|HC|  |TAMS 0x000000008ff00000| PB 0x000000008ff00000| Complete |  0
| 174|0x0000000090000000, 0x0000000090100000, 0x0000000090100000|100%|HS|  |TAMS 0x0000000090000000| PB 0x0000000090000000| Complete |  0
| 175|0x0000000090100000, 0x0000000090200000, 0x0000000090200000|100%|HC|  |TAMS 0x0000000090100000| PB 0x0000000090100000| Complete |  0
| 176|0x0000000090200000, 0x0000000090300000, 0x0000000090300000|100%|HC|  |TAMS 0x0000000090200000| PB 0x0000000090200000| Complete |  0
| 177|0x0000000090300000, 0x0000000090400000, 0x0000000090400000|100%|HC|  |TAMS 0x0000000090300000| PB 0x0000000090300000| Complete |  0
| 178|0x0000000090400000, 0x0000000090500000, 0x0000000090500000|100%|HC|  |TAMS 0x0000000090400000| PB 0x0000000090400000| Complete |  0
| 179|0x0000000090500000, 0x0000000090600000, 0x0000000090600000|100%|HS|  |TAMS 0x0000000090500000| PB 0x0000000090500000| Complete |  0
| 180|0x0000000090600000, 0x0000000090700000, 0x0000000090700000|100%|HC|  |TAMS 0x0000000090600000| PB 0x0000000090600000| Complete |  0
| 181|0x0000000090700000, 0x0000000090800000, 0x0000000090800000|100%|HC|  |TAMS 0x0000000090700000| PB 0x0000000090700000| Complete |  0
| 182|0x0000000090800000, 0x0000000090900000, 0x0000000090900000|100%|HC|  |TAMS 0x0000000090800000| PB 0x0000000090800000| Complete |  0
| 183|0x0000000090900000, 0x0000000090a00000, 0x0000000090a00000|100%|HC|  |TAMS 0x0000000090900000| PB 0x0000000090900000| Complete |  0
| 184|0x0000000090a00000, 0x0000000090b00000, 0x0000000090b00000|100%|HS|  |TAMS 0x0000000090a00000| PB 0x0000000090a00000| Complete |  0
| 185|0x0000000090b00000, 0x0000000090c00000, 0x0000000090c00000|100%|HC|  |TAMS 0x0000000090b00000| PB 0x0000000090b00000| Complete |  0
| 186|0x0000000090c00000, 0x0000000090d00000, 0x0000000090d00000|100%|HC|  |TAMS 0x0000000090c00000| PB 0x0000000090c00000| Complete |  0
| 187|0x0000000090d00000, 0x0000000090e00000, 0x0000000090e00000|100%|HC|  |TAMS 0x0000000090d00000| PB 0x0000000090d00000| Complete |  0
| 188|0x0000000090e00000, 0x0000000090f00000, 0x0000000090f00000|100%|HC|  |TAMS 0x0000000090e00000| PB 0x0000000090e00000| Complete |  0
| 189|0x0000000090f00000, 0x0000000091000000, 0x0000000091000000|100%|HS|  |TAMS 0x0000000090f00000| PB 0x0000000090f00000| Complete |  0
| 190|0x0000000091000000, 0x0000000091100000, 0x0000000091100000|100%|HC|  |TAMS 0x0000000091000000| PB 0x0000000091000000| Complete |  0
| 191|0x0000000091100000, 0x0000000091200000, 0x0000000091200000|100%|HC|  |TAMS 0x0000000091100000| PB 0x0000000091100000| Complete |  0
| 192|0x0000000091200000, 0x0000000091300000, 0x0000000091300000|100%|HC|  |TAMS 0x0000000091200000| PB 0x0000000091200000| Complete |  0
| 193|0x0000000091300000, 0x0000000091400000, 0x0000000091400000|100%|HC|  |TAMS 0x0000000091300000| PB 0x0000000091300000| Complete |  0
| 194|0x0000000091400000, 0x0000000091500000, 0x0000000091500000|100%|HS|  |TAMS 0x0000000091400000| PB 0x0000000091400000| Complete |  0
| 195|0x0000000091500000, 0x0000000091600000, 0x0000000091600000|100%|HC|  |TAMS 0x0000000091500000| PB 0x0000000091500000| Complete |  0
| 196|0x0000000091600000, 0x0000000091700000, 0x0000000091700000|100%|HC|  |TAMS 0x0000000091600000| PB 0x0000000091600000| Complete |  0
| 197|0x0000000091700000, 0x0000000091800000, 0x0000000091800000|100%|HC|  |TAMS 0x0000000091700000| PB 0x0000000091700000| Complete |  0
| 198|0x0000000091800000, 0x0000000091900000, 0x0000000091900000|100%|HC|  |TAMS 0x0000000091800000| PB 0x0000000091800000| Complete |  0
| 199|0x0000000091900000, 0x0000000091a00000, 0x0000000091a00000|100%|HS|  |TAMS 0x0000000091900000| PB 0x0000000091900000| Complete |  0
| 200|0x0000000091a00000, 0x0000000091b00000, 0x0000000091b00000|100%|HC|  |TAMS 0x0000000091a00000| PB 0x0000000091a00000| Complete |  0
| 201|0x0000000091b00000, 0x0000000091c00000, 0x0000000091c00000|100%|HC|  |TAMS 0x0000000091b00000| PB 0x0000000091b00000| Complete |  0
| 202|0x0000000091c00000, 0x0000000091d00000, 0x0000000091d00000|100%|HC|  |TAMS 0x0000000091c00000| PB 0x0000000091c00000| Complete |  0
| 203|0x0000000091d00000, 0x0000000091e00000, 0x0000000091e00000|100%|HC|  |TAMS 0x0000000091d00000| PB 0x0000000091d00000| Complete |  0
| 204|0x0000000091e00000, 0x0000000091f00000, 0x0000000091f00000|100%|HS|  |TAMS 0x0000000091e00000| PB 0x0000000091e00000| Complete |  0
| 205|0x0000000091f00000, 0x0000000092000000, 0x0000000092000000|100%|HC|  |TAMS 0x0000000091f00000| PB 0x0000000091f00000| Complete |  0
| 206|0x0000000092000000, 0x0000000092100000, 0x0000000092100000|100%|HC|  |TAMS 0x0000000092000000| PB 0x0000000092000000| Complete |  0
| 207|0x0000000092100000, 0x0000000092200000, 0x0000000092200000|100%|HC|  |TAMS 0x0000000092100000| PB 0x0000000092100000| Complete |  0
| 208|0x0000000092200000, 0x0000000092300000, 0x0000000092300000|100%|HC|  |TAMS 0x0000000092200000| PB 0x0000000092200000| Complete |  0
| 209|0x0000000092300000, 0x0000000092400000, 0x0000000092400000|100%|HS|  |TAMS 0x0000000092300000| PB 0x0000000092300000| Complete |  0
| 210|0x0000000092400000, 0x0000000092500000, 0x0000000092500000|100%|HC|  |TAMS 0x0000000092400000| PB 0x0000000092400000| Complete |  0
| 211|0x0000000092500000, 0x0000000092600000, 0x0000000092600000|100%|HC|  |TAMS 0x0000000092500000| PB 0x0000000092500000| Complete |  0
| 212|0x0000000092600000, 0x0000000092700000, 0x0000000092700000|100%|HC|  |TAMS 0x0000000092600000| PB 0x0000000092600000| Complete |  0
| 213|0x0000000092700000, 0x0000000092800000, 0x0000000092800000|100%|HC|  |TAMS 0x0000000092700000| PB 0x0000000092700000| Complete |  0
| 214|0x0000000092800000, 0x0000000092900000, 0x0000000092900000|100%|HS|  |TAMS 0x0000000092800000| PB 0x0000000092800000| Complete |  0
| 215|0x0000000092900000, 0x0000000092a00000, 0x0000000092a00000|100%|HC|  |TAMS 0x0000000092900000| PB 0x0000000092900000| Complete |  0
| 216|0x0000000092a00000, 0x0000000092b00000, 0x0000000092b00000|100%|HC|  |TAMS 0x0000000092a00000| PB 0x0000000092a00000| Complete |  0
| 217|0x0000000092b00000, 0x0000000092c00000, 0x0000000092c00000|100%|HC|  |TAMS 0x0000000092b00000| PB 0x0000000092b00000| Complete |  0
| 218|0x0000000092c00000, 0x0000000092d00000, 0x0000000092d00000|100%|HC|  |TAMS 0x0000000092c00000| PB 0x0000000092c00000| Complete |  0
| 219|0x0000000092d00000, 0x0000000092e00000, 0x0000000092e00000|100%|HS|  |TAMS 0x0000000092d00000| PB 0x0000000092d00000| Complete |  0
| 220|0x0000000092e00000, 0x0000000092f00000, 0x0000000092f00000|100%|HC|  |TAMS 0x0000000092e00000| PB 0x0000000092e00000| Complete |  0
| 221|0x0000000092f00000, 0x0000000093000000, 0x0000000093000000|100%|HC|  |TAMS 0x0000000092f00000| PB 0x0000000092f00000| Complete |  0
| 222|0x0000000093000000, 0x0000000093100000, 0x0000000093100000|100%|HC|  |TAMS 0x0000000093000000| PB 0x0000000093000000| Complete |  0
| 223|0x0000000093100000, 0x0000000093200000, 0x0000000093200000|100%|HC|  |TAMS 0x0000000093100000| PB 0x0000000093100000| Complete |  0
| 224|0x0000000093200000, 0x0000000093300000, 0x0000000093300000|100%|HS|  |TAMS 0x0000000093200000| PB 0x0000000093200000| Complete |  0
| 225|0x0000000093300000, 0x0000000093400000, 0x0000000093400000|100%|HC|  |TAMS 0x0000000093300000| PB 0x0000000093300000| Complete |  0
| 226|0x0000000093400000, 0x0000000093500000, 0x0000000093500000|100%|HC|  |TAMS 0x0000000093400000| PB 0x0000000093400000| Complete |  0
| 227|0x0000000093500000, 0x0000000093600000, 0x0000000093600000|100%|HC|  |TAMS 0x0000000093500000| PB 0x0000000093500000| Complete |  0
| 228|0x0000000093600000, 0x0000000093700000, 0x0000000093700000|100%|HC|  |TAMS 0x0000000093600000| PB 0x0000000093600000| Complete |  0
| 229|0x0000000093700000, 0x0000000093800000, 0x0000000093800000|100%|HS|  |TAMS 0x0000000093700000| PB 0x0000000093700000| Complete |  0
| 230|0x0000000093800000, 0x0000000093900000, 0x0000000093900000|100%|HC|  |TAMS 0x0000000093800000| PB 0x0000000093800000| Complete |  0
| 231|0x0000000093900000, 0x0000000093a00000, 0x0000000093a00000|100%|HC|  |TAMS 0x0000000093900000| PB 0x0000000093900000| Complete |  0
| 232|0x0000000093a00000, 0x0000000093b00000, 0x0000000093b00000|100%|HC|  |TAMS 0x0000000093a00000| PB 0x0000000093a00000| Complete |  0
| 233|0x0000000093b00000, 0x0000000093c00000, 0x0000000093c00000|100%|HC|  |TAMS 0x0000000093b00000| PB 0x0000000093b00000| Complete |  0
| 234|0x0000000093c00000, 0x0000000093d00000, 0x0000000093d00000|100%|HS|  |TAMS 0x0000000093c00000| PB 0x0000000093c00000| Complete |  0
| 235|0x0000000093d00000, 0x0000000093e00000, 0x0000000093e00000|100%|HC|  |TAMS 0x0000000093d00000| PB 0x0000000093d00000| Complete |  0
| 236|0x0000000093e00000, 0x0000000093f00000, 0x0000000093f00000|100%|HC|  |TAMS 0x0000000093e00000| PB 0x0000000093e00000| Complete |  0
| 237|0x0000000093f00000, 0x0000000094000000, 0x0000000094000000|100%|HC|  |TAMS 0x0000000093f00000| PB 0x0000000093f00000| Complete |  0
| 238|0x0000000094000000, 0x0000000094100000, 0x0000000094100000|100%|HC|  |TAMS 0x0000000094000000| PB 0x0000000094000000| Complete |  0
| 239|0x0000000094100000, 0x0000000094200000, 0x0000000094200000|100%|HS|  |TAMS 0x0000000094100000| PB 0x0000000094100000| Complete |  0
| 240|0x0000000094200000, 0x0000000094300000, 0x0000000094300000|100%|HC|  |TAMS 0x0000000094200000| PB 0x0000000094200000| Complete |  0
| 241|0x0000000094300000, 0x0000000094400000, 0x0000000094400000|100%|HC|  |TAMS 0x0000000094300000| PB 0x0000000094300000| Complete |  0
| 242|0x0000000094400000, 0x0000000094500000, 0x0000000094500000|100%|HC|  |TAMS 0x0000000094400000| PB 0x0000000094400000| Complete |  0
| 243|0x0000000094500000, 0x0000000094600000, 0x0000000094600000|100%|HC|  |TAMS 0x0000000094500000| PB 0x0000000094500000| Complete |  0
| 244|0x0000000094600000, 0x0000000094700000, 0x0000000094700000|100%|HS|  |TAMS 0x0000000094600000| PB 0x0000000094600000| Complete |  0
| 245|0x0000000094700000, 0x0000000094800000, 0x0000000094800000|100%|HC|  |TAMS 0x0000000094700000| PB 0x0000000094700000| Complete |  0
| 246|0x0000000094800000, 0x0000000094900000, 0x0000000094900000|100%|HC|  |TAMS 0x0000000094800000| PB 0x0000000094800000| Complete |  0
| 247|0x0000000094900000, 0x0000000094a00000, 0x0000000094a00000|100%|HC|  |TAMS 0x0000000094900000| PB 0x0000000094900000| Complete |  0
| 248|0x0000000094a00000, 0x0000000094b00000, 0x0000000094b00000|100%|HC|  |TAMS 0x0000000094a00000| PB 0x0000000094a00000| Complete |  0
| 249|0x0000000094b00000, 0x0000000094c00000, 0x0000000094c00000|100%|HS|  |TAMS 0x0000000094b00000| PB 0x0000000094b00000| Complete |  0
| 250|0x0000000094c00000, 0x0000000094d00000, 0x0000000094d00000|100%|HC|  |TAMS 0x0000000094c00000| PB 0x0000000094c00000| Complete |  0
| 251|0x0000000094d00000, 0x0000000094e00000, 0x0000000094e00000|100%|HC|  |TAMS 0x0000000094d00000| PB 0x0000000094d00000| Complete |  0
| 252|0x0000000094e00000, 0x0000000094f00000, 0x0000000094f00000|100%|HC|  |TAMS 0x0000000094e00000| PB 0x0000000094e00000| Complete |  0
| 253|0x0000000094f00000, 0x0000000095000000, 0x0000000095000000|100%|HC|  |TAMS 0x0000000094f00000| PB 0x0000000094f00000| Complete |  0
| 254|0x0000000095000000, 0x0000000095100000, 0x0000000095100000|100%|HS|  |TAMS 0x0000000095000000| PB 0x0000000095000000| Complete |  0
| 255|0x0000000095100000, 0x0000000095200000, 0x0000000095200000|100%|HC|  |TAMS 0x0000000095100000| PB 0x0000000095100000| Complete |  0
| 256|0x0000000095200000, 0x0000000095300000, 0x0000000095300000|100%|HC|  |TAMS 0x0000000095200000| PB 0x0000000095200000| Complete |  0
| 257|0x0000000095300000, 0x0000000095400000, 0x0000000095400000|100%|HC|  |TAMS 0x0000000095300000| PB 0x0000000095300000| Complete |  0
| 258|0x0000000095400000, 0x0000000095500000, 0x0000000095500000|100%|HC|  |TAMS 0x0000000095400000| PB 0x0000000095400000| Complete |  0
| 259|0x0000000095500000, 0x0000000095600000, 0x0000000095600000|100%|HS|  |TAMS 0x0000000095500000| PB 0x0000000095500000| Complete |  0
| 260|0x0000000095600000, 0x0000000095700000, 0x0000000095700000|100%|HC|  |TAMS 0x0000000095600000| PB 0x0000000095600000| Complete |  0
| 261|0x0000000095700000, 0x0000000095800000, 0x0000000095800000|100%|HC|  |TAMS 0x0000000095700000| PB 0x0000000095700000| Complete |  0
| 262|0x0000000095800000, 0x0000000095900000, 0x0000000095900000|100%|HC|  |TAMS 0x0000000095800000| PB 0x0000000095800000| Complete |  0
| 263|0x0000000095900000, 0x0000000095a00000, 0x0000000095a00000|100%|HC|  |TAMS 0x0000000095900000| PB 0x0000000095900000| Complete |  0
| 264|0x0000000095a00000, 0x0000000095b00000, 0x0000000095b00000|100%|HS|  |TAMS 0x0000000095a00000| PB 0x0000000095a00000| Complete |  0
| 265|0x0000000095b00000, 0x0000000095c00000, 0x0000000095c00000|100%|HC|  |TAMS 0x0000000095b00000| PB 0x0000000095b00000| Complete |  0
| 266|0x0000000095c00000, 0x0000000095d00000, 0x0000000095d00000|100%|HC|  |TAMS 0x0000000095c00000| PB 0x0000000095c00000| Complete |  0
| 267|0x0000000095d00000, 0x0000000095e00000, 0x0000000095e00000|100%|HC|  |TAMS 0x0000000095d00000| PB 0x0000000095d00000| Complete |  0
| 268|0x0000000095e00000, 0x0000000095f00000, 0x0000000095f00000|100%|HC|  |TAMS 0x0000000095e00000| PB 0x0000000095e00000| Complete |  0
| 269|0x0000000095f00000, 0x0000000095f00000, 0x0000000096000000|  0%| F|  |TAMS 0x0000000095f00000| PB 0x0000000095f00000| Untracked |  0
| 270|0x0000000096000000, 0x0000000096000000, 0x0000000096100000|  0%| F|  |TAMS 0x0000000096000000| PB 0x0000000096000000| Untracked |  0
| 271|0x0000000096100000, 0x0000000096100000, 0x0000000096200000|  0%| F|  |TAMS 0x0000000096100000| PB 0x0000000096100000| Untracked |  0
| 272|0x0000000096200000, 0x0000000096300000, 0x0000000096300000|100%|HS|  |TAMS 0x0000000096200000| PB 0x0000000096200000| Complete |  0
| 273|0x0000000096300000, 0x0000000096400000, 0x0000000096400000|100%|HC|  |TAMS 0x0000000096300000| PB 0x0000000096300000| Complete |  0
| 274|0x0000000096400000, 0x0000000096500000, 0x0000000096500000|100%|HC|  |TAMS 0x0000000096400000| PB 0x0000000096400000| Complete |  0
| 275|0x0000000096500000, 0x0000000096600000, 0x0000000096600000|100%|HC|  |TAMS 0x0000000096500000| PB 0x0000000096500000| Complete |  0
| 276|0x0000000096600000, 0x0000000096700000, 0x0000000096700000|100%|HC|  |TAMS 0x0000000096600000| PB 0x0000000096600000| Complete |  0
| 277|0x0000000096700000, 0x0000000096800000, 0x0000000096800000|100%|HS|  |TAMS 0x0000000096700000| PB 0x0000000096700000| Complete |  0
| 278|0x0000000096800000, 0x0000000096900000, 0x0000000096900000|100%|HC|  |TAMS 0x0000000096800000| PB 0x0000000096800000| Complete |  0
| 279|0x0000000096900000, 0x0000000096a00000, 0x0000000096a00000|100%|HC|  |TAMS 0x0000000096900000| PB 0x0000000096900000| Complete |  0
| 280|0x0000000096a00000, 0x0000000096b00000, 0x0000000096b00000|100%|HC|  |TAMS 0x0000000096a00000| PB 0x0000000096a00000| Complete |  0
| 281|0x0000000096b00000, 0x0000000096c00000, 0x0000000096c00000|100%|HC|  |TAMS 0x0000000096b00000| PB 0x0000000096b00000| Complete |  0
| 282|0x0000000096c00000, 0x0000000096d00000, 0x0000000096d00000|100%|HS|  |TAMS 0x0000000096c00000| PB 0x0000000096c00000| Complete |  0
| 283|0x0000000096d00000, 0x0000000096e00000, 0x0000000096e00000|100%|HC|  |TAMS 0x0000000096d00000| PB 0x0000000096d00000| Complete |  0
| 284|0x0000000096e00000, 0x0000000096f00000, 0x0000000096f00000|100%|HC|  |TAMS 0x0000000096e00000| PB 0x0000000096e00000| Complete |  0
| 285|0x0000000096f00000, 0x0000000097000000, 0x0000000097000000|100%|HC|  |TAMS 0x0000000096f00000| PB 0x0000000096f00000| Complete |  0
| 286|0x0000000097000000, 0x0000000097100000, 0x0000000097100000|100%|HC|  |TAMS 0x0000000097000000| PB 0x0000000097000000| Complete |  0
| 287|0x0000000097100000, 0x0000000097200000, 0x0000000097200000|100%|HS|  |TAMS 0x0000000097100000| PB 0x0000000097100000| Complete |  0
| 288|0x0000000097200000, 0x0000000097300000, 0x0000000097300000|100%|HC|  |TAMS 0x0000000097200000| PB 0x0000000097200000| Complete |  0
| 289|0x0000000097300000, 0x0000000097400000, 0x0000000097400000|100%|HC|  |TAMS 0x0000000097300000| PB 0x0000000097300000| Complete |  0
| 290|0x0000000097400000, 0x0000000097500000, 0x0000000097500000|100%|HC|  |TAMS 0x0000000097400000| PB 0x0000000097400000| Complete |  0
| 291|0x0000000097500000, 0x0000000097600000, 0x0000000097600000|100%|HC|  |TAMS 0x0000000097500000| PB 0x0000000097500000| Complete |  0
| 292|0x0000000097600000, 0x0000000097700000, 0x0000000097700000|100%|HS|  |TAMS 0x0000000097600000| PB 0x0000000097600000| Complete |  0
| 293|0x0000000097700000, 0x0000000097800000, 0x0000000097800000|100%|HC|  |TAMS 0x0000000097700000| PB 0x0000000097700000| Complete |  0
| 294|0x0000000097800000, 0x0000000097900000, 0x0000000097900000|100%|HC|  |TAMS 0x0000000097800000| PB 0x0000000097800000| Complete |  0
| 295|0x0000000097900000, 0x0000000097a00000, 0x0000000097a00000|100%|HC|  |TAMS 0x0000000097900000| PB 0x0000000097900000| Complete |  0
| 296|0x0000000097a00000, 0x0000000097b00000, 0x0000000097b00000|100%|HC|  |TAMS 0x0000000097a00000| PB 0x0000000097a00000| Complete |  0
| 297|0x0000000097b00000, 0x0000000097c00000, 0x0000000097c00000|100%|HS|  |TAMS 0x0000000097b00000| PB 0x0000000097b00000| Complete |  0
| 298|0x0000000097c00000, 0x0000000097d00000, 0x0000000097d00000|100%|HC|  |TAMS 0x0000000097c00000| PB 0x0000000097c00000| Complete |  0
| 299|0x0000000097d00000, 0x0000000097e00000, 0x0000000097e00000|100%|HC|  |TAMS 0x0000000097d00000| PB 0x0000000097d00000| Complete |  0
| 300|0x0000000097e00000, 0x0000000097f00000, 0x0000000097f00000|100%|HC|  |TAMS 0x0000000097e00000| PB 0x0000000097e00000| Complete |  0
| 301|0x0000000097f00000, 0x0000000098000000, 0x0000000098000000|100%|HC|  |TAMS 0x0000000097f00000| PB 0x0000000097f00000| Complete |  0
| 302|0x0000000098000000, 0x0000000098100000, 0x0000000098100000|100%|HS|  |TAMS 0x0000000098000000| PB 0x0000000098000000| Complete |  0
| 303|0x0000000098100000, 0x0000000098200000, 0x0000000098200000|100%|HC|  |TAMS 0x0000000098100000| PB 0x0000000098100000| Complete |  0
| 304|0x0000000098200000, 0x0000000098300000, 0x0000000098300000|100%|HC|  |TAMS 0x0000000098200000| PB 0x0000000098200000| Complete |  0
| 305|0x0000000098300000, 0x0000000098400000, 0x0000000098400000|100%|HC|  |TAMS 0x0000000098300000| PB 0x0000000098300000| Complete |  0
| 306|0x0000000098400000, 0x0000000098500000, 0x0000000098500000|100%|HC|  |TAMS 0x0000000098400000| PB 0x0000000098400000| Complete |  0
| 307|0x0000000098500000, 0x0000000098600000, 0x0000000098600000|100%|HS|  |TAMS 0x0000000098500000| PB 0x0000000098500000| Complete |  0
| 308|0x0000000098600000, 0x0000000098700000, 0x0000000098700000|100%|HC|  |TAMS 0x0000000098600000| PB 0x0000000098600000| Complete |  0
| 309|0x0000000098700000, 0x0000000098800000, 0x0000000098800000|100%|HC|  |TAMS 0x0000000098700000| PB 0x0000000098700000| Complete |  0
| 310|0x0000000098800000, 0x0000000098900000, 0x0000000098900000|100%|HC|  |TAMS 0x0000000098800000| PB 0x0000000098800000| Complete |  0
| 311|0x0000000098900000, 0x0000000098a00000, 0x0000000098a00000|100%|HC|  |TAMS 0x0000000098900000| PB 0x0000000098900000| Complete |  0
| 312|0x0000000098a00000, 0x0000000098b00000, 0x0000000098b00000|100%|HS|  |TAMS 0x0000000098a00000| PB 0x0000000098a00000| Complete |  0
| 313|0x0000000098b00000, 0x0000000098c00000, 0x0000000098c00000|100%|HC|  |TAMS 0x0000000098b00000| PB 0x0000000098b00000| Complete |  0
| 314|0x0000000098c00000, 0x0000000098d00000, 0x0000000098d00000|100%|HC|  |TAMS 0x0000000098c00000| PB 0x0000000098c00000| Complete |  0
| 315|0x0000000098d00000, 0x0000000098e00000, 0x0000000098e00000|100%|HC|  |TAMS 0x0000000098d00000| PB 0x0000000098d00000| Complete |  0
| 316|0x0000000098e00000, 0x0000000098f00000, 0x0000000098f00000|100%|HC|  |TAMS 0x0000000098e00000| PB 0x0000000098e00000| Complete |  0
| 317|0x0000000098f00000, 0x0000000099000000, 0x0000000099000000|100%|HS|  |TAMS 0x0000000098f00000| PB 0x0000000098f00000| Complete |  0
| 318|0x0000000099000000, 0x0000000099100000, 0x0000000099100000|100%|HC|  |TAMS 0x0000000099000000| PB 0x0000000099000000| Complete |  0
| 319|0x0000000099100000, 0x0000000099200000, 0x0000000099200000|100%|HC|  |TAMS 0x0000000099100000| PB 0x0000000099100000| Complete |  0
| 320|0x0000000099200000, 0x0000000099300000, 0x0000000099300000|100%|HC|  |TAMS 0x0000000099200000| PB 0x0000000099200000| Complete |  0
| 321|0x0000000099300000, 0x0000000099400000, 0x0000000099400000|100%|HC|  |TAMS 0x0000000099300000| PB 0x0000000099300000| Complete |  0
| 322|0x0000000099400000, 0x0000000099500000, 0x0000000099500000|100%|HS|  |TAMS 0x0000000099400000| PB 0x0000000099400000| Complete |  0
| 323|0x0000000099500000, 0x0000000099600000, 0x0000000099600000|100%|HC|  |TAMS 0x0000000099500000| PB 0x0000000099500000| Complete |  0
| 324|0x0000000099600000, 0x0000000099700000, 0x0000000099700000|100%|HC|  |TAMS 0x0000000099600000| PB 0x0000000099600000| Complete |  0
| 325|0x0000000099700000, 0x0000000099800000, 0x0000000099800000|100%|HC|  |TAMS 0x0000000099700000| PB 0x0000000099700000| Complete |  0
| 326|0x0000000099800000, 0x0000000099900000, 0x0000000099900000|100%|HC|  |TAMS 0x0000000099800000| PB 0x0000000099800000| Complete |  0
| 327|0x0000000099900000, 0x0000000099a00000, 0x0000000099a00000|100%|HS|  |TAMS 0x0000000099900000| PB 0x0000000099900000| Complete |  0
| 328|0x0000000099a00000, 0x0000000099b00000, 0x0000000099b00000|100%|HC|  |TAMS 0x0000000099a00000| PB 0x0000000099a00000| Complete |  0
| 329|0x0000000099b00000, 0x0000000099c00000, 0x0000000099c00000|100%|HC|  |TAMS 0x0000000099b00000| PB 0x0000000099b00000| Complete |  0
| 330|0x0000000099c00000, 0x0000000099d00000, 0x0000000099d00000|100%|HC|  |TAMS 0x0000000099c00000| PB 0x0000000099c00000| Complete |  0
| 331|0x0000000099d00000, 0x0000000099e00000, 0x0000000099e00000|100%|HC|  |TAMS 0x0000000099d00000| PB 0x0000000099d00000| Complete |  0
| 332|0x0000000099e00000, 0x0000000099f00000, 0x0000000099f00000|100%|HS|  |TAMS 0x0000000099e00000| PB 0x0000000099e00000| Complete |  0
| 333|0x0000000099f00000, 0x000000009a000000, 0x000000009a000000|100%|HC|  |TAMS 0x0000000099f00000| PB 0x0000000099f00000| Complete |  0
| 334|0x000000009a000000, 0x000000009a100000, 0x000000009a100000|100%|HC|  |TAMS 0x000000009a000000| PB 0x000000009a000000| Complete |  0
| 335|0x000000009a100000, 0x000000009a200000, 0x000000009a200000|100%|HC|  |TAMS 0x000000009a100000| PB 0x000000009a100000| Complete |  0
| 336|0x000000009a200000, 0x000000009a300000, 0x000000009a300000|100%|HC|  |TAMS 0x000000009a200000| PB 0x000000009a200000| Complete |  0
| 337|0x000000009a300000, 0x000000009a400000, 0x000000009a400000|100%|HS|  |TAMS 0x000000009a300000| PB 0x000000009a300000| Complete |  0
| 338|0x000000009a400000, 0x000000009a500000, 0x000000009a500000|100%|HC|  |TAMS 0x000000009a400000| PB 0x000000009a400000| Complete |  0
| 339|0x000000009a500000, 0x000000009a600000, 0x000000009a600000|100%|HC|  |TAMS 0x000000009a500000| PB 0x000000009a500000| Complete |  0
| 340|0x000000009a600000, 0x000000009a700000, 0x000000009a700000|100%|HC|  |TAMS 0x000000009a600000| PB 0x000000009a600000| Complete |  0
| 341|0x000000009a700000, 0x000000009a800000, 0x000000009a800000|100%|HC|  |TAMS 0x000000009a700000| PB 0x000000009a700000| Complete |  0
| 342|0x000000009a800000, 0x000000009a900000, 0x000000009a900000|100%|HS|  |TAMS 0x000000009a800000| PB 0x000000009a800000| Complete |  0
| 343|0x000000009a900000, 0x000000009aa00000, 0x000000009aa00000|100%|HC|  |TAMS 0x000000009a900000| PB 0x000000009a900000| Complete |  0
| 344|0x000000009aa00000, 0x000000009ab00000, 0x000000009ab00000|100%|HC|  |TAMS 0x000000009aa00000| PB 0x000000009aa00000| Complete |  0
| 345|0x000000009ab00000, 0x000000009ac00000, 0x000000009ac00000|100%|HC|  |TAMS 0x000000009ab00000| PB 0x000000009ab00000| Complete |  0
| 346|0x000000009ac00000, 0x000000009ad00000, 0x000000009ad00000|100%|HC|  |TAMS 0x000000009ac00000| PB 0x000000009ac00000| Complete |  0
| 347|0x000000009ad00000, 0x000000009ae00000, 0x000000009ae00000|100%|HS|  |TAMS 0x000000009ad00000| PB 0x000000009ad00000| Complete |  0
| 348|0x000000009ae00000, 0x000000009af00000, 0x000000009af00000|100%|HC|  |TAMS 0x000000009ae00000| PB 0x000000009ae00000| Complete |  0
| 349|0x000000009af00000, 0x000000009b000000, 0x000000009b000000|100%|HC|  |TAMS 0x000000009af00000| PB 0x000000009af00000| Complete |  0
| 350|0x000000009b000000, 0x000000009b100000, 0x000000009b100000|100%|HC|  |TAMS 0x000000009b000000| PB 0x000000009b000000| Complete |  0
| 351|0x000000009b100000, 0x000000009b200000, 0x000000009b200000|100%|HC|  |TAMS 0x000000009b100000| PB 0x000000009b100000| Complete |  0
| 352|0x000000009b200000, 0x000000009b300000, 0x000000009b300000|100%|HS|  |TAMS 0x000000009b200000| PB 0x000000009b200000| Complete |  0
| 353|0x000000009b300000, 0x000000009b400000, 0x000000009b400000|100%|HC|  |TAMS 0x000000009b300000| PB 0x000000009b300000| Complete |  0
| 354|0x000000009b400000, 0x000000009b500000, 0x000000009b500000|100%|HC|  |TAMS 0x000000009b400000| PB 0x000000009b400000| Complete |  0
| 355|0x000000009b500000, 0x000000009b600000, 0x000000009b600000|100%|HC|  |TAMS 0x000000009b500000| PB 0x000000009b500000| Complete |  0
| 356|0x000000009b600000, 0x000000009b700000, 0x000000009b700000|100%|HC|  |TAMS 0x000000009b600000| PB 0x000000009b600000| Complete |  0
| 357|0x000000009b700000, 0x000000009b800000, 0x000000009b800000|100%|HS|  |TAMS 0x000000009b700000| PB 0x000000009b700000| Complete |  0
| 358|0x000000009b800000, 0x000000009b900000, 0x000000009b900000|100%|HC|  |TAMS 0x000000009b800000| PB 0x000000009b800000| Complete |  0
| 359|0x000000009b900000, 0x000000009ba00000, 0x000000009ba00000|100%|HC|  |TAMS 0x000000009b900000| PB 0x000000009b900000| Complete |  0
| 360|0x000000009ba00000, 0x000000009bb00000, 0x000000009bb00000|100%|HC|  |TAMS 0x000000009ba00000| PB 0x000000009ba00000| Complete |  0
| 361|0x000000009bb00000, 0x000000009bc00000, 0x000000009bc00000|100%|HC|  |TAMS 0x000000009bb00000| PB 0x000000009bb00000| Complete |  0
| 362|0x000000009bc00000, 0x000000009bd00000, 0x000000009bd00000|100%|HS|  |TAMS 0x000000009bc00000| PB 0x000000009bc00000| Complete |  0
| 363|0x000000009bd00000, 0x000000009be00000, 0x000000009be00000|100%|HC|  |TAMS 0x000000009bd00000| PB 0x000000009bd00000| Complete |  0
| 364|0x000000009be00000, 0x000000009bf00000, 0x000000009bf00000|100%|HC|  |TAMS 0x000000009be00000| PB 0x000000009be00000| Complete |  0
| 365|0x000000009bf00000, 0x000000009c000000, 0x000000009c000000|100%|HC|  |TAMS 0x000000009bf00000| PB 0x000000009bf00000| Complete |  0
| 366|0x000000009c000000, 0x000000009c100000, 0x000000009c100000|100%|HC|  |TAMS 0x000000009c000000| PB 0x000000009c000000| Complete |  0
| 367|0x000000009c100000, 0x000000009c200000, 0x000000009c200000|100%|HS|  |TAMS 0x000000009c100000| PB 0x000000009c100000| Complete |  0
| 368|0x000000009c200000, 0x000000009c300000, 0x000000009c300000|100%|HC|  |TAMS 0x000000009c200000| PB 0x000000009c200000| Complete |  0
| 369|0x000000009c300000, 0x000000009c400000, 0x000000009c400000|100%|HC|  |TAMS 0x000000009c300000| PB 0x000000009c300000| Complete |  0
| 370|0x000000009c400000, 0x000000009c500000, 0x000000009c500000|100%|HC|  |TAMS 0x000000009c400000| PB 0x000000009c400000| Complete |  0
| 371|0x000000009c500000, 0x000000009c600000, 0x000000009c600000|100%|HC|  |TAMS 0x000000009c500000| PB 0x000000009c500000| Complete |  0
| 372|0x000000009c600000, 0x000000009c700000, 0x000000009c700000|100%|HS|  |TAMS 0x000000009c600000| PB 0x000000009c600000| Complete |  0
| 373|0x000000009c700000, 0x000000009c800000, 0x000000009c800000|100%|HC|  |TAMS 0x000000009c700000| PB 0x000000009c700000| Complete |  0
| 374|0x000000009c800000, 0x000000009c900000, 0x000000009c900000|100%|HC|  |TAMS 0x000000009c800000| PB 0x000000009c800000| Complete |  0
| 375|0x000000009c900000, 0x000000009ca00000, 0x000000009ca00000|100%|HC|  |TAMS 0x000000009c900000| PB 0x000000009c900000| Complete |  0
| 376|0x000000009ca00000, 0x000000009cb00000, 0x000000009cb00000|100%|HC|  |TAMS 0x000000009ca00000| PB 0x000000009ca00000| Complete |  0
| 377|0x000000009cb00000, 0x000000009cc00000, 0x000000009cc00000|100%|HS|  |TAMS 0x000000009cb00000| PB 0x000000009cb00000| Complete |  0
| 378|0x000000009cc00000, 0x000000009cd00000, 0x000000009cd00000|100%|HC|  |TAMS 0x000000009cc00000| PB 0x000000009cc00000| Complete |  0
| 379|0x000000009cd00000, 0x000000009ce00000, 0x000000009ce00000|100%|HC|  |TAMS 0x000000009cd00000| PB 0x000000009cd00000| Complete |  0
| 380|0x000000009ce00000, 0x000000009cf00000, 0x000000009cf00000|100%|HC|  |TAMS 0x000000009ce00000| PB 0x000000009ce00000| Complete |  0
| 381|0x000000009cf00000, 0x000000009d000000, 0x000000009d000000|100%|HC|  |TAMS 0x000000009cf00000| PB 0x000000009cf00000| Complete |  0
| 382|0x000000009d000000, 0x000000009d100000, 0x000000009d100000|100%|HS|  |TAMS 0x000000009d000000| PB 0x000000009d000000| Complete |  0
| 383|0x000000009d100000, 0x000000009d200000, 0x000000009d200000|100%|HC|  |TAMS 0x000000009d100000| PB 0x000000009d100000| Complete |  0
| 384|0x000000009d200000, 0x000000009d300000, 0x000000009d300000|100%|HC|  |TAMS 0x000000009d200000| PB 0x000000009d200000| Complete |  0
| 385|0x000000009d300000, 0x000000009d400000, 0x000000009d400000|100%|HC|  |TAMS 0x000000009d300000| PB 0x000000009d300000| Complete |  0
| 386|0x000000009d400000, 0x000000009d500000, 0x000000009d500000|100%|HC|  |TAMS 0x000000009d400000| PB 0x000000009d400000| Complete |  0
| 387|0x000000009d500000, 0x000000009d600000, 0x000000009d600000|100%|HS|  |TAMS 0x000000009d500000| PB 0x000000009d500000| Complete |  0
| 388|0x000000009d600000, 0x000000009d700000, 0x000000009d700000|100%|HC|  |TAMS 0x000000009d600000| PB 0x000000009d600000| Complete |  0
| 389|0x000000009d700000, 0x000000009d800000, 0x000000009d800000|100%|HC|  |TAMS 0x000000009d700000| PB 0x000000009d700000| Complete |  0
| 390|0x000000009d800000, 0x000000009d900000, 0x000000009d900000|100%|HC|  |TAMS 0x000000009d800000| PB 0x000000009d800000| Complete |  0
| 391|0x000000009d900000, 0x000000009da00000, 0x000000009da00000|100%|HC|  |TAMS 0x000000009d900000| PB 0x000000009d900000| Complete |  0
| 392|0x000000009da00000, 0x000000009db00000, 0x000000009db00000|100%|HS|  |TAMS 0x000000009da00000| PB 0x000000009da00000| Complete |  0
| 393|0x000000009db00000, 0x000000009dc00000, 0x000000009dc00000|100%|HC|  |TAMS 0x000000009db00000| PB 0x000000009db00000| Complete |  0
| 394|0x000000009dc00000, 0x000000009dd00000, 0x000000009dd00000|100%|HC|  |TAMS 0x000000009dc00000| PB 0x000000009dc00000| Complete |  0
| 395|0x000000009dd00000, 0x000000009de00000, 0x000000009de00000|100%|HC|  |TAMS 0x000000009dd00000| PB 0x000000009dd00000| Complete |  0
| 396|0x000000009de00000, 0x000000009df00000, 0x000000009df00000|100%|HC|  |TAMS 0x000000009de00000| PB 0x000000009de00000| Complete |  0
| 397|0x000000009df00000, 0x000000009e000000, 0x000000009e000000|100%|HS|  |TAMS 0x000000009df00000| PB 0x000000009df00000| Complete |  0
| 398|0x000000009e000000, 0x000000009e100000, 0x000000009e100000|100%|HC|  |TAMS 0x000000009e000000| PB 0x000000009e000000| Complete |  0
| 399|0x000000009e100000, 0x000000009e200000, 0x000000009e200000|100%|HC|  |TAMS 0x000000009e100000| PB 0x000000009e100000| Complete |  0
| 400|0x000000009e200000, 0x000000009e300000, 0x000000009e300000|100%|HC|  |TAMS 0x000000009e200000| PB 0x000000009e200000| Complete |  0
| 401|0x000000009e300000, 0x000000009e400000, 0x000000009e400000|100%|HC|  |TAMS 0x000000009e300000| PB 0x000000009e300000| Complete |  0
| 402|0x000000009e400000, 0x000000009e500000, 0x000000009e500000|100%|HS|  |TAMS 0x000000009e400000| PB 0x000000009e400000| Complete |  0
| 403|0x000000009e500000, 0x000000009e600000, 0x000000009e600000|100%|HC|  |TAMS 0x000000009e500000| PB 0x000000009e500000| Complete |  0
| 404|0x000000009e600000, 0x000000009e700000, 0x000000009e700000|100%|HC|  |TAMS 0x000000009e600000| PB 0x000000009e600000| Complete |  0
| 405|0x000000009e700000, 0x000000009e800000, 0x000000009e800000|100%|HC|  |TAMS 0x000000009e700000| PB 0x000000009e700000| Complete |  0
| 406|0x000000009e800000, 0x000000009e900000, 0x000000009e900000|100%|HC|  |TAMS 0x000000009e800000| PB 0x000000009e800000| Complete |  0
| 407|0x000000009e900000, 0x000000009ea00000, 0x000000009ea00000|100%|HS|  |TAMS 0x000000009e900000| PB 0x000000009e900000| Complete |  0
| 408|0x000000009ea00000, 0x000000009eb00000, 0x000000009eb00000|100%|HC|  |TAMS 0x000000009ea00000| PB 0x000000009ea00000| Complete |  0
| 409|0x000000009eb00000, 0x000000009ec00000, 0x000000009ec00000|100%|HC|  |TAMS 0x000000009eb00000| PB 0x000000009eb00000| Complete |  0
| 410|0x000000009ec00000, 0x000000009ed00000, 0x000000009ed00000|100%|HC|  |TAMS 0x000000009ec00000| PB 0x000000009ec00000| Complete |  0
| 411|0x000000009ed00000, 0x000000009ee00000, 0x000000009ee00000|100%|HC|  |TAMS 0x000000009ed00000| PB 0x000000009ed00000| Complete |  0
| 412|0x000000009ee00000, 0x000000009ef00000, 0x000000009ef00000|100%|HS|  |TAMS 0x000000009ee00000| PB 0x000000009ee00000| Complete |  0
| 413|0x000000009ef00000, 0x000000009f000000, 0x000000009f000000|100%|HC|  |TAMS 0x000000009ef00000| PB 0x000000009ef00000| Complete |  0
| 414|0x000000009f000000, 0x000000009f100000, 0x000000009f100000|100%|HC|  |TAMS 0x000000009f000000| PB 0x000000009f000000| Complete |  0
| 415|0x000000009f100000, 0x000000009f200000, 0x000000009f200000|100%|HC|  |TAMS 0x000000009f100000| PB 0x000000009f100000| Complete |  0
| 416|0x000000009f200000, 0x000000009f300000, 0x000000009f300000|100%|HC|  |TAMS 0x000000009f200000| PB 0x000000009f200000| Complete |  0
| 417|0x000000009f300000, 0x000000009f400000, 0x000000009f400000|100%|HS|  |TAMS 0x000000009f300000| PB 0x000000009f300000| Complete |  0
| 418|0x000000009f400000, 0x000000009f500000, 0x000000009f500000|100%|HC|  |TAMS 0x000000009f400000| PB 0x000000009f400000| Complete |  0
| 419|0x000000009f500000, 0x000000009f600000, 0x000000009f600000|100%|HC|  |TAMS 0x000000009f500000| PB 0x000000009f500000| Complete |  0
| 420|0x000000009f600000, 0x000000009f700000, 0x000000009f700000|100%|HC|  |TAMS 0x000000009f600000| PB 0x000000009f600000| Complete |  0
| 421|0x000000009f700000, 0x000000009f800000, 0x000000009f800000|100%|HC|  |TAMS 0x000000009f700000| PB 0x000000009f700000| Complete |  0
| 422|0x000000009f800000, 0x000000009f900000, 0x000000009f900000|100%|HS|  |TAMS 0x000000009f800000| PB 0x000000009f800000| Complete |  0
| 423|0x000000009f900000, 0x000000009fa00000, 0x000000009fa00000|100%|HC|  |TAMS 0x000000009f900000| PB 0x000000009f900000| Complete |  0
| 424|0x000000009fa00000, 0x000000009fb00000, 0x000000009fb00000|100%|HC|  |TAMS 0x000000009fa00000| PB 0x000000009fa00000| Complete |  0
| 425|0x000000009fb00000, 0x000000009fc00000, 0x000000009fc00000|100%|HC|  |TAMS 0x000000009fb00000| PB 0x000000009fb00000| Complete |  0
| 426|0x000000009fc00000, 0x000000009fd00000, 0x000000009fd00000|100%|HC|  |TAMS 0x000000009fc00000| PB 0x000000009fc00000| Complete |  0
| 427|0x000000009fd00000, 0x000000009fe00000, 0x000000009fe00000|100%|HS|  |TAMS 0x000000009fd00000| PB 0x000000009fd00000| Complete |  0
| 428|0x000000009fe00000, 0x000000009ff00000, 0x000000009ff00000|100%|HC|  |TAMS 0x000000009fe00000| PB 0x000000009fe00000| Complete |  0
| 429|0x000000009ff00000, 0x00000000a0000000, 0x00000000a0000000|100%|HC|  |TAMS 0x000000009ff00000| PB 0x000000009ff00000| Complete |  0
| 430|0x00000000a0000000, 0x00000000a0100000, 0x00000000a0100000|100%|HC|  |TAMS 0x00000000a0000000| PB 0x00000000a0000000| Complete |  0
| 431|0x00000000a0100000, 0x00000000a0200000, 0x00000000a0200000|100%|HC|  |TAMS 0x00000000a0100000| PB 0x00000000a0100000| Complete |  0
| 432|0x00000000a0200000, 0x00000000a0300000, 0x00000000a0300000|100%|HS|  |TAMS 0x00000000a0200000| PB 0x00000000a0200000| Complete |  0
| 433|0x00000000a0300000, 0x00000000a0400000, 0x00000000a0400000|100%|HC|  |TAMS 0x00000000a0300000| PB 0x00000000a0300000| Complete |  0
| 434|0x00000000a0400000, 0x00000000a0500000, 0x00000000a0500000|100%|HC|  |TAMS 0x00000000a0400000| PB 0x00000000a0400000| Complete |  0
| 435|0x00000000a0500000, 0x00000000a0600000, 0x00000000a0600000|100%|HC|  |TAMS 0x00000000a0500000| PB 0x00000000a0500000| Complete |  0
| 436|0x00000000a0600000, 0x00000000a0700000, 0x00000000a0700000|100%|HC|  |TAMS 0x00000000a0600000| PB 0x00000000a0600000| Complete |  0
| 437|0x00000000a0700000, 0x00000000a0800000, 0x00000000a0800000|100%|HS|  |TAMS 0x00000000a0700000| PB 0x00000000a0700000| Complete |  0
| 438|0x00000000a0800000, 0x00000000a0900000, 0x00000000a0900000|100%|HC|  |TAMS 0x00000000a0800000| PB 0x00000000a0800000| Complete |  0
| 439|0x00000000a0900000, 0x00000000a0a00000, 0x00000000a0a00000|100%|HC|  |TAMS 0x00000000a0900000| PB 0x00000000a0900000| Complete |  0
| 440|0x00000000a0a00000, 0x00000000a0b00000, 0x00000000a0b00000|100%|HC|  |TAMS 0x00000000a0a00000| PB 0x00000000a0a00000| Complete |  0
| 441|0x00000000a0b00000, 0x00000000a0c00000, 0x00000000a0c00000|100%|HC|  |TAMS 0x00000000a0b00000| PB 0x00000000a0b00000| Complete |  0
| 442|0x00000000a0c00000, 0x00000000a0d00000, 0x00000000a0d00000|100%|HS|  |TAMS 0x00000000a0c00000| PB 0x00000000a0c00000| Complete |  0
| 443|0x00000000a0d00000, 0x00000000a0e00000, 0x00000000a0e00000|100%|HC|  |TAMS 0x00000000a0d00000| PB 0x00000000a0d00000| Complete |  0
| 444|0x00000000a0e00000, 0x00000000a0f00000, 0x00000000a0f00000|100%|HC|  |TAMS 0x00000000a0e00000| PB 0x00000000a0e00000| Complete |  0
| 445|0x00000000a0f00000, 0x00000000a1000000, 0x00000000a1000000|100%|HC|  |TAMS 0x00000000a0f00000| PB 0x00000000a0f00000| Complete |  0
| 446|0x00000000a1000000, 0x00000000a1100000, 0x00000000a1100000|100%|HC|  |TAMS 0x00000000a1000000| PB 0x00000000a1000000| Complete |  0
| 447|0x00000000a1100000, 0x00000000a1200000, 0x00000000a1200000|100%|HS|  |TAMS 0x00000000a1100000| PB 0x00000000a1100000| Complete |  0
| 448|0x00000000a1200000, 0x00000000a1300000, 0x00000000a1300000|100%|HC|  |TAMS 0x00000000a1200000| PB 0x00000000a1200000| Complete |  0
| 449|0x00000000a1300000, 0x00000000a1400000, 0x00000000a1400000|100%|HC|  |TAMS 0x00000000a1300000| PB 0x00000000a1300000| Complete |  0
| 450|0x00000000a1400000, 0x00000000a1500000, 0x00000000a1500000|100%|HC|  |TAMS 0x00000000a1400000| PB 0x00000000a1400000| Complete |  0
| 451|0x00000000a1500000, 0x00000000a1600000, 0x00000000a1600000|100%|HC|  |TAMS 0x00000000a1500000| PB 0x00000000a1500000| Complete |  0
| 452|0x00000000a1600000, 0x00000000a1700000, 0x00000000a1700000|100%|HS|  |TAMS 0x00000000a1600000| PB 0x00000000a1600000| Complete |  0
| 453|0x00000000a1700000, 0x00000000a1800000, 0x00000000a1800000|100%|HC|  |TAMS 0x00000000a1700000| PB 0x00000000a1700000| Complete |  0
| 454|0x00000000a1800000, 0x00000000a1900000, 0x00000000a1900000|100%|HC|  |TAMS 0x00000000a1800000| PB 0x00000000a1800000| Complete |  0
| 455|0x00000000a1900000, 0x00000000a1a00000, 0x00000000a1a00000|100%|HC|  |TAMS 0x00000000a1900000| PB 0x00000000a1900000| Complete |  0
| 456|0x00000000a1a00000, 0x00000000a1b00000, 0x00000000a1b00000|100%|HC|  |TAMS 0x00000000a1a00000| PB 0x00000000a1a00000| Complete |  0
| 457|0x00000000a1b00000, 0x00000000a1c00000, 0x00000000a1c00000|100%|HS|  |TAMS 0x00000000a1b00000| PB 0x00000000a1b00000| Complete |  0
| 458|0x00000000a1c00000, 0x00000000a1d00000, 0x00000000a1d00000|100%|HC|  |TAMS 0x00000000a1c00000| PB 0x00000000a1c00000| Complete |  0
| 459|0x00000000a1d00000, 0x00000000a1e00000, 0x00000000a1e00000|100%|HC|  |TAMS 0x00000000a1d00000| PB 0x00000000a1d00000| Complete |  0
| 460|0x00000000a1e00000, 0x00000000a1f00000, 0x00000000a1f00000|100%|HC|  |TAMS 0x00000000a1e00000| PB 0x00000000a1e00000| Complete |  0
| 461|0x00000000a1f00000, 0x00000000a2000000, 0x00000000a2000000|100%|HC|  |TAMS 0x00000000a1f00000| PB 0x00000000a1f00000| Complete |  0
| 462|0x00000000a2000000, 0x00000000a2100000, 0x00000000a2100000|100%|HS|  |TAMS 0x00000000a2000000| PB 0x00000000a2000000| Complete |  0
| 463|0x00000000a2100000, 0x00000000a2200000, 0x00000000a2200000|100%|HC|  |TAMS 0x00000000a2100000| PB 0x00000000a2100000| Complete |  0
| 464|0x00000000a2200000, 0x00000000a2300000, 0x00000000a2300000|100%|HC|  |TAMS 0x00000000a2200000| PB 0x00000000a2200000| Complete |  0
| 465|0x00000000a2300000, 0x00000000a2400000, 0x00000000a2400000|100%|HC|  |TAMS 0x00000000a2300000| PB 0x00000000a2300000| Complete |  0
| 466|0x00000000a2400000, 0x00000000a2500000, 0x00000000a2500000|100%|HC|  |TAMS 0x00000000a2400000| PB 0x00000000a2400000| Complete |  0
| 467|0x00000000a2500000, 0x00000000a2600000, 0x00000000a2600000|100%|HS|  |TAMS 0x00000000a2500000| PB 0x00000000a2500000| Complete |  0
| 468|0x00000000a2600000, 0x00000000a2700000, 0x00000000a2700000|100%|HC|  |TAMS 0x00000000a2600000| PB 0x00000000a2600000| Complete |  0
| 469|0x00000000a2700000, 0x00000000a2800000, 0x00000000a2800000|100%|HC|  |TAMS 0x00000000a2700000| PB 0x00000000a2700000| Complete |  0
| 470|0x00000000a2800000, 0x00000000a2900000, 0x00000000a2900000|100%|HC|  |TAMS 0x00000000a2800000| PB 0x00000000a2800000| Complete |  0
| 471|0x00000000a2900000, 0x00000000a2a00000, 0x00000000a2a00000|100%|HC|  |TAMS 0x00000000a2900000| PB 0x00000000a2900000| Complete |  0
| 472|0x00000000a2a00000, 0x00000000a2b00000, 0x00000000a2b00000|100%|HS|  |TAMS 0x00000000a2a00000| PB 0x00000000a2a00000| Complete |  0
| 473|0x00000000a2b00000, 0x00000000a2c00000, 0x00000000a2c00000|100%|HC|  |TAMS 0x00000000a2b00000| PB 0x00000000a2b00000| Complete |  0
| 474|0x00000000a2c00000, 0x00000000a2d00000, 0x00000000a2d00000|100%|HC|  |TAMS 0x00000000a2c00000| PB 0x00000000a2c00000| Complete |  0
| 475|0x00000000a2d00000, 0x00000000a2e00000, 0x00000000a2e00000|100%|HC|  |TAMS 0x00000000a2d00000| PB 0x00000000a2d00000| Complete |  0
| 476|0x00000000a2e00000, 0x00000000a2f00000, 0x00000000a2f00000|100%|HC|  |TAMS 0x00000000a2e00000| PB 0x00000000a2e00000| Complete |  0
| 477|0x00000000a2f00000, 0x00000000a3000000, 0x00000000a3000000|100%|HS|  |TAMS 0x00000000a2f00000| PB 0x00000000a2f00000| Complete |  0
| 478|0x00000000a3000000, 0x00000000a3100000, 0x00000000a3100000|100%|HC|  |TAMS 0x00000000a3000000| PB 0x00000000a3000000| Complete |  0
| 479|0x00000000a3100000, 0x00000000a3200000, 0x00000000a3200000|100%|HC|  |TAMS 0x00000000a3100000| PB 0x00000000a3100000| Complete |  0
| 480|0x00000000a3200000, 0x00000000a3300000, 0x00000000a3300000|100%|HC|  |TAMS 0x00000000a3200000| PB 0x00000000a3200000| Complete |  0
| 481|0x00000000a3300000, 0x00000000a3400000, 0x00000000a3400000|100%|HC|  |TAMS 0x00000000a3300000| PB 0x00000000a3300000| Complete |  0
| 482|0x00000000a3400000, 0x00000000a3500000, 0x00000000a3500000|100%|HS|  |TAMS 0x00000000a3400000| PB 0x00000000a3400000| Complete |  0
| 483|0x00000000a3500000, 0x00000000a3600000, 0x00000000a3600000|100%|HC|  |TAMS 0x00000000a3500000| PB 0x00000000a3500000| Complete |  0
| 484|0x00000000a3600000, 0x00000000a3700000, 0x00000000a3700000|100%|HC|  |TAMS 0x00000000a3600000| PB 0x00000000a3600000| Complete |  0
| 485|0x00000000a3700000, 0x00000000a3800000, 0x00000000a3800000|100%|HC|  |TAMS 0x00000000a3700000| PB 0x00000000a3700000| Complete |  0
| 486|0x00000000a3800000, 0x00000000a3900000, 0x00000000a3900000|100%|HC|  |TAMS 0x00000000a3800000| PB 0x00000000a3800000| Complete |  0
| 487|0x00000000a3900000, 0x00000000a3a00000, 0x00000000a3a00000|100%|HS|  |TAMS 0x00000000a3900000| PB 0x00000000a3900000| Complete |  0
| 488|0x00000000a3a00000, 0x00000000a3b00000, 0x00000000a3b00000|100%|HC|  |TAMS 0x00000000a3a00000| PB 0x00000000a3a00000| Complete |  0
| 489|0x00000000a3b00000, 0x00000000a3c00000, 0x00000000a3c00000|100%|HC|  |TAMS 0x00000000a3b00000| PB 0x00000000a3b00000| Complete |  0
| 490|0x00000000a3c00000, 0x00000000a3d00000, 0x00000000a3d00000|100%|HC|  |TAMS 0x00000000a3c00000| PB 0x00000000a3c00000| Complete |  0
| 491|0x00000000a3d00000, 0x00000000a3e00000, 0x00000000a3e00000|100%|HC|  |TAMS 0x00000000a3d00000| PB 0x00000000a3d00000| Complete |  0
| 492|0x00000000a3e00000, 0x00000000a3f00000, 0x00000000a3f00000|100%|HS|  |TAMS 0x00000000a3e00000| PB 0x00000000a3e00000| Complete |  0
| 493|0x00000000a3f00000, 0x00000000a4000000, 0x00000000a4000000|100%|HC|  |TAMS 0x00000000a3f00000| PB 0x00000000a3f00000| Complete |  0
| 494|0x00000000a4000000, 0x00000000a4100000, 0x00000000a4100000|100%|HC|  |TAMS 0x00000000a4000000| PB 0x00000000a4000000| Complete |  0
| 495|0x00000000a4100000, 0x00000000a4200000, 0x00000000a4200000|100%|HC|  |TAMS 0x00000000a4100000| PB 0x00000000a4100000| Complete |  0
| 496|0x00000000a4200000, 0x00000000a4300000, 0x00000000a4300000|100%|HC|  |TAMS 0x00000000a4200000| PB 0x00000000a4200000| Complete |  0
| 497|0x00000000a4300000, 0x00000000a4400000, 0x00000000a4400000|100%|HS|  |TAMS 0x00000000a4300000| PB 0x00000000a4300000| Complete |  0
| 498|0x00000000a4400000, 0x00000000a4500000, 0x00000000a4500000|100%|HC|  |TAMS 0x00000000a4400000| PB 0x00000000a4400000| Complete |  0
| 499|0x00000000a4500000, 0x00000000a4600000, 0x00000000a4600000|100%|HC|  |TAMS 0x00000000a4500000| PB 0x00000000a4500000| Complete |  0
| 500|0x00000000a4600000, 0x00000000a4700000, 0x00000000a4700000|100%|HC|  |TAMS 0x00000000a4600000| PB 0x00000000a4600000| Complete |  0
| 501|0x00000000a4700000, 0x00000000a4800000, 0x00000000a4800000|100%|HC|  |TAMS 0x00000000a4700000| PB 0x00000000a4700000| Complete |  0
| 502|0x00000000a4800000, 0x00000000a4900000, 0x00000000a4900000|100%|HS|  |TAMS 0x00000000a4800000| PB 0x00000000a4800000| Complete |  0
| 503|0x00000000a4900000, 0x00000000a4a00000, 0x00000000a4a00000|100%|HC|  |TAMS 0x00000000a4900000| PB 0x00000000a4900000| Complete |  0
| 504|0x00000000a4a00000, 0x00000000a4b00000, 0x00000000a4b00000|100%|HC|  |TAMS 0x00000000a4a00000| PB 0x00000000a4a00000| Complete |  0
| 505|0x00000000a4b00000, 0x00000000a4c00000, 0x00000000a4c00000|100%|HC|  |TAMS 0x00000000a4b00000| PB 0x00000000a4b00000| Complete |  0
| 506|0x00000000a4c00000, 0x00000000a4d00000, 0x00000000a4d00000|100%|HC|  |TAMS 0x00000000a4c00000| PB 0x00000000a4c00000| Complete |  0
| 507|0x00000000a4d00000, 0x00000000a4e00000, 0x00000000a4e00000|100%|HS|  |TAMS 0x00000000a4d00000| PB 0x00000000a4d00000| Complete |  0
| 508|0x00000000a4e00000, 0x00000000a4f00000, 0x00000000a4f00000|100%|HC|  |TAMS 0x00000000a4e00000| PB 0x00000000a4e00000| Complete |  0
| 509|0x00000000a4f00000, 0x00000000a5000000, 0x00000000a5000000|100%|HC|  |TAMS 0x00000000a4f00000| PB 0x00000000a4f00000| Complete |  0
| 510|0x00000000a5000000, 0x00000000a5100000, 0x00000000a5100000|100%|HC|  |TAMS 0x00000000a5000000| PB 0x00000000a5000000| Complete |  0
| 511|0x00000000a5100000, 0x00000000a5200000, 0x00000000a5200000|100%|HC|  |TAMS 0x00000000a5100000| PB 0x00000000a5100000| Complete |  0
| 512|0x00000000a5200000, 0x00000000a5300000, 0x00000000a5300000|100%|HS|  |TAMS 0x00000000a5200000| PB 0x00000000a5200000| Complete |  0
| 513|0x00000000a5300000, 0x00000000a5400000, 0x00000000a5400000|100%|HC|  |TAMS 0x00000000a5300000| PB 0x00000000a5300000| Complete |  0
| 514|0x00000000a5400000, 0x00000000a5500000, 0x00000000a5500000|100%|HC|  |TAMS 0x00000000a5400000| PB 0x00000000a5400000| Complete |  0
| 515|0x00000000a5500000, 0x00000000a5600000, 0x00000000a5600000|100%|HC|  |TAMS 0x00000000a5500000| PB 0x00000000a5500000| Complete |  0
| 516|0x00000000a5600000, 0x00000000a5700000, 0x00000000a5700000|100%|HC|  |TAMS 0x00000000a5600000| PB 0x00000000a5600000| Complete |  0
| 517|0x00000000a5700000, 0x00000000a5800000, 0x00000000a5800000|100%|HS|  |TAMS 0x00000000a5700000| PB 0x00000000a5700000| Complete |  0
| 518|0x00000000a5800000, 0x00000000a5900000, 0x00000000a5900000|100%|HC|  |TAMS 0x00000000a5800000| PB 0x00000000a5800000| Complete |  0
| 519|0x00000000a5900000, 0x00000000a5a00000, 0x00000000a5a00000|100%|HC|  |TAMS 0x00000000a5900000| PB 0x00000000a5900000| Complete |  0
| 520|0x00000000a5a00000, 0x00000000a5b00000, 0x00000000a5b00000|100%|HC|  |TAMS 0x00000000a5a00000| PB 0x00000000a5a00000| Complete |  0
| 521|0x00000000a5b00000, 0x00000000a5c00000, 0x00000000a5c00000|100%|HC|  |TAMS 0x00000000a5b00000| PB 0x00000000a5b00000| Complete |  0
| 522|0x00000000a5c00000, 0x00000000a5d00000, 0x00000000a5d00000|100%|HS|  |TAMS 0x00000000a5c00000| PB 0x00000000a5c00000| Complete |  0
| 523|0x00000000a5d00000, 0x00000000a5e00000, 0x00000000a5e00000|100%|HC|  |TAMS 0x00000000a5d00000| PB 0x00000000a5d00000| Complete |  0
| 524|0x00000000a5e00000, 0x00000000a5f00000, 0x00000000a5f00000|100%|HC|  |TAMS 0x00000000a5e00000| PB 0x00000000a5e00000| Complete |  0
| 525|0x00000000a5f00000, 0x00000000a6000000, 0x00000000a6000000|100%|HC|  |TAMS 0x00000000a5f00000| PB 0x00000000a5f00000| Complete |  0
| 526|0x00000000a6000000, 0x00000000a6100000, 0x00000000a6100000|100%|HC|  |TAMS 0x00000000a6000000| PB 0x00000000a6000000| Complete |  0
| 527|0x00000000a6100000, 0x00000000a6200000, 0x00000000a6200000|100%|HS|  |TAMS 0x00000000a6100000| PB 0x00000000a6100000| Complete |  0
| 528|0x00000000a6200000, 0x00000000a6300000, 0x00000000a6300000|100%|HC|  |TAMS 0x00000000a6200000| PB 0x00000000a6200000| Complete |  0
| 529|0x00000000a6300000, 0x00000000a6400000, 0x00000000a6400000|100%|HC|  |TAMS 0x00000000a6300000| PB 0x00000000a6300000| Complete |  0
| 530|0x00000000a6400000, 0x00000000a6500000, 0x00000000a6500000|100%|HC|  |TAMS 0x00000000a6400000| PB 0x00000000a6400000| Complete |  0
| 531|0x00000000a6500000, 0x00000000a6600000, 0x00000000a6600000|100%|HC|  |TAMS 0x00000000a6500000| PB 0x00000000a6500000| Complete |  0
| 532|0x00000000a6600000, 0x00000000a6700000, 0x00000000a6700000|100%|HS|  |TAMS 0x00000000a6600000| PB 0x00000000a6600000| Complete |  0
| 533|0x00000000a6700000, 0x00000000a6800000, 0x00000000a6800000|100%|HC|  |TAMS 0x00000000a6700000| PB 0x00000000a6700000| Complete |  0
| 534|0x00000000a6800000, 0x00000000a6900000, 0x00000000a6900000|100%|HC|  |TAMS 0x00000000a6800000| PB 0x00000000a6800000| Complete |  0
| 535|0x00000000a6900000, 0x00000000a6a00000, 0x00000000a6a00000|100%|HC|  |TAMS 0x00000000a6900000| PB 0x00000000a6900000| Complete |  0
| 536|0x00000000a6a00000, 0x00000000a6b00000, 0x00000000a6b00000|100%|HC|  |TAMS 0x00000000a6a00000| PB 0x00000000a6a00000| Complete |  0
| 537|0x00000000a6b00000, 0x00000000a6c00000, 0x00000000a6c00000|100%|HS|  |TAMS 0x00000000a6b00000| PB 0x00000000a6b00000| Complete |  0
| 538|0x00000000a6c00000, 0x00000000a6d00000, 0x00000000a6d00000|100%|HC|  |TAMS 0x00000000a6c00000| PB 0x00000000a6c00000| Complete |  0
| 539|0x00000000a6d00000, 0x00000000a6e00000, 0x00000000a6e00000|100%|HC|  |TAMS 0x00000000a6d00000| PB 0x00000000a6d00000| Complete |  0
| 540|0x00000000a6e00000, 0x00000000a6f00000, 0x00000000a6f00000|100%|HC|  |TAMS 0x00000000a6e00000| PB 0x00000000a6e00000| Complete |  0
| 541|0x00000000a6f00000, 0x00000000a7000000, 0x00000000a7000000|100%|HC|  |TAMS 0x00000000a6f00000| PB 0x00000000a6f00000| Complete |  0
| 542|0x00000000a7000000, 0x00000000a7100000, 0x00000000a7100000|100%|HS|  |TAMS 0x00000000a7000000| PB 0x00000000a7000000| Complete |  0
| 543|0x00000000a7100000, 0x00000000a7200000, 0x00000000a7200000|100%|HC|  |TAMS 0x00000000a7100000| PB 0x00000000a7100000| Complete |  0
| 544|0x00000000a7200000, 0x00000000a7300000, 0x00000000a7300000|100%|HC|  |TAMS 0x00000000a7200000| PB 0x00000000a7200000| Complete |  0
| 545|0x00000000a7300000, 0x00000000a7400000, 0x00000000a7400000|100%|HC|  |TAMS 0x00000000a7300000| PB 0x00000000a7300000| Complete |  0
| 546|0x00000000a7400000, 0x00000000a7500000, 0x00000000a7500000|100%|HC|  |TAMS 0x00000000a7400000| PB 0x00000000a7400000| Complete |  0
| 547|0x00000000a7500000, 0x00000000a7600000, 0x00000000a7600000|100%|HS|  |TAMS 0x00000000a7500000| PB 0x00000000a7500000| Complete |  0
| 548|0x00000000a7600000, 0x00000000a7700000, 0x00000000a7700000|100%|HC|  |TAMS 0x00000000a7600000| PB 0x00000000a7600000| Complete |  0
| 549|0x00000000a7700000, 0x00000000a7800000, 0x00000000a7800000|100%|HC|  |TAMS 0x00000000a7700000| PB 0x00000000a7700000| Complete |  0
| 550|0x00000000a7800000, 0x00000000a7900000, 0x00000000a7900000|100%|HC|  |TAMS 0x00000000a7800000| PB 0x00000000a7800000| Complete |  0
| 551|0x00000000a7900000, 0x00000000a7a00000, 0x00000000a7a00000|100%|HC|  |TAMS 0x00000000a7900000| PB 0x00000000a7900000| Complete |  0
| 552|0x00000000a7a00000, 0x00000000a7b00000, 0x00000000a7b00000|100%|HS|  |TAMS 0x00000000a7a00000| PB 0x00000000a7a00000| Complete |  0
| 553|0x00000000a7b00000, 0x00000000a7c00000, 0x00000000a7c00000|100%|HC|  |TAMS 0x00000000a7b00000| PB 0x00000000a7b00000| Complete |  0
| 554|0x00000000a7c00000, 0x00000000a7d00000, 0x00000000a7d00000|100%|HC|  |TAMS 0x00000000a7c00000| PB 0x00000000a7c00000| Complete |  0
| 555|0x00000000a7d00000, 0x00000000a7e00000, 0x00000000a7e00000|100%|HC|  |TAMS 0x00000000a7d00000| PB 0x00000000a7d00000| Complete |  0
| 556|0x00000000a7e00000, 0x00000000a7f00000, 0x00000000a7f00000|100%|HC|  |TAMS 0x00000000a7e00000| PB 0x00000000a7e00000| Complete |  0
| 557|0x00000000a7f00000, 0x00000000a8000000, 0x00000000a8000000|100%|HS|  |TAMS 0x00000000a7f00000| PB 0x00000000a7f00000| Complete |  0
| 558|0x00000000a8000000, 0x00000000a8100000, 0x00000000a8100000|100%|HC|  |TAMS 0x00000000a8000000| PB 0x00000000a8000000| Complete |  0
| 559|0x00000000a8100000, 0x00000000a8200000, 0x00000000a8200000|100%|HC|  |TAMS 0x00000000a8100000| PB 0x00000000a8100000| Complete |  0
| 560|0x00000000a8200000, 0x00000000a8300000, 0x00000000a8300000|100%|HC|  |TAMS 0x00000000a8200000| PB 0x00000000a8200000| Complete |  0
| 561|0x00000000a8300000, 0x00000000a8400000, 0x00000000a8400000|100%|HC|  |TAMS 0x00000000a8300000| PB 0x00000000a8300000| Complete |  0
| 562|0x00000000a8400000, 0x00000000a8500000, 0x00000000a8500000|100%|HS|  |TAMS 0x00000000a8400000| PB 0x00000000a8400000| Complete |  0
| 563|0x00000000a8500000, 0x00000000a8600000, 0x00000000a8600000|100%|HC|  |TAMS 0x00000000a8500000| PB 0x00000000a8500000| Complete |  0
| 564|0x00000000a8600000, 0x00000000a8700000, 0x00000000a8700000|100%|HC|  |TAMS 0x00000000a8600000| PB 0x00000000a8600000| Complete |  0
| 565|0x00000000a8700000, 0x00000000a8800000, 0x00000000a8800000|100%|HC|  |TAMS 0x00000000a8700000| PB 0x00000000a8700000| Complete |  0
| 566|0x00000000a8800000, 0x00000000a8900000, 0x00000000a8900000|100%|HC|  |TAMS 0x00000000a8800000| PB 0x00000000a8800000| Complete |  0
| 567|0x00000000a8900000, 0x00000000a8a00000, 0x00000000a8a00000|100%|HS|  |TAMS 0x00000000a8900000| PB 0x00000000a8900000| Complete |  0
| 568|0x00000000a8a00000, 0x00000000a8b00000, 0x00000000a8b00000|100%|HC|  |TAMS 0x00000000a8a00000| PB 0x00000000a8a00000| Complete |  0
| 569|0x00000000a8b00000, 0x00000000a8c00000, 0x00000000a8c00000|100%|HC|  |TAMS 0x00000000a8b00000| PB 0x00000000a8b00000| Complete |  0
| 570|0x00000000a8c00000, 0x00000000a8d00000, 0x00000000a8d00000|100%|HC|  |TAMS 0x00000000a8c00000| PB 0x00000000a8c00000| Complete |  0
| 571|0x00000000a8d00000, 0x00000000a8e00000, 0x00000000a8e00000|100%|HC|  |TAMS 0x00000000a8d00000| PB 0x00000000a8d00000| Complete |  0
| 572|0x00000000a8e00000, 0x00000000a8f00000, 0x00000000a8f00000|100%|HS|  |TAMS 0x00000000a8e00000| PB 0x00000000a8e00000| Complete |  0
| 573|0x00000000a8f00000, 0x00000000a9000000, 0x00000000a9000000|100%|HC|  |TAMS 0x00000000a8f00000| PB 0x00000000a8f00000| Complete |  0
| 574|0x00000000a9000000, 0x00000000a9100000, 0x00000000a9100000|100%|HC|  |TAMS 0x00000000a9000000| PB 0x00000000a9000000| Complete |  0
| 575|0x00000000a9100000, 0x00000000a9200000, 0x00000000a9200000|100%|HC|  |TAMS 0x00000000a9100000| PB 0x00000000a9100000| Complete |  0
| 576|0x00000000a9200000, 0x00000000a9300000, 0x00000000a9300000|100%|HC|  |TAMS 0x00000000a9200000| PB 0x00000000a9200000| Complete |  0
| 577|0x00000000a9300000, 0x00000000a9400000, 0x00000000a9400000|100%|HS|  |TAMS 0x00000000a9300000| PB 0x00000000a9300000| Complete |  0
| 578|0x00000000a9400000, 0x00000000a9500000, 0x00000000a9500000|100%|HC|  |TAMS 0x00000000a9400000| PB 0x00000000a9400000| Complete |  0
| 579|0x00000000a9500000, 0x00000000a9600000, 0x00000000a9600000|100%|HC|  |TAMS 0x00000000a9500000| PB 0x00000000a9500000| Complete |  0
| 580|0x00000000a9600000, 0x00000000a9700000, 0x00000000a9700000|100%|HC|  |TAMS 0x00000000a9600000| PB 0x00000000a9600000| Complete |  0
| 581|0x00000000a9700000, 0x00000000a9800000, 0x00000000a9800000|100%|HC|  |TAMS 0x00000000a9700000| PB 0x00000000a9700000| Complete |  0
| 582|0x00000000a9800000, 0x00000000a9800000, 0x00000000a9900000|  0%| F|  |TAMS 0x00000000a9800000| PB 0x00000000a9800000| Untracked |  0
| 583|0x00000000a9900000, 0x00000000a9900000, 0x00000000a9a00000|  0%| F|  |TAMS 0x00000000a9900000| PB 0x00000000a9900000| Untracked |  0
| 584|0x00000000a9a00000, 0x00000000a9a00000, 0x00000000a9b00000|  0%| F|  |TAMS 0x00000000a9a00000| PB 0x00000000a9a00000| Untracked |  0
| 585|0x00000000a9b00000, 0x00000000a9b00000, 0x00000000a9c00000|  0%| F|  |TAMS 0x00000000a9b00000| PB 0x00000000a9b00000| Untracked |  0
| 586|0x00000000a9c00000, 0x00000000a9c00000, 0x00000000a9d00000|  0%| F|  |TAMS 0x00000000a9c00000| PB 0x00000000a9c00000| Untracked |  0
| 587|0x00000000a9d00000, 0x00000000a9d00000, 0x00000000a9e00000|  0%| F|  |TAMS 0x00000000a9d00000| PB 0x00000000a9d00000| Untracked |  0
| 588|0x00000000a9e00000, 0x00000000a9e00000, 0x00000000a9f00000|  0%| F|  |TAMS 0x00000000a9e00000| PB 0x00000000a9e00000| Untracked |  0
| 589|0x00000000a9f00000, 0x00000000a9f00000, 0x00000000aa000000|  0%| F|  |TAMS 0x00000000a9f00000| PB 0x00000000a9f00000| Untracked |  0
| 590|0x00000000aa000000, 0x00000000aa000000, 0x00000000aa100000|  0%| F|  |TAMS 0x00000000aa000000| PB 0x00000000aa000000| Untracked |  0
| 591|0x00000000aa100000, 0x00000000aa100000, 0x00000000aa200000|  0%| F|  |TAMS 0x00000000aa100000| PB 0x00000000aa100000| Untracked |  0
| 592|0x00000000aa200000, 0x00000000aa200000, 0x00000000aa300000|  0%| F|  |TAMS 0x00000000aa200000| PB 0x00000000aa200000| Untracked |  0
| 593|0x00000000aa300000, 0x00000000aa300000, 0x00000000aa400000|  0%| F|  |TAMS 0x00000000aa300000| PB 0x00000000aa300000| Untracked |  0
| 594|0x00000000aa400000, 0x00000000aa400000, 0x00000000aa500000|  0%| F|  |TAMS 0x00000000aa400000| PB 0x00000000aa400000| Untracked |  0
| 595|0x00000000aa500000, 0x00000000aa500000, 0x00000000aa600000|  0%| F|  |TAMS 0x00000000aa500000| PB 0x00000000aa500000| Untracked |  0
| 596|0x00000000aa600000, 0x00000000aa600000, 0x00000000aa700000|  0%| F|  |TAMS 0x00000000aa600000| PB 0x00000000aa600000| Untracked |  0
| 597|0x00000000aa700000, 0x00000000aa700000, 0x00000000aa800000|  0%| F|  |TAMS 0x00000000aa700000| PB 0x00000000aa700000| Untracked |  0
| 598|0x00000000aa800000, 0x00000000aa800000, 0x00000000aa900000|  0%| F|  |TAMS 0x00000000aa800000| PB 0x00000000aa800000| Untracked |  0
| 599|0x00000000aa900000, 0x00000000aa900000, 0x00000000aaa00000|  0%| F|  |TAMS 0x00000000aa900000| PB 0x00000000aa900000| Untracked |  0
| 600|0x00000000aaa00000, 0x00000000aaa00000, 0x00000000aab00000|  0%| F|  |TAMS 0x00000000aaa00000| PB 0x00000000aaa00000| Untracked |  0
| 601|0x00000000aab00000, 0x00000000aab00000, 0x00000000aac00000|  0%| F|  |TAMS 0x00000000aab00000| PB 0x00000000aab00000| Untracked |  0
| 602|0x00000000aac00000, 0x00000000aac00000, 0x00000000aad00000|  0%| F|  |TAMS 0x00000000aac00000| PB 0x00000000aac00000| Untracked |  0
| 603|0x00000000aad00000, 0x00000000aad00000, 0x00000000aae00000|  0%| F|  |TAMS 0x00000000aad00000| PB 0x00000000aad00000| Untracked |  0
| 604|0x00000000aae00000, 0x00000000aae00000, 0x00000000aaf00000|  0%| F|  |TAMS 0x00000000aae00000| PB 0x00000000aae00000| Untracked |  0
| 605|0x00000000aaf00000, 0x00000000aaf00000, 0x00000000ab000000|  0%| F|  |TAMS 0x00000000aaf00000| PB 0x00000000aaf00000| Untracked |  0
| 606|0x00000000ab000000, 0x00000000ab000000, 0x00000000ab100000|  0%| F|  |TAMS 0x00000000ab000000| PB 0x00000000ab000000| Untracked |  0
| 607|0x00000000ab100000, 0x00000000ab100000, 0x00000000ab200000|  0%| F|  |TAMS 0x00000000ab100000| PB 0x00000000ab100000| Untracked |  0
| 608|0x00000000ab200000, 0x00000000ab200000, 0x00000000ab300000|  0%| F|  |TAMS 0x00000000ab200000| PB 0x00000000ab200000| Untracked |  0
| 609|0x00000000ab300000, 0x00000000ab300000, 0x00000000ab400000|  0%| F|  |TAMS 0x00000000ab300000| PB 0x00000000ab300000| Untracked |  0
| 610|0x00000000ab400000, 0x00000000ab400000, 0x00000000ab500000|  0%| F|  |TAMS 0x00000000ab400000| PB 0x00000000ab400000| Untracked |  0
| 611|0x00000000ab500000, 0x00000000ab500000, 0x00000000ab600000|  0%| F|  |TAMS 0x00000000ab500000| PB 0x00000000ab500000| Untracked |  0
| 612|0x00000000ab600000, 0x00000000ab600000, 0x00000000ab700000|  0%| F|  |TAMS 0x00000000ab600000| PB 0x00000000ab600000| Untracked |  0
| 613|0x00000000ab700000, 0x00000000ab700000, 0x00000000ab800000|  0%| F|  |TAMS 0x00000000ab700000| PB 0x00000000ab700000| Untracked |  0
| 614|0x00000000ab800000, 0x00000000ab800000, 0x00000000ab900000|  0%| F|  |TAMS 0x00000000ab800000| PB 0x00000000ab800000| Untracked |  0
| 615|0x00000000ab900000, 0x00000000ab900000, 0x00000000aba00000|  0%| F|  |TAMS 0x00000000ab900000| PB 0x00000000ab900000| Untracked |  0
| 616|0x00000000aba00000, 0x00000000aba00000, 0x00000000abb00000|  0%| F|  |TAMS 0x00000000aba00000| PB 0x00000000aba00000| Untracked |  0
| 617|0x00000000abb00000, 0x00000000abb00000, 0x00000000abc00000|  0%| F|  |TAMS 0x00000000abb00000| PB 0x00000000abb00000| Untracked |  0
| 618|0x00000000abc00000, 0x00000000abc00000, 0x00000000abd00000|  0%| F|  |TAMS 0x00000000abc00000| PB 0x00000000abc00000| Untracked |  0
| 619|0x00000000abd00000, 0x00000000abd00000, 0x00000000abe00000|  0%| F|  |TAMS 0x00000000abd00000| PB 0x00000000abd00000| Untracked |  0
| 620|0x00000000abe00000, 0x00000000abe00000, 0x00000000abf00000|  0%| F|  |TAMS 0x00000000abe00000| PB 0x00000000abe00000| Untracked |  0
| 621|0x00000000abf00000, 0x00000000abf00000, 0x00000000ac000000|  0%| F|  |TAMS 0x00000000abf00000| PB 0x00000000abf00000| Untracked |  0
| 622|0x00000000ac000000, 0x00000000ac000000, 0x00000000ac100000|  0%| F|  |TAMS 0x00000000ac000000| PB 0x00000000ac000000| Untracked |  0
| 623|0x00000000ac100000, 0x00000000ac100000, 0x00000000ac200000|  0%| F|  |TAMS 0x00000000ac100000| PB 0x00000000ac100000| Untracked |  0
| 624|0x00000000ac200000, 0x00000000ac200000, 0x00000000ac300000|  0%| F|  |TAMS 0x00000000ac200000| PB 0x00000000ac200000| Untracked |  0
| 625|0x00000000ac300000, 0x00000000ac300000, 0x00000000ac400000|  0%| F|  |TAMS 0x00000000ac300000| PB 0x00000000ac300000| Untracked |  0
| 626|0x00000000ac400000, 0x00000000ac400000, 0x00000000ac500000|  0%| F|  |TAMS 0x00000000ac400000| PB 0x00000000ac400000| Untracked |  0
| 627|0x00000000ac500000, 0x00000000ac500000, 0x00000000ac600000|  0%| F|  |TAMS 0x00000000ac500000| PB 0x00000000ac500000| Untracked |  0
| 628|0x00000000ac600000, 0x00000000ac600000, 0x00000000ac700000|  0%| F|  |TAMS 0x00000000ac600000| PB 0x00000000ac600000| Untracked |  0
| 629|0x00000000ac700000, 0x00000000ac700000, 0x00000000ac800000|  0%| F|  |TAMS 0x00000000ac700000| PB 0x00000000ac700000| Untracked |  0
| 630|0x00000000ac800000, 0x00000000ac800000, 0x00000000ac900000|  0%| F|  |TAMS 0x00000000ac800000| PB 0x00000000ac800000| Untracked |  0
| 631|0x00000000ac900000, 0x00000000ac900000, 0x00000000aca00000|  0%| F|  |TAMS 0x00000000ac900000| PB 0x00000000ac900000| Untracked |  0
| 632|0x00000000aca00000, 0x00000000aca00000, 0x00000000acb00000|  0%| F|  |TAMS 0x00000000aca00000| PB 0x00000000aca00000| Untracked |  0
| 633|0x00000000acb00000, 0x00000000acb00000, 0x00000000acc00000|  0%| F|  |TAMS 0x00000000acb00000| PB 0x00000000acb00000| Untracked |  0
| 634|0x00000000acc00000, 0x00000000acc00000, 0x00000000acd00000|  0%| F|  |TAMS 0x00000000acc00000| PB 0x00000000acc00000| Untracked |  0
| 635|0x00000000acd00000, 0x00000000acd00000, 0x00000000ace00000|  0%| F|  |TAMS 0x00000000acd00000| PB 0x00000000acd00000| Untracked |  0
| 636|0x00000000ace00000, 0x00000000ace00000, 0x00000000acf00000|  0%| F|  |TAMS 0x00000000ace00000| PB 0x00000000ace00000| Untracked |  0
| 637|0x00000000acf00000, 0x00000000acf00000, 0x00000000ad000000|  0%| F|  |TAMS 0x00000000acf00000| PB 0x00000000acf00000| Untracked |  0
| 638|0x00000000ad000000, 0x00000000ad000000, 0x00000000ad100000|  0%| F|  |TAMS 0x00000000ad000000| PB 0x00000000ad000000| Untracked |  0
| 639|0x00000000ad100000, 0x00000000ad100000, 0x00000000ad200000|  0%| F|  |TAMS 0x00000000ad100000| PB 0x00000000ad100000| Untracked |  0
| 640|0x00000000ad200000, 0x00000000ad200000, 0x00000000ad300000|  0%| F|  |TAMS 0x00000000ad200000| PB 0x00000000ad200000| Untracked |  0
| 641|0x00000000ad300000, 0x00000000ad300000, 0x00000000ad400000|  0%| F|  |TAMS 0x00000000ad300000| PB 0x00000000ad300000| Untracked |  0
| 642|0x00000000ad400000, 0x00000000ad400000, 0x00000000ad500000|  0%| F|  |TAMS 0x00000000ad400000| PB 0x00000000ad400000| Untracked |  0
| 643|0x00000000ad500000, 0x00000000ad500000, 0x00000000ad600000|  0%| F|  |TAMS 0x00000000ad500000| PB 0x00000000ad500000| Untracked |  0
| 644|0x00000000ad600000, 0x00000000ad600000, 0x00000000ad700000|  0%| F|  |TAMS 0x00000000ad600000| PB 0x00000000ad600000| Untracked |  0
| 645|0x00000000ad700000, 0x00000000ad700000, 0x00000000ad800000|  0%| F|  |TAMS 0x00000000ad700000| PB 0x00000000ad700000| Untracked |  0
| 646|0x00000000ad800000, 0x00000000ad800000, 0x00000000ad900000|  0%| F|  |TAMS 0x00000000ad800000| PB 0x00000000ad800000| Untracked |  0
| 647|0x00000000ad900000, 0x00000000ad900000, 0x00000000ada00000|  0%| F|  |TAMS 0x00000000ad900000| PB 0x00000000ad900000| Untracked |  0
| 648|0x00000000ada00000, 0x00000000ada00000, 0x00000000adb00000|  0%| F|  |TAMS 0x00000000ada00000| PB 0x00000000ada00000| Untracked |  0
| 649|0x00000000adb00000, 0x00000000adb00000, 0x00000000adc00000|  0%| F|  |TAMS 0x00000000adb00000| PB 0x00000000adb00000| Untracked |  0
| 650|0x00000000adc00000, 0x00000000adc00000, 0x00000000add00000|  0%| F|  |TAMS 0x00000000adc00000| PB 0x00000000adc00000| Untracked |  0
| 651|0x00000000add00000, 0x00000000add00000, 0x00000000ade00000|  0%| F|  |TAMS 0x00000000add00000| PB 0x00000000add00000| Untracked |  0
| 652|0x00000000ade00000, 0x00000000ade00000, 0x00000000adf00000|  0%| F|  |TAMS 0x00000000ade00000| PB 0x00000000ade00000| Untracked |  0
| 653|0x00000000adf00000, 0x00000000adf00000, 0x00000000ae000000|  0%| F|  |TAMS 0x00000000adf00000| PB 0x00000000adf00000| Untracked |  0
| 654|0x00000000ae000000, 0x00000000ae000000, 0x00000000ae100000|  0%| F|  |TAMS 0x00000000ae000000| PB 0x00000000ae000000| Untracked |  0
| 655|0x00000000ae100000, 0x00000000ae100000, 0x00000000ae200000|  0%| F|  |TAMS 0x00000000ae100000| PB 0x00000000ae100000| Untracked |  0
| 656|0x00000000ae200000, 0x00000000ae200000, 0x00000000ae300000|  0%| F|  |TAMS 0x00000000ae200000| PB 0x00000000ae200000| Untracked |  0
| 657|0x00000000ae300000, 0x00000000ae300000, 0x00000000ae400000|  0%| F|  |TAMS 0x00000000ae300000| PB 0x00000000ae300000| Untracked |  0
| 658|0x00000000ae400000, 0x00000000ae400000, 0x00000000ae500000|  0%| F|  |TAMS 0x00000000ae400000| PB 0x00000000ae400000| Untracked |  0
| 659|0x00000000ae500000, 0x00000000ae500000, 0x00000000ae600000|  0%| F|  |TAMS 0x00000000ae500000| PB 0x00000000ae500000| Untracked |  0
| 660|0x00000000ae600000, 0x00000000ae600000, 0x00000000ae700000|  0%| F|  |TAMS 0x00000000ae600000| PB 0x00000000ae600000| Untracked |  0
| 661|0x00000000ae700000, 0x00000000ae700000, 0x00000000ae800000|  0%| F|  |TAMS 0x00000000ae700000| PB 0x00000000ae700000| Untracked |  0
| 662|0x00000000ae800000, 0x00000000ae800000, 0x00000000ae900000|  0%| F|  |TAMS 0x00000000ae800000| PB 0x00000000ae800000| Untracked |  0
| 663|0x00000000ae900000, 0x00000000ae900000, 0x00000000aea00000|  0%| F|  |TAMS 0x00000000ae900000| PB 0x00000000ae900000| Untracked |  0
| 664|0x00000000aea00000, 0x00000000aea00000, 0x00000000aeb00000|  0%| F|  |TAMS 0x00000000aea00000| PB 0x00000000aea00000| Untracked |  0
| 665|0x00000000aeb00000, 0x00000000aeb00000, 0x00000000aec00000|  0%| F|  |TAMS 0x00000000aeb00000| PB 0x00000000aeb00000| Untracked |  0
| 666|0x00000000aec00000, 0x00000000aec00000, 0x00000000aed00000|  0%| F|  |TAMS 0x00000000aec00000| PB 0x00000000aec00000| Untracked |  0
| 667|0x00000000aed00000, 0x00000000aed00000, 0x00000000aee00000|  0%| F|  |TAMS 0x00000000aed00000| PB 0x00000000aed00000| Untracked |  0
| 668|0x00000000aee00000, 0x00000000aee00000, 0x00000000aef00000|  0%| F|  |TAMS 0x00000000aee00000| PB 0x00000000aee00000| Untracked |  0
| 669|0x00000000aef00000, 0x00000000aef00000, 0x00000000af000000|  0%| F|  |TAMS 0x00000000aef00000| PB 0x00000000aef00000| Untracked |  0
| 670|0x00000000af000000, 0x00000000af000000, 0x00000000af100000|  0%| F|  |TAMS 0x00000000af000000| PB 0x00000000af000000| Untracked |  0
| 671|0x00000000af100000, 0x00000000af100000, 0x00000000af200000|  0%| F|  |TAMS 0x00000000af100000| PB 0x00000000af100000| Untracked |  0
| 672|0x00000000af200000, 0x00000000af200000, 0x00000000af300000|  0%| F|  |TAMS 0x00000000af200000| PB 0x00000000af200000| Untracked |  0
| 673|0x00000000af300000, 0x00000000af300000, 0x00000000af400000|  0%| F|  |TAMS 0x00000000af300000| PB 0x00000000af300000| Untracked |  0
| 674|0x00000000af400000, 0x00000000af400000, 0x00000000af500000|  0%| F|  |TAMS 0x00000000af400000| PB 0x00000000af400000| Untracked |  0
| 675|0x00000000af500000, 0x00000000af500000, 0x00000000af600000|  0%| F|  |TAMS 0x00000000af500000| PB 0x00000000af500000| Untracked |  0
| 676|0x00000000af600000, 0x00000000af600000, 0x00000000af700000|  0%| F|  |TAMS 0x00000000af600000| PB 0x00000000af600000| Untracked |  0
| 677|0x00000000af700000, 0x00000000af700000, 0x00000000af800000|  0%| F|  |TAMS 0x00000000af700000| PB 0x00000000af700000| Untracked |  0
| 678|0x00000000af800000, 0x00000000af800000, 0x00000000af900000|  0%| F|  |TAMS 0x00000000af800000| PB 0x00000000af800000| Untracked |  0
| 679|0x00000000af900000, 0x00000000af900000, 0x00000000afa00000|  0%| F|  |TAMS 0x00000000af900000| PB 0x00000000af900000| Untracked |  0
| 680|0x00000000afa00000, 0x00000000afa00000, 0x00000000afb00000|  0%| F|  |TAMS 0x00000000afa00000| PB 0x00000000afa00000| Untracked |  0
| 681|0x00000000afb00000, 0x00000000afb00000, 0x00000000afc00000|  0%| F|  |TAMS 0x00000000afb00000| PB 0x00000000afb00000| Untracked |  0
| 682|0x00000000afc00000, 0x00000000afc00000, 0x00000000afd00000|  0%| F|  |TAMS 0x00000000afc00000| PB 0x00000000afc00000| Untracked |  0
| 683|0x00000000afd00000, 0x00000000afd00000, 0x00000000afe00000|  0%| F|  |TAMS 0x00000000afd00000| PB 0x00000000afd00000| Untracked |  0
| 684|0x00000000afe00000, 0x00000000afe00000, 0x00000000aff00000|  0%| F|  |TAMS 0x00000000afe00000| PB 0x00000000afe00000| Untracked |  0
| 685|0x00000000aff00000, 0x00000000aff00000, 0x00000000b0000000|  0%| F|  |TAMS 0x00000000aff00000| PB 0x00000000aff00000| Untracked |  0
| 686|0x00000000b0000000, 0x00000000b0000000, 0x00000000b0100000|  0%| F|  |TAMS 0x00000000b0000000| PB 0x00000000b0000000| Untracked |  0
| 687|0x00000000b0100000, 0x00000000b0100000, 0x00000000b0200000|  0%| F|  |TAMS 0x00000000b0100000| PB 0x00000000b0100000| Untracked |  0
| 688|0x00000000b0200000, 0x00000000b0200000, 0x00000000b0300000|  0%| F|  |TAMS 0x00000000b0200000| PB 0x00000000b0200000| Untracked |  0
| 689|0x00000000b0300000, 0x00000000b0300000, 0x00000000b0400000|  0%| F|  |TAMS 0x00000000b0300000| PB 0x00000000b0300000| Untracked |  0
| 690|0x00000000b0400000, 0x00000000b0400000, 0x00000000b0500000|  0%| F|  |TAMS 0x00000000b0400000| PB 0x00000000b0400000| Untracked |  0
| 691|0x00000000b0500000, 0x00000000b0500000, 0x00000000b0600000|  0%| F|  |TAMS 0x00000000b0500000| PB 0x00000000b0500000| Untracked |  0
| 692|0x00000000b0600000, 0x00000000b0600000, 0x00000000b0700000|  0%| F|  |TAMS 0x00000000b0600000| PB 0x00000000b0600000| Untracked |  0
| 693|0x00000000b0700000, 0x00000000b0700000, 0x00000000b0800000|  0%| F|  |TAMS 0x00000000b0700000| PB 0x00000000b0700000| Untracked |  0
| 694|0x00000000b0800000, 0x00000000b0800000, 0x00000000b0900000|  0%| F|  |TAMS 0x00000000b0800000| PB 0x00000000b0800000| Untracked |  0
| 695|0x00000000b0900000, 0x00000000b0900000, 0x00000000b0a00000|  0%| F|  |TAMS 0x00000000b0900000| PB 0x00000000b0900000| Untracked |  0
| 696|0x00000000b0a00000, 0x00000000b0a00000, 0x00000000b0b00000|  0%| F|  |TAMS 0x00000000b0a00000| PB 0x00000000b0a00000| Untracked |  0
| 697|0x00000000b0b00000, 0x00000000b0b00000, 0x00000000b0c00000|  0%| F|  |TAMS 0x00000000b0b00000| PB 0x00000000b0b00000| Untracked |  0
| 698|0x00000000b0c00000, 0x00000000b0c00000, 0x00000000b0d00000|  0%| F|  |TAMS 0x00000000b0c00000| PB 0x00000000b0c00000| Untracked |  0
| 699|0x00000000b0d00000, 0x00000000b0d00000, 0x00000000b0e00000|  0%| F|  |TAMS 0x00000000b0d00000| PB 0x00000000b0d00000| Untracked |  0
| 700|0x00000000b0e00000, 0x00000000b0e00000, 0x00000000b0f00000|  0%| F|  |TAMS 0x00000000b0e00000| PB 0x00000000b0e00000| Untracked |  0
| 701|0x00000000b0f00000, 0x00000000b0f00000, 0x00000000b1000000|  0%| F|  |TAMS 0x00000000b0f00000| PB 0x00000000b0f00000| Untracked |  0
| 702|0x00000000b1000000, 0x00000000b1000000, 0x00000000b1100000|  0%| F|  |TAMS 0x00000000b1000000| PB 0x00000000b1000000| Untracked |  0
| 703|0x00000000b1100000, 0x00000000b1100000, 0x00000000b1200000|  0%| F|  |TAMS 0x00000000b1100000| PB 0x00000000b1100000| Untracked |  0
| 704|0x00000000b1200000, 0x00000000b1200000, 0x00000000b1300000|  0%| F|  |TAMS 0x00000000b1200000| PB 0x00000000b1200000| Untracked |  0
| 705|0x00000000b1300000, 0x00000000b1300000, 0x00000000b1400000|  0%| F|  |TAMS 0x00000000b1300000| PB 0x00000000b1300000| Untracked |  0
| 706|0x00000000b1400000, 0x00000000b1400000, 0x00000000b1500000|  0%| F|  |TAMS 0x00000000b1400000| PB 0x00000000b1400000| Untracked |  0
| 707|0x00000000b1500000, 0x00000000b1500000, 0x00000000b1600000|  0%| F|  |TAMS 0x00000000b1500000| PB 0x00000000b1500000| Untracked |  0
| 708|0x00000000b1600000, 0x00000000b1600000, 0x00000000b1700000|  0%| F|  |TAMS 0x00000000b1600000| PB 0x00000000b1600000| Untracked |  0
| 709|0x00000000b1700000, 0x00000000b1700000, 0x00000000b1800000|  0%| F|  |TAMS 0x00000000b1700000| PB 0x00000000b1700000| Untracked |  0
| 710|0x00000000b1800000, 0x00000000b1800000, 0x00000000b1900000|  0%| F|  |TAMS 0x00000000b1800000| PB 0x00000000b1800000| Untracked |  0
| 711|0x00000000b1900000, 0x00000000b1900000, 0x00000000b1a00000|  0%| F|  |TAMS 0x00000000b1900000| PB 0x00000000b1900000| Untracked |  0
| 712|0x00000000b1a00000, 0x00000000b1a00000, 0x00000000b1b00000|  0%| F|  |TAMS 0x00000000b1a00000| PB 0x00000000b1a00000| Untracked |  0
| 713|0x00000000b1b00000, 0x00000000b1b00000, 0x00000000b1c00000|  0%| F|  |TAMS 0x00000000b1b00000| PB 0x00000000b1b00000| Untracked |  0
| 714|0x00000000b1c00000, 0x00000000b1c00000, 0x00000000b1d00000|  0%| F|  |TAMS 0x00000000b1c00000| PB 0x00000000b1c00000| Untracked |  0
| 715|0x00000000b1d00000, 0x00000000b1d00000, 0x00000000b1e00000|  0%| F|  |TAMS 0x00000000b1d00000| PB 0x00000000b1d00000| Untracked |  0
| 716|0x00000000b1e00000, 0x00000000b1e00000, 0x00000000b1f00000|  0%| F|  |TAMS 0x00000000b1e00000| PB 0x00000000b1e00000| Untracked |  0
| 717|0x00000000b1f00000, 0x00000000b1f00000, 0x00000000b2000000|  0%| F|  |TAMS 0x00000000b1f00000| PB 0x00000000b1f00000| Untracked |  0
| 718|0x00000000b2000000, 0x00000000b2000000, 0x00000000b2100000|  0%| F|  |TAMS 0x00000000b2000000| PB 0x00000000b2000000| Untracked |  0
| 719|0x00000000b2100000, 0x00000000b2100000, 0x00000000b2200000|  0%| F|  |TAMS 0x00000000b2100000| PB 0x00000000b2100000| Untracked |  0
| 720|0x00000000b2200000, 0x00000000b2200000, 0x00000000b2300000|  0%| F|  |TAMS 0x00000000b2200000| PB 0x00000000b2200000| Untracked |  0
| 721|0x00000000b2300000, 0x00000000b2300000, 0x00000000b2400000|  0%| F|  |TAMS 0x00000000b2300000| PB 0x00000000b2300000| Untracked |  0
| 722|0x00000000b2400000, 0x00000000b2400000, 0x00000000b2500000|  0%| F|  |TAMS 0x00000000b2400000| PB 0x00000000b2400000| Untracked |  0
| 723|0x00000000b2500000, 0x00000000b2500000, 0x00000000b2600000|  0%| F|  |TAMS 0x00000000b2500000| PB 0x00000000b2500000| Untracked |  0
| 724|0x00000000b2600000, 0x00000000b2600000, 0x00000000b2700000|  0%| F|  |TAMS 0x00000000b2600000| PB 0x00000000b2600000| Untracked |  0
| 725|0x00000000b2700000, 0x00000000b2700000, 0x00000000b2800000|  0%| F|  |TAMS 0x00000000b2700000| PB 0x00000000b2700000| Untracked |  0
| 726|0x00000000b2800000, 0x00000000b2800000, 0x00000000b2900000|  0%| F|  |TAMS 0x00000000b2800000| PB 0x00000000b2800000| Untracked |  0
| 727|0x00000000b2900000, 0x00000000b2900000, 0x00000000b2a00000|  0%| F|  |TAMS 0x00000000b2900000| PB 0x00000000b2900000| Untracked |  0
| 728|0x00000000b2a00000, 0x00000000b2a00000, 0x00000000b2b00000|  0%| F|  |TAMS 0x00000000b2a00000| PB 0x00000000b2a00000| Untracked |  0
| 729|0x00000000b2b00000, 0x00000000b2b00000, 0x00000000b2c00000|  0%| F|  |TAMS 0x00000000b2b00000| PB 0x00000000b2b00000| Untracked |  0
| 730|0x00000000b2c00000, 0x00000000b2c00000, 0x00000000b2d00000|  0%| F|  |TAMS 0x00000000b2c00000| PB 0x00000000b2c00000| Untracked |  0
| 731|0x00000000b2d00000, 0x00000000b2d00000, 0x00000000b2e00000|  0%| F|  |TAMS 0x00000000b2d00000| PB 0x00000000b2d00000| Untracked |  0
| 732|0x00000000b2e00000, 0x00000000b2e00000, 0x00000000b2f00000|  0%| F|  |TAMS 0x00000000b2e00000| PB 0x00000000b2e00000| Untracked |  0
| 733|0x00000000b2f00000, 0x00000000b2f00000, 0x00000000b3000000|  0%| F|  |TAMS 0x00000000b2f00000| PB 0x00000000b2f00000| Untracked |  0
| 734|0x00000000b3000000, 0x00000000b3000000, 0x00000000b3100000|  0%| F|  |TAMS 0x00000000b3000000| PB 0x00000000b3000000| Untracked |  0
| 735|0x00000000b3100000, 0x00000000b3100000, 0x00000000b3200000|  0%| F|  |TAMS 0x00000000b3100000| PB 0x00000000b3100000| Untracked |  0
| 736|0x00000000b3200000, 0x00000000b3200000, 0x00000000b3300000|  0%| F|  |TAMS 0x00000000b3200000| PB 0x00000000b3200000| Untracked |  0
| 737|0x00000000b3300000, 0x00000000b3300000, 0x00000000b3400000|  0%| F|  |TAMS 0x00000000b3300000| PB 0x00000000b3300000| Untracked |  0
| 738|0x00000000b3400000, 0x00000000b3400000, 0x00000000b3500000|  0%| F|  |TAMS 0x00000000b3400000| PB 0x00000000b3400000| Untracked |  0
| 739|0x00000000b3500000, 0x00000000b3500000, 0x00000000b3600000|  0%| F|  |TAMS 0x00000000b3500000| PB 0x00000000b3500000| Untracked |  0
| 740|0x00000000b3600000, 0x00000000b3600000, 0x00000000b3700000|  0%| F|  |TAMS 0x00000000b3600000| PB 0x00000000b3600000| Untracked |  0
| 741|0x00000000b3700000, 0x00000000b3700000, 0x00000000b3800000|  0%| F|  |TAMS 0x00000000b3700000| PB 0x00000000b3700000| Untracked |  0
| 742|0x00000000b3800000, 0x00000000b3800000, 0x00000000b3900000|  0%| F|  |TAMS 0x00000000b3800000| PB 0x00000000b3800000| Untracked |  0
| 743|0x00000000b3900000, 0x00000000b3900000, 0x00000000b3a00000|  0%| F|  |TAMS 0x00000000b3900000| PB 0x00000000b3900000| Untracked |  0
| 744|0x00000000b3a00000, 0x00000000b3a00000, 0x00000000b3b00000|  0%| F|  |TAMS 0x00000000b3a00000| PB 0x00000000b3a00000| Untracked |  0
| 745|0x00000000b3b00000, 0x00000000b3b00000, 0x00000000b3c00000|  0%| F|  |TAMS 0x00000000b3b00000| PB 0x00000000b3b00000| Untracked |  0
| 746|0x00000000b3c00000, 0x00000000b3c00000, 0x00000000b3d00000|  0%| F|  |TAMS 0x00000000b3c00000| PB 0x00000000b3c00000| Untracked |  0
| 747|0x00000000b3d00000, 0x00000000b3d00000, 0x00000000b3e00000|  0%| F|  |TAMS 0x00000000b3d00000| PB 0x00000000b3d00000| Untracked |  0
| 748|0x00000000b3e00000, 0x00000000b3e00000, 0x00000000b3f00000|  0%| F|  |TAMS 0x00000000b3e00000| PB 0x00000000b3e00000| Untracked |  0
| 749|0x00000000b3f00000, 0x00000000b3f00000, 0x00000000b4000000|  0%| F|  |TAMS 0x00000000b3f00000| PB 0x00000000b3f00000| Untracked |  0
| 750|0x00000000b4000000, 0x00000000b4000000, 0x00000000b4100000|  0%| F|  |TAMS 0x00000000b4000000| PB 0x00000000b4000000| Untracked |  0
| 751|0x00000000b4100000, 0x00000000b4100000, 0x00000000b4200000|  0%| F|  |TAMS 0x00000000b4100000| PB 0x00000000b4100000| Untracked |  0
| 752|0x00000000b4200000, 0x00000000b4200000, 0x00000000b4300000|  0%| F|  |TAMS 0x00000000b4200000| PB 0x00000000b4200000| Untracked |  0
| 753|0x00000000b4300000, 0x00000000b4300000, 0x00000000b4400000|  0%| F|  |TAMS 0x00000000b4300000| PB 0x00000000b4300000| Untracked |  0
| 754|0x00000000b4400000, 0x00000000b4400000, 0x00000000b4500000|  0%| F|  |TAMS 0x00000000b4400000| PB 0x00000000b4400000| Untracked |  0
| 755|0x00000000b4500000, 0x00000000b4500000, 0x00000000b4600000|  0%| F|  |TAMS 0x00000000b4500000| PB 0x00000000b4500000| Untracked |  0
| 756|0x00000000b4600000, 0x00000000b4600000, 0x00000000b4700000|  0%| F|  |TAMS 0x00000000b4600000| PB 0x00000000b4600000| Untracked |  0
| 757|0x00000000b4700000, 0x00000000b4700000, 0x00000000b4800000|  0%| F|  |TAMS 0x00000000b4700000| PB 0x00000000b4700000| Untracked |  0
| 758|0x00000000b4800000, 0x00000000b4800000, 0x00000000b4900000|  0%| F|  |TAMS 0x00000000b4800000| PB 0x00000000b4800000| Untracked |  0
| 759|0x00000000b4900000, 0x00000000b4900000, 0x00000000b4a00000|  0%| F|  |TAMS 0x00000000b4900000| PB 0x00000000b4900000| Untracked |  0
| 760|0x00000000b4a00000, 0x00000000b4a00000, 0x00000000b4b00000|  0%| F|  |TAMS 0x00000000b4a00000| PB 0x00000000b4a00000| Untracked |  0
| 761|0x00000000b4b00000, 0x00000000b4b00000, 0x00000000b4c00000|  0%| F|  |TAMS 0x00000000b4b00000| PB 0x00000000b4b00000| Untracked |  0
| 762|0x00000000b4c00000, 0x00000000b4c00000, 0x00000000b4d00000|  0%| F|  |TAMS 0x00000000b4c00000| PB 0x00000000b4c00000| Untracked |  0
| 763|0x00000000b4d00000, 0x00000000b4d00000, 0x00000000b4e00000|  0%| F|  |TAMS 0x00000000b4d00000| PB 0x00000000b4d00000| Untracked |  0
| 764|0x00000000b4e00000, 0x00000000b4e00000, 0x00000000b4f00000|  0%| F|  |TAMS 0x00000000b4e00000| PB 0x00000000b4e00000| Untracked |  0
| 765|0x00000000b4f00000, 0x00000000b4f00000, 0x00000000b5000000|  0%| F|  |TAMS 0x00000000b4f00000| PB 0x00000000b4f00000| Untracked |  0
| 766|0x00000000b5000000, 0x00000000b5000000, 0x00000000b5100000|  0%| F|  |TAMS 0x00000000b5000000| PB 0x00000000b5000000| Untracked |  0
| 767|0x00000000b5100000, 0x00000000b5100000, 0x00000000b5200000|  0%| F|  |TAMS 0x00000000b5100000| PB 0x00000000b5100000| Untracked |  0
| 768|0x00000000b5200000, 0x00000000b5200000, 0x00000000b5300000|  0%| F|  |TAMS 0x00000000b5200000| PB 0x00000000b5200000| Untracked |  0
| 769|0x00000000b5300000, 0x00000000b5300000, 0x00000000b5400000|  0%| F|  |TAMS 0x00000000b5300000| PB 0x00000000b5300000| Untracked |  0
| 770|0x00000000b5400000, 0x00000000b5400000, 0x00000000b5500000|  0%| F|  |TAMS 0x00000000b5400000| PB 0x00000000b5400000| Untracked |  0
| 771|0x00000000b5500000, 0x00000000b5500000, 0x00000000b5600000|  0%| F|  |TAMS 0x00000000b5500000| PB 0x00000000b5500000| Untracked |  0
| 772|0x00000000b5600000, 0x00000000b5600000, 0x00000000b5700000|  0%| F|  |TAMS 0x00000000b5600000| PB 0x00000000b5600000| Untracked |  0
| 773|0x00000000b5700000, 0x00000000b5700000, 0x00000000b5800000|  0%| F|  |TAMS 0x00000000b5700000| PB 0x00000000b5700000| Untracked |  0
| 774|0x00000000b5800000, 0x00000000b5800000, 0x00000000b5900000|  0%| F|  |TAMS 0x00000000b5800000| PB 0x00000000b5800000| Untracked |  0
| 775|0x00000000b5900000, 0x00000000b5900000, 0x00000000b5a00000|  0%| F|  |TAMS 0x00000000b5900000| PB 0x00000000b5900000| Untracked |  0
| 776|0x00000000b5a00000, 0x00000000b5a00000, 0x00000000b5b00000|  0%| F|  |TAMS 0x00000000b5a00000| PB 0x00000000b5a00000| Untracked |  0
| 777|0x00000000b5b00000, 0x00000000b5b00000, 0x00000000b5c00000|  0%| F|  |TAMS 0x00000000b5b00000| PB 0x00000000b5b00000| Untracked |  0
| 778|0x00000000b5c00000, 0x00000000b5c00000, 0x00000000b5d00000|  0%| F|  |TAMS 0x00000000b5c00000| PB 0x00000000b5c00000| Untracked |  0
| 779|0x00000000b5d00000, 0x00000000b5d00000, 0x00000000b5e00000|  0%| F|  |TAMS 0x00000000b5d00000| PB 0x00000000b5d00000| Untracked |  0
| 780|0x00000000b5e00000, 0x00000000b5e00000, 0x00000000b5f00000|  0%| F|  |TAMS 0x00000000b5e00000| PB 0x00000000b5e00000| Untracked |  0
| 781|0x00000000b5f00000, 0x00000000b5f00000, 0x00000000b6000000|  0%| F|  |TAMS 0x00000000b5f00000| PB 0x00000000b5f00000| Untracked |  0
| 782|0x00000000b6000000, 0x00000000b6000000, 0x00000000b6100000|  0%| F|  |TAMS 0x00000000b6000000| PB 0x00000000b6000000| Untracked |  0
| 783|0x00000000b6100000, 0x00000000b6100000, 0x00000000b6200000|  0%| F|  |TAMS 0x00000000b6100000| PB 0x00000000b6100000| Untracked |  0
| 784|0x00000000b6200000, 0x00000000b6200000, 0x00000000b6300000|  0%| F|  |TAMS 0x00000000b6200000| PB 0x00000000b6200000| Untracked |  0
| 785|0x00000000b6300000, 0x00000000b6300000, 0x00000000b6400000|  0%| F|  |TAMS 0x00000000b6300000| PB 0x00000000b6300000| Untracked |  0
| 786|0x00000000b6400000, 0x00000000b6400000, 0x00000000b6500000|  0%| F|  |TAMS 0x00000000b6400000| PB 0x00000000b6400000| Untracked |  0
| 787|0x00000000b6500000, 0x00000000b6500000, 0x00000000b6600000|  0%| F|  |TAMS 0x00000000b6500000| PB 0x00000000b6500000| Untracked |  0
| 788|0x00000000b6600000, 0x00000000b6600000, 0x00000000b6700000|  0%| F|  |TAMS 0x00000000b6600000| PB 0x00000000b6600000| Untracked |  0
| 789|0x00000000b6700000, 0x00000000b6700000, 0x00000000b6800000|  0%| F|  |TAMS 0x00000000b6700000| PB 0x00000000b6700000| Untracked |  0
| 790|0x00000000b6800000, 0x00000000b6800000, 0x00000000b6900000|  0%| F|  |TAMS 0x00000000b6800000| PB 0x00000000b6800000| Untracked |  0
| 791|0x00000000b6900000, 0x00000000b6900000, 0x00000000b6a00000|  0%| F|  |TAMS 0x00000000b6900000| PB 0x00000000b6900000| Untracked |  0
| 792|0x00000000b6a00000, 0x00000000b6a00000, 0x00000000b6b00000|  0%| F|  |TAMS 0x00000000b6a00000| PB 0x00000000b6a00000| Untracked |  0
| 793|0x00000000b6b00000, 0x00000000b6b00000, 0x00000000b6c00000|  0%| F|  |TAMS 0x00000000b6b00000| PB 0x00000000b6b00000| Untracked |  0
| 794|0x00000000b6c00000, 0x00000000b6c00000, 0x00000000b6d00000|  0%| F|  |TAMS 0x00000000b6c00000| PB 0x00000000b6c00000| Untracked |  0
| 795|0x00000000b6d00000, 0x00000000b6d00000, 0x00000000b6e00000|  0%| F|  |TAMS 0x00000000b6d00000| PB 0x00000000b6d00000| Untracked |  0
| 796|0x00000000b6e00000, 0x00000000b6e00000, 0x00000000b6f00000|  0%| F|  |TAMS 0x00000000b6e00000| PB 0x00000000b6e00000| Untracked |  0
| 797|0x00000000b6f00000, 0x00000000b6f00000, 0x00000000b7000000|  0%| F|  |TAMS 0x00000000b6f00000| PB 0x00000000b6f00000| Untracked |  0
| 798|0x00000000b7000000, 0x00000000b7000000, 0x00000000b7100000|  0%| F|  |TAMS 0x00000000b7000000| PB 0x00000000b7000000| Untracked |  0
| 799|0x00000000b7100000, 0x00000000b7100000, 0x00000000b7200000|  0%| F|  |TAMS 0x00000000b7100000| PB 0x00000000b7100000| Untracked |  0
| 800|0x00000000b7200000, 0x00000000b7200000, 0x00000000b7300000|  0%| F|  |TAMS 0x00000000b7200000| PB 0x00000000b7200000| Untracked |  0
| 801|0x00000000b7300000, 0x00000000b7300000, 0x00000000b7400000|  0%| F|  |TAMS 0x00000000b7300000| PB 0x00000000b7300000| Untracked |  0
| 802|0x00000000b7400000, 0x00000000b7400000, 0x00000000b7500000|  0%| F|  |TAMS 0x00000000b7400000| PB 0x00000000b7400000| Untracked |  0
| 803|0x00000000b7500000, 0x00000000b7500000, 0x00000000b7600000|  0%| F|  |TAMS 0x00000000b7500000| PB 0x00000000b7500000| Untracked |  0
| 804|0x00000000b7600000, 0x00000000b7600000, 0x00000000b7700000|  0%| F|  |TAMS 0x00000000b7600000| PB 0x00000000b7600000| Untracked |  0
| 805|0x00000000b7700000, 0x00000000b7700000, 0x00000000b7800000|  0%| F|  |TAMS 0x00000000b7700000| PB 0x00000000b7700000| Untracked |  0
| 806|0x00000000b7800000, 0x00000000b7800000, 0x00000000b7900000|  0%| F|  |TAMS 0x00000000b7800000| PB 0x00000000b7800000| Untracked |  0
| 807|0x00000000b7900000, 0x00000000b7900000, 0x00000000b7a00000|  0%| F|  |TAMS 0x00000000b7900000| PB 0x00000000b7900000| Untracked |  0
| 808|0x00000000b7a00000, 0x00000000b7a00000, 0x00000000b7b00000|  0%| F|  |TAMS 0x00000000b7a00000| PB 0x00000000b7a00000| Untracked |  0
| 809|0x00000000b7b00000, 0x00000000b7b00000, 0x00000000b7c00000|  0%| F|  |TAMS 0x00000000b7b00000| PB 0x00000000b7b00000| Untracked |  0
| 810|0x00000000b7c00000, 0x00000000b7c00000, 0x00000000b7d00000|  0%| F|  |TAMS 0x00000000b7c00000| PB 0x00000000b7c00000| Untracked |  0
| 811|0x00000000b7d00000, 0x00000000b7d00000, 0x00000000b7e00000|  0%| F|  |TAMS 0x00000000b7d00000| PB 0x00000000b7d00000| Untracked |  0
| 812|0x00000000b7e00000, 0x00000000b7e00000, 0x00000000b7f00000|  0%| F|  |TAMS 0x00000000b7e00000| PB 0x00000000b7e00000| Untracked |  0
| 813|0x00000000b7f00000, 0x00000000b7f00000, 0x00000000b8000000|  0%| F|  |TAMS 0x00000000b7f00000| PB 0x00000000b7f00000| Untracked |  0
| 814|0x00000000b8000000, 0x00000000b8000000, 0x00000000b8100000|  0%| F|  |TAMS 0x00000000b8000000| PB 0x00000000b8000000| Untracked |  0
| 815|0x00000000b8100000, 0x00000000b8100000, 0x00000000b8200000|  0%| F|  |TAMS 0x00000000b8100000| PB 0x00000000b8100000| Untracked |  0
| 816|0x00000000b8200000, 0x00000000b8200000, 0x00000000b8300000|  0%| F|  |TAMS 0x00000000b8200000| PB 0x00000000b8200000| Untracked |  0
| 817|0x00000000b8300000, 0x00000000b8300000, 0x00000000b8400000|  0%| F|  |TAMS 0x00000000b8300000| PB 0x00000000b8300000| Untracked |  0
| 818|0x00000000b8400000, 0x00000000b8400000, 0x00000000b8500000|  0%| F|  |TAMS 0x00000000b8400000| PB 0x00000000b8400000| Untracked |  0
| 819|0x00000000b8500000, 0x00000000b8500000, 0x00000000b8600000|  0%| F|  |TAMS 0x00000000b8500000| PB 0x00000000b8500000| Untracked |  0
| 820|0x00000000b8600000, 0x00000000b8600000, 0x00000000b8700000|  0%| F|  |TAMS 0x00000000b8600000| PB 0x00000000b8600000| Untracked |  0
| 821|0x00000000b8700000, 0x00000000b8700000, 0x00000000b8800000|  0%| F|  |TAMS 0x00000000b8700000| PB 0x00000000b8700000| Untracked |  0
| 822|0x00000000b8800000, 0x00000000b8800000, 0x00000000b8900000|  0%| F|  |TAMS 0x00000000b8800000| PB 0x00000000b8800000| Untracked |  0
| 823|0x00000000b8900000, 0x00000000b8900000, 0x00000000b8a00000|  0%| F|  |TAMS 0x00000000b8900000| PB 0x00000000b8900000| Untracked |  0
| 824|0x00000000b8a00000, 0x00000000b8a00000, 0x00000000b8b00000|  0%| F|  |TAMS 0x00000000b8a00000| PB 0x00000000b8a00000| Untracked |  0
| 825|0x00000000b8b00000, 0x00000000b8b00000, 0x00000000b8c00000|  0%| F|  |TAMS 0x00000000b8b00000| PB 0x00000000b8b00000| Untracked |  0
| 826|0x00000000b8c00000, 0x00000000b8c00000, 0x00000000b8d00000|  0%| F|  |TAMS 0x00000000b8c00000| PB 0x00000000b8c00000| Untracked |  0
| 827|0x00000000b8d00000, 0x00000000b8d00000, 0x00000000b8e00000|  0%| F|  |TAMS 0x00000000b8d00000| PB 0x00000000b8d00000| Untracked |  0
| 828|0x00000000b8e00000, 0x00000000b8e00000, 0x00000000b8f00000|  0%| F|  |TAMS 0x00000000b8e00000| PB 0x00000000b8e00000| Untracked |  0
| 829|0x00000000b8f00000, 0x00000000b8f00000, 0x00000000b9000000|  0%| F|  |TAMS 0x00000000b8f00000| PB 0x00000000b8f00000| Untracked |  0
| 830|0x00000000b9000000, 0x00000000b9000000, 0x00000000b9100000|  0%| F|  |TAMS 0x00000000b9000000| PB 0x00000000b9000000| Untracked |  0
| 831|0x00000000b9100000, 0x00000000b9100000, 0x00000000b9200000|  0%| F|  |TAMS 0x00000000b9100000| PB 0x00000000b9100000| Untracked |  0
| 832|0x00000000b9200000, 0x00000000b9200000, 0x00000000b9300000|  0%| F|  |TAMS 0x00000000b9200000| PB 0x00000000b9200000| Untracked |  0
| 833|0x00000000b9300000, 0x00000000b9300000, 0x00000000b9400000|  0%| F|  |TAMS 0x00000000b9300000| PB 0x00000000b9300000| Untracked |  0
| 834|0x00000000b9400000, 0x00000000b9400000, 0x00000000b9500000|  0%| F|  |TAMS 0x00000000b9400000| PB 0x00000000b9400000| Untracked |  0
| 835|0x00000000b9500000, 0x00000000b9500000, 0x00000000b9600000|  0%| F|  |TAMS 0x00000000b9500000| PB 0x00000000b9500000| Untracked |  0
| 836|0x00000000b9600000, 0x00000000b9600000, 0x00000000b9700000|  0%| F|  |TAMS 0x00000000b9600000| PB 0x00000000b9600000| Untracked |  0
| 837|0x00000000b9700000, 0x00000000b9700000, 0x00000000b9800000|  0%| F|  |TAMS 0x00000000b9700000| PB 0x00000000b9700000| Untracked |  0
| 838|0x00000000b9800000, 0x00000000b9800000, 0x00000000b9900000|  0%| F|  |TAMS 0x00000000b9800000| PB 0x00000000b9800000| Untracked |  0
| 839|0x00000000b9900000, 0x00000000b9900000, 0x00000000b9a00000|  0%| F|  |TAMS 0x00000000b9900000| PB 0x00000000b9900000| Untracked |  0
| 840|0x00000000b9a00000, 0x00000000b9a00000, 0x00000000b9b00000|  0%| F|  |TAMS 0x00000000b9a00000| PB 0x00000000b9a00000| Untracked |  0
| 841|0x00000000b9b00000, 0x00000000b9b00000, 0x00000000b9c00000|  0%| F|  |TAMS 0x00000000b9b00000| PB 0x00000000b9b00000| Untracked |  0
| 842|0x00000000b9c00000, 0x00000000b9c00000, 0x00000000b9d00000|  0%| F|  |TAMS 0x00000000b9c00000| PB 0x00000000b9c00000| Untracked |  0
| 843|0x00000000b9d00000, 0x00000000b9d00000, 0x00000000b9e00000|  0%| F|  |TAMS 0x00000000b9d00000| PB 0x00000000b9d00000| Untracked |  0
| 844|0x00000000b9e00000, 0x00000000b9e00000, 0x00000000b9f00000|  0%| F|  |TAMS 0x00000000b9e00000| PB 0x00000000b9e00000| Untracked |  0
| 845|0x00000000b9f00000, 0x00000000b9f00000, 0x00000000ba000000|  0%| F|  |TAMS 0x00000000b9f00000| PB 0x00000000b9f00000| Untracked |  0
| 846|0x00000000ba000000, 0x00000000ba000000, 0x00000000ba100000|  0%| F|  |TAMS 0x00000000ba000000| PB 0x00000000ba000000| Untracked |  0
| 847|0x00000000ba100000, 0x00000000ba100000, 0x00000000ba200000|  0%| F|  |TAMS 0x00000000ba100000| PB 0x00000000ba100000| Untracked |  0
| 848|0x00000000ba200000, 0x00000000ba200000, 0x00000000ba300000|  0%| F|  |TAMS 0x00000000ba200000| PB 0x00000000ba200000| Untracked |  0
| 849|0x00000000ba300000, 0x00000000ba300000, 0x00000000ba400000|  0%| F|  |TAMS 0x00000000ba300000| PB 0x00000000ba300000| Untracked |  0
| 850|0x00000000ba400000, 0x00000000ba400000, 0x00000000ba500000|  0%| F|  |TAMS 0x00000000ba400000| PB 0x00000000ba400000| Untracked |  0
| 851|0x00000000ba500000, 0x00000000ba500000, 0x00000000ba600000|  0%| F|  |TAMS 0x00000000ba500000| PB 0x00000000ba500000| Untracked |  0
| 852|0x00000000ba600000, 0x00000000ba600000, 0x00000000ba700000|  0%| F|  |TAMS 0x00000000ba600000| PB 0x00000000ba600000| Untracked |  0
| 853|0x00000000ba700000, 0x00000000ba700000, 0x00000000ba800000|  0%| F|  |TAMS 0x00000000ba700000| PB 0x00000000ba700000| Untracked |  0
| 854|0x00000000ba800000, 0x00000000ba800000, 0x00000000ba900000|  0%| F|  |TAMS 0x00000000ba800000| PB 0x00000000ba800000| Untracked |  0
| 855|0x00000000ba900000, 0x00000000ba900000, 0x00000000baa00000|  0%| F|  |TAMS 0x00000000ba900000| PB 0x00000000ba900000| Untracked |  0
| 856|0x00000000baa00000, 0x00000000baa00000, 0x00000000bab00000|  0%| F|  |TAMS 0x00000000baa00000| PB 0x00000000baa00000| Untracked |  0
| 857|0x00000000bab00000, 0x00000000bab00000, 0x00000000bac00000|  0%| F|  |TAMS 0x00000000bab00000| PB 0x00000000bab00000| Untracked |  0
| 858|0x00000000bac00000, 0x00000000bac00000, 0x00000000bad00000|  0%| F|  |TAMS 0x00000000bac00000| PB 0x00000000bac00000| Untracked |  0
| 859|0x00000000bad00000, 0x00000000bad00000, 0x00000000bae00000|  0%| F|  |TAMS 0x00000000bad00000| PB 0x00000000bad00000| Untracked |  0
| 860|0x00000000bae00000, 0x00000000bae00000, 0x00000000baf00000|  0%| F|  |TAMS 0x00000000bae00000| PB 0x00000000bae00000| Untracked |  0
| 861|0x00000000baf00000, 0x00000000baf00000, 0x00000000bb000000|  0%| F|  |TAMS 0x00000000baf00000| PB 0x00000000baf00000| Untracked |  0
| 862|0x00000000bb000000, 0x00000000bb000000, 0x00000000bb100000|  0%| F|  |TAMS 0x00000000bb000000| PB 0x00000000bb000000| Untracked |  0
| 863|0x00000000bb100000, 0x00000000bb100000, 0x00000000bb200000|  0%| F|  |TAMS 0x00000000bb100000| PB 0x00000000bb100000| Untracked |  0
| 864|0x00000000bb200000, 0x00000000bb200000, 0x00000000bb300000|  0%| F|  |TAMS 0x00000000bb200000| PB 0x00000000bb200000| Untracked |  0
| 865|0x00000000bb300000, 0x00000000bb300000, 0x00000000bb400000|  0%| F|  |TAMS 0x00000000bb300000| PB 0x00000000bb300000| Untracked |  0
| 866|0x00000000bb400000, 0x00000000bb400000, 0x00000000bb500000|  0%| F|  |TAMS 0x00000000bb400000| PB 0x00000000bb400000| Untracked |  0
| 867|0x00000000bb500000, 0x00000000bb500000, 0x00000000bb600000|  0%| F|  |TAMS 0x00000000bb500000| PB 0x00000000bb500000| Untracked |  0
| 868|0x00000000bb600000, 0x00000000bb600000, 0x00000000bb700000|  0%| F|  |TAMS 0x00000000bb600000| PB 0x00000000bb600000| Untracked |  0
| 869|0x00000000bb700000, 0x00000000bb700000, 0x00000000bb800000|  0%| F|  |TAMS 0x00000000bb700000| PB 0x00000000bb700000| Untracked |  0
| 870|0x00000000bb800000, 0x00000000bb800000, 0x00000000bb900000|  0%| F|  |TAMS 0x00000000bb800000| PB 0x00000000bb800000| Untracked |  0
| 871|0x00000000bb900000, 0x00000000bb900000, 0x00000000bba00000|  0%| F|  |TAMS 0x00000000bb900000| PB 0x00000000bb900000| Untracked |  0
| 872|0x00000000bba00000, 0x00000000bba00000, 0x00000000bbb00000|  0%| F|  |TAMS 0x00000000bba00000| PB 0x00000000bba00000| Untracked |  0
| 873|0x00000000bbb00000, 0x00000000bbb00000, 0x00000000bbc00000|  0%| F|  |TAMS 0x00000000bbb00000| PB 0x00000000bbb00000| Untracked |  0
| 874|0x00000000bbc00000, 0x00000000bbc00000, 0x00000000bbd00000|  0%| F|  |TAMS 0x00000000bbc00000| PB 0x00000000bbc00000| Untracked |  0
| 875|0x00000000bbd00000, 0x00000000bbd00000, 0x00000000bbe00000|  0%| F|  |TAMS 0x00000000bbd00000| PB 0x00000000bbd00000| Untracked |  0
| 876|0x00000000bbe00000, 0x00000000bbe00000, 0x00000000bbf00000|  0%| F|  |TAMS 0x00000000bbe00000| PB 0x00000000bbe00000| Untracked |  0
| 877|0x00000000bbf00000, 0x00000000bbf00000, 0x00000000bc000000|  0%| F|  |TAMS 0x00000000bbf00000| PB 0x00000000bbf00000| Untracked |  0
| 878|0x00000000bc000000, 0x00000000bc000000, 0x00000000bc100000|  0%| F|  |TAMS 0x00000000bc000000| PB 0x00000000bc000000| Untracked |  0
| 879|0x00000000bc100000, 0x00000000bc100000, 0x00000000bc200000|  0%| F|  |TAMS 0x00000000bc100000| PB 0x00000000bc100000| Untracked |  0
| 880|0x00000000bc200000, 0x00000000bc200000, 0x00000000bc300000|  0%| F|  |TAMS 0x00000000bc200000| PB 0x00000000bc200000| Untracked |  0
| 881|0x00000000bc300000, 0x00000000bc300000, 0x00000000bc400000|  0%| F|  |TAMS 0x00000000bc300000| PB 0x00000000bc300000| Untracked |  0
| 882|0x00000000bc400000, 0x00000000bc400000, 0x00000000bc500000|  0%| F|  |TAMS 0x00000000bc400000| PB 0x00000000bc400000| Untracked |  0
| 883|0x00000000bc500000, 0x00000000bc500000, 0x00000000bc600000|  0%| F|  |TAMS 0x00000000bc500000| PB 0x00000000bc500000| Untracked |  0
| 884|0x00000000bc600000, 0x00000000bc600000, 0x00000000bc700000|  0%| F|  |TAMS 0x00000000bc600000| PB 0x00000000bc600000| Untracked |  0
| 885|0x00000000bc700000, 0x00000000bc700000, 0x00000000bc800000|  0%| F|  |TAMS 0x00000000bc700000| PB 0x00000000bc700000| Untracked |  0
| 886|0x00000000bc800000, 0x00000000bc800000, 0x00000000bc900000|  0%| F|  |TAMS 0x00000000bc800000| PB 0x00000000bc800000| Untracked |  0
| 887|0x00000000bc900000, 0x00000000bc900000, 0x00000000bca00000|  0%| F|  |TAMS 0x00000000bc900000| PB 0x00000000bc900000| Untracked |  0
| 888|0x00000000bca00000, 0x00000000bca00000, 0x00000000bcb00000|  0%| F|  |TAMS 0x00000000bca00000| PB 0x00000000bca00000| Untracked |  0
| 889|0x00000000bcb00000, 0x00000000bcb00000, 0x00000000bcc00000|  0%| F|  |TAMS 0x00000000bcb00000| PB 0x00000000bcb00000| Untracked |  0
| 890|0x00000000bcc00000, 0x00000000bcc00000, 0x00000000bcd00000|  0%| F|  |TAMS 0x00000000bcc00000| PB 0x00000000bcc00000| Untracked |  0
| 891|0x00000000bcd00000, 0x00000000bcd00000, 0x00000000bce00000|  0%| F|  |TAMS 0x00000000bcd00000| PB 0x00000000bcd00000| Untracked |  0
| 892|0x00000000bce00000, 0x00000000bce00000, 0x00000000bcf00000|  0%| F|  |TAMS 0x00000000bce00000| PB 0x00000000bce00000| Untracked |  0
| 893|0x00000000bcf00000, 0x00000000bcf00000, 0x00000000bd000000|  0%| F|  |TAMS 0x00000000bcf00000| PB 0x00000000bcf00000| Untracked |  0
| 894|0x00000000bd000000, 0x00000000bd000000, 0x00000000bd100000|  0%| F|  |TAMS 0x00000000bd000000| PB 0x00000000bd000000| Untracked |  0
| 895|0x00000000bd100000, 0x00000000bd100000, 0x00000000bd200000|  0%| F|  |TAMS 0x00000000bd100000| PB 0x00000000bd100000| Untracked |  0
| 896|0x00000000bd200000, 0x00000000bd200000, 0x00000000bd300000|  0%| F|  |TAMS 0x00000000bd200000| PB 0x00000000bd200000| Untracked |  0
| 897|0x00000000bd300000, 0x00000000bd300000, 0x00000000bd400000|  0%| F|  |TAMS 0x00000000bd300000| PB 0x00000000bd300000| Untracked |  0
| 898|0x00000000bd400000, 0x00000000bd400000, 0x00000000bd500000|  0%| F|  |TAMS 0x00000000bd400000| PB 0x00000000bd400000| Untracked |  0
| 899|0x00000000bd500000, 0x00000000bd500000, 0x00000000bd600000|  0%| F|  |TAMS 0x00000000bd500000| PB 0x00000000bd500000| Untracked |  0
| 900|0x00000000bd600000, 0x00000000bd600000, 0x00000000bd700000|  0%| F|  |TAMS 0x00000000bd600000| PB 0x00000000bd600000| Untracked |  0
| 901|0x00000000bd700000, 0x00000000bd700000, 0x00000000bd800000|  0%| F|  |TAMS 0x00000000bd700000| PB 0x00000000bd700000| Untracked |  0
| 902|0x00000000bd800000, 0x00000000bd800000, 0x00000000bd900000|  0%| F|  |TAMS 0x00000000bd800000| PB 0x00000000bd800000| Untracked |  0
| 903|0x00000000bd900000, 0x00000000bd900000, 0x00000000bda00000|  0%| F|  |TAMS 0x00000000bd900000| PB 0x00000000bd900000| Untracked |  0
| 904|0x00000000bda00000, 0x00000000bda00000, 0x00000000bdb00000|  0%| F|  |TAMS 0x00000000bda00000| PB 0x00000000bda00000| Untracked |  0
| 905|0x00000000bdb00000, 0x00000000bdb00000, 0x00000000bdc00000|  0%| F|  |TAMS 0x00000000bdb00000| PB 0x00000000bdb00000| Untracked |  0
| 906|0x00000000bdc00000, 0x00000000bdc00000, 0x00000000bdd00000|  0%| F|  |TAMS 0x00000000bdc00000| PB 0x00000000bdc00000| Untracked |  0
| 907|0x00000000bdd00000, 0x00000000bdd00000, 0x00000000bde00000|  0%| F|  |TAMS 0x00000000bdd00000| PB 0x00000000bdd00000| Untracked |  0
| 908|0x00000000bde00000, 0x00000000bde00000, 0x00000000bdf00000|  0%| F|  |TAMS 0x00000000bde00000| PB 0x00000000bde00000| Untracked |  0
| 909|0x00000000bdf00000, 0x00000000bdf00000, 0x00000000be000000|  0%| F|  |TAMS 0x00000000bdf00000| PB 0x00000000bdf00000| Untracked |  0
| 910|0x00000000be000000, 0x00000000be000000, 0x00000000be100000|  0%| F|  |TAMS 0x00000000be000000| PB 0x00000000be000000| Untracked |  0
| 911|0x00000000be100000, 0x00000000be100000, 0x00000000be200000|  0%| F|  |TAMS 0x00000000be100000| PB 0x00000000be100000| Untracked |  0
| 912|0x00000000be200000, 0x00000000be200000, 0x00000000be300000|  0%| F|  |TAMS 0x00000000be200000| PB 0x00000000be200000| Untracked |  0
| 913|0x00000000be300000, 0x00000000be300000, 0x00000000be400000|  0%| F|  |TAMS 0x00000000be300000| PB 0x00000000be300000| Untracked |  0
| 914|0x00000000be400000, 0x00000000be400000, 0x00000000be500000|  0%| F|  |TAMS 0x00000000be400000| PB 0x00000000be400000| Untracked |  0
| 915|0x00000000be500000, 0x00000000be500000, 0x00000000be600000|  0%| F|  |TAMS 0x00000000be500000| PB 0x00000000be500000| Untracked |  0
| 916|0x00000000be600000, 0x00000000be600000, 0x00000000be700000|  0%| F|  |TAMS 0x00000000be600000| PB 0x00000000be600000| Untracked |  0
| 917|0x00000000be700000, 0x00000000be700000, 0x00000000be800000|  0%| F|  |TAMS 0x00000000be700000| PB 0x00000000be700000| Untracked |  0
| 918|0x00000000be800000, 0x00000000be800000, 0x00000000be900000|  0%| F|  |TAMS 0x00000000be800000| PB 0x00000000be800000| Untracked |  0
| 919|0x00000000be900000, 0x00000000be900000, 0x00000000bea00000|  0%| F|  |TAMS 0x00000000be900000| PB 0x00000000be900000| Untracked |  0
| 920|0x00000000bea00000, 0x00000000bea00000, 0x00000000beb00000|  0%| F|  |TAMS 0x00000000bea00000| PB 0x00000000bea00000| Untracked |  0
| 921|0x00000000beb00000, 0x00000000beb00000, 0x00000000bec00000|  0%| F|  |TAMS 0x00000000beb00000| PB 0x00000000beb00000| Untracked |  0
| 922|0x00000000bec00000, 0x00000000bec00000, 0x00000000bed00000|  0%| F|  |TAMS 0x00000000bec00000| PB 0x00000000bec00000| Untracked |  0
| 923|0x00000000bed00000, 0x00000000bed00000, 0x00000000bee00000|  0%| F|  |TAMS 0x00000000bed00000| PB 0x00000000bed00000| Untracked |  0
| 924|0x00000000bee00000, 0x00000000bee00000, 0x00000000bef00000|  0%| F|  |TAMS 0x00000000bee00000| PB 0x00000000bee00000| Untracked |  0
| 925|0x00000000bef00000, 0x00000000bef00000, 0x00000000bf000000|  0%| F|  |TAMS 0x00000000bef00000| PB 0x00000000bef00000| Untracked |  0
| 926|0x00000000bf000000, 0x00000000bf000000, 0x00000000bf100000|  0%| F|  |TAMS 0x00000000bf000000| PB 0x00000000bf000000| Untracked |  0
| 927|0x00000000bf100000, 0x00000000bf100000, 0x00000000bf200000|  0%| F|  |TAMS 0x00000000bf100000| PB 0x00000000bf100000| Untracked |  0
| 928|0x00000000bf200000, 0x00000000bf200000, 0x00000000bf300000|  0%| F|  |TAMS 0x00000000bf200000| PB 0x00000000bf200000| Untracked |  0
| 929|0x00000000bf300000, 0x00000000bf300000, 0x00000000bf400000|  0%| F|  |TAMS 0x00000000bf300000| PB 0x00000000bf300000| Untracked |  0
| 930|0x00000000bf400000, 0x00000000bf400000, 0x00000000bf500000|  0%| F|  |TAMS 0x00000000bf400000| PB 0x00000000bf400000| Untracked |  0
| 931|0x00000000bf500000, 0x00000000bf500000, 0x00000000bf600000|  0%| F|  |TAMS 0x00000000bf500000| PB 0x00000000bf500000| Untracked |  0
| 932|0x00000000bf600000, 0x00000000bf600000, 0x00000000bf700000|  0%| F|  |TAMS 0x00000000bf600000| PB 0x00000000bf600000| Untracked |  0
| 933|0x00000000bf700000, 0x00000000bf700000, 0x00000000bf800000|  0%| F|  |TAMS 0x00000000bf700000| PB 0x00000000bf700000| Untracked |  0
| 934|0x00000000bf800000, 0x00000000bf800000, 0x00000000bf900000|  0%| F|  |TAMS 0x00000000bf800000| PB 0x00000000bf800000| Untracked |  0
| 935|0x00000000bf900000, 0x00000000bf900000, 0x00000000bfa00000|  0%| F|  |TAMS 0x00000000bf900000| PB 0x00000000bf900000| Untracked |  0
| 936|0x00000000bfa00000, 0x00000000bfa00000, 0x00000000bfb00000|  0%| F|  |TAMS 0x00000000bfa00000| PB 0x00000000bfa00000| Untracked |  0
| 937|0x00000000bfb00000, 0x00000000bfb00000, 0x00000000bfc00000|  0%| F|  |TAMS 0x00000000bfb00000| PB 0x00000000bfb00000| Untracked |  0
| 938|0x00000000bfc00000, 0x00000000bfc00000, 0x00000000bfd00000|  0%| F|  |TAMS 0x00000000bfc00000| PB 0x00000000bfc00000| Untracked |  0
| 939|0x00000000bfd00000, 0x00000000bfd00000, 0x00000000bfe00000|  0%| F|  |TAMS 0x00000000bfd00000| PB 0x00000000bfd00000| Untracked |  0
| 940|0x00000000bfe00000, 0x00000000bfe00000, 0x00000000bff00000|  0%| F|  |TAMS 0x00000000bfe00000| PB 0x00000000bfe00000| Untracked |  0
| 941|0x00000000bff00000, 0x00000000bff00000, 0x00000000c0000000|  0%| F|  |TAMS 0x00000000bff00000| PB 0x00000000bff00000| Untracked |  0
| 942|0x00000000c0000000, 0x00000000c0000000, 0x00000000c0100000|  0%| F|  |TAMS 0x00000000c0000000| PB 0x00000000c0000000| Untracked |  0
| 943|0x00000000c0100000, 0x00000000c0100000, 0x00000000c0200000|  0%| F|  |TAMS 0x00000000c0100000| PB 0x00000000c0100000| Untracked |  0
| 944|0x00000000c0200000, 0x00000000c0300000, 0x00000000c0300000|100%| E|  |TAMS 0x00000000c0200000| PB 0x00000000c0200000| Complete |  0
| 945|0x00000000c0300000, 0x00000000c0400000, 0x00000000c0400000|100%| E|CS|TAMS 0x00000000c0300000| PB 0x00000000c0300000| Complete |  0
| 946|0x00000000c0400000, 0x00000000c0500000, 0x00000000c0500000|100%| E|CS|TAMS 0x00000000c0400000| PB 0x00000000c0400000| Complete |  0
| 947|0x00000000c0500000, 0x00000000c0600000, 0x00000000c0600000|100%| E|CS|TAMS 0x00000000c0500000| PB 0x00000000c0500000| Complete |  0
| 948|0x00000000c0600000, 0x00000000c0700000, 0x00000000c0700000|100%| E|CS|TAMS 0x00000000c0600000| PB 0x00000000c0600000| Complete |  0
| 949|0x00000000c0700000, 0x00000000c0800000, 0x00000000c0800000|100%| E|CS|TAMS 0x00000000c0700000| PB 0x00000000c0700000| Complete |  0
| 950|0x00000000c0800000, 0x00000000c0900000, 0x00000000c0900000|100%| E|CS|TAMS 0x00000000c0800000| PB 0x00000000c0800000| Complete |  0
| 951|0x00000000c0900000, 0x00000000c0a00000, 0x00000000c0a00000|100%| E|CS|TAMS 0x00000000c0900000| PB 0x00000000c0900000| Complete |  0
| 952|0x00000000c0a00000, 0x00000000c0b00000, 0x00000000c0b00000|100%| E|CS|TAMS 0x00000000c0a00000| PB 0x00000000c0a00000| Complete |  0
| 953|0x00000000c0b00000, 0x00000000c0c00000, 0x00000000c0c00000|100%| E|CS|TAMS 0x00000000c0b00000| PB 0x00000000c0b00000| Complete |  0
| 954|0x00000000c0c00000, 0x00000000c0d00000, 0x00000000c0d00000|100%| E|CS|TAMS 0x00000000c0c00000| PB 0x00000000c0c00000| Complete |  0
| 955|0x00000000c0d00000, 0x00000000c0e00000, 0x00000000c0e00000|100%| E|CS|TAMS 0x00000000c0d00000| PB 0x00000000c0d00000| Complete |  0
| 956|0x00000000c0e00000, 0x00000000c0f00000, 0x00000000c0f00000|100%| E|CS|TAMS 0x00000000c0e00000| PB 0x00000000c0e00000| Complete |  0
| 957|0x00000000c0f00000, 0x00000000c1000000, 0x00000000c1000000|100%| E|CS|TAMS 0x00000000c0f00000| PB 0x00000000c0f00000| Complete |  0
| 958|0x00000000c1000000, 0x00000000c1100000, 0x00000000c1100000|100%| E|CS|TAMS 0x00000000c1000000| PB 0x00000000c1000000| Complete |  0
| 959|0x00000000c1100000, 0x00000000c1200000, 0x00000000c1200000|100%| E|CS|TAMS 0x00000000c1100000| PB 0x00000000c1100000| Complete |  0
| 960|0x00000000c1200000, 0x00000000c1300000, 0x00000000c1300000|100%| E|CS|TAMS 0x00000000c1200000| PB 0x00000000c1200000| Complete |  0
| 961|0x00000000c1300000, 0x00000000c1400000, 0x00000000c1400000|100%| E|CS|TAMS 0x00000000c1300000| PB 0x00000000c1300000| Complete |  0
| 962|0x00000000c1400000, 0x00000000c1500000, 0x00000000c1500000|100%| E|CS|TAMS 0x00000000c1400000| PB 0x00000000c1400000| Complete |  0
| 963|0x00000000c1500000, 0x00000000c1600000, 0x00000000c1600000|100%| E|CS|TAMS 0x00000000c1500000| PB 0x00000000c1500000| Complete |  0
| 964|0x00000000c1600000, 0x00000000c16e9220, 0x00000000c1700000| 91%| S|CS|TAMS 0x00000000c1600000| PB 0x00000000c1600000| Complete |  0
| 965|0x00000000c1700000, 0x00000000c1800000, 0x00000000c1800000|100%| S|CS|TAMS 0x00000000c1700000| PB 0x00000000c1700000| Complete |  0
| 966|0x00000000c1800000, 0x00000000c1900000, 0x00000000c1900000|100%| S|CS|TAMS 0x00000000c1800000| PB 0x00000000c1800000| Complete |  0
| 967|0x00000000c1900000, 0x00000000c1a00000, 0x00000000c1a00000|100%| S|CS|TAMS 0x00000000c1900000| PB 0x00000000c1900000| Complete |  0
| 968|0x00000000c1a00000, 0x00000000c1b00000, 0x00000000c1b00000|100%| S|CS|TAMS 0x00000000c1a00000| PB 0x00000000c1a00000| Complete |  0
| 969|0x00000000c1b00000, 0x00000000c1c00000, 0x00000000c1c00000|100%| S|CS|TAMS 0x00000000c1b00000| PB 0x00000000c1b00000| Complete |  0
| 970|0x00000000c1c00000, 0x00000000c1d00000, 0x00000000c1d00000|100%| S|CS|TAMS 0x00000000c1c00000| PB 0x00000000c1c00000| Complete |  0
| 971|0x00000000c1d00000, 0x00000000c1e00000, 0x00000000c1e00000|100%| S|CS|TAMS 0x00000000c1d00000| PB 0x00000000c1d00000| Complete |  0
| 972|0x00000000c1e00000, 0x00000000c1f00000, 0x00000000c1f00000|100%| E|CS|TAMS 0x00000000c1e00000| PB 0x00000000c1e00000| Complete |  0
| 973|0x00000000c1f00000, 0x00000000c2000000, 0x00000000c2000000|100%| E|CS|TAMS 0x00000000c1f00000| PB 0x00000000c1f00000| Complete |  0
| 974|0x00000000c2000000, 0x00000000c2100000, 0x00000000c2100000|100%| E|CS|TAMS 0x00000000c2000000| PB 0x00000000c2000000| Complete |  0
| 975|0x00000000c2100000, 0x00000000c2200000, 0x00000000c2200000|100%| E|CS|TAMS 0x00000000c2100000| PB 0x00000000c2100000| Complete |  0
| 976|0x00000000c2200000, 0x00000000c2300000, 0x00000000c2300000|100%| E|CS|TAMS 0x00000000c2200000| PB 0x00000000c2200000| Complete |  0
| 977|0x00000000c2300000, 0x00000000c2400000, 0x00000000c2400000|100%| E|CS|TAMS 0x00000000c2300000| PB 0x00000000c2300000| Complete |  0
| 978|0x00000000c2400000, 0x00000000c2500000, 0x00000000c2500000|100%| E|CS|TAMS 0x00000000c2400000| PB 0x00000000c2400000| Complete |  0
| 979|0x00000000c2500000, 0x00000000c2600000, 0x00000000c2600000|100%| E|CS|TAMS 0x00000000c2500000| PB 0x00000000c2500000| Complete |  0
| 980|0x00000000c2600000, 0x00000000c2700000, 0x00000000c2700000|100%| E|CS|TAMS 0x00000000c2600000| PB 0x00000000c2600000| Complete |  0
| 981|0x00000000c2700000, 0x00000000c2800000, 0x00000000c2800000|100%| E|CS|TAMS 0x00000000c2700000| PB 0x00000000c2700000| Complete |  0
| 982|0x00000000c2800000, 0x00000000c2900000, 0x00000000c2900000|100%| E|CS|TAMS 0x00000000c2800000| PB 0x00000000c2800000| Complete |  0
| 983|0x00000000c2900000, 0x00000000c2a00000, 0x00000000c2a00000|100%| E|CS|TAMS 0x00000000c2900000| PB 0x00000000c2900000| Complete |  0
| 984|0x00000000c2a00000, 0x00000000c2b00000, 0x00000000c2b00000|100%| E|CS|TAMS 0x00000000c2a00000| PB 0x00000000c2a00000| Complete |  0
| 985|0x00000000c2b00000, 0x00000000c2c00000, 0x00000000c2c00000|100%| E|CS|TAMS 0x00000000c2b00000| PB 0x00000000c2b00000| Complete |  0
|1963|0x00000000ffd00000, 0x00000000ffd52a40, 0x00000000ffe00000| 32%| O|  |TAMS 0x00000000ffd00000| PB 0x00000000ffd00000| Untracked |  0
|1964|0x00000000ffe00000, 0x00000000fff00000, 0x00000000fff00000|100%| O|  |TAMS 0x00000000ffe00000| PB 0x00000000ffe00000| Untracked |  0
|1965|0x00000000fff00000, 0x0000000100000000, 0x0000000100000000|100%| O|  |TAMS 0x00000000fff00000| PB 0x00000000fff00000| Untracked |  0

Card table byte_map: [0x00000213e1200000,0x00000213e15e0000] _byte_map_base: 0x00000213e0dd7000

Marking Bits: (CMBitMap*) 0x00000213c91f8180
 Bits: [0x00000213e15e0000, 0x00000213e3498000)

Polling page: 0x00000213c7010000

Metaspace:

Usage:
  Non-class:     17.76 MB used.
      Class:      3.22 MB used.
       Both:     20.98 MB used.

Virtual space:
  Non-class space:       64.00 MB reserved,      17.94 MB ( 28%) committed,  1 nodes.
      Class space:        1.00 GB reserved,       3.38 MB ( <1%) committed,  1 nodes.
             Both:        1.06 GB reserved,      21.31 MB (  2%) committed. 

Chunk freelists:
   Non-Class:  13.34 MB
       Class:  12.53 MB
        Both:  25.87 MB

MaxMetaspaceSize: unlimited
CompressedClassSpaceSize: 1.00 GB
Initial GC threshold: 21.00 MB
Current GC threshold: 33.06 MB
CDS: on
 - commit_granule_bytes: 65536.
 - commit_granule_words: 8192.
 - virtual_space_node_default_size: 8388608.
 - enlarge_chunks_in_place: 1.
 - use_allocation_guard: 0.


Internal statistics:

num_allocs_failed_limit: 0.
num_arena_births: 370.
num_arena_deaths: 0.
num_vsnodes_births: 2.
num_vsnodes_deaths: 0.
num_space_committed: 341.
num_space_uncommitted: 0.
num_chunks_returned_to_freelist: 0.
num_chunks_taken_from_freelist: 1046.
num_chunk_merges: 0.
num_chunk_splits: 726.
num_chunks_enlarged: 551.
num_inconsistent_stats: 0.

CodeHeap 'non-profiled nmethods': size=120064Kb used=2130Kb max_used=2130Kb free=117933Kb
 bounds [0x00000213d9390000, 0x00000213d9600000, 0x00000213e08d0000]
CodeHeap 'profiled nmethods': size=120000Kb used=6523Kb max_used=6523Kb free=113477Kb
 bounds [0x00000213d18d0000, 0x00000213d1f30000, 0x00000213d8e00000]
CodeHeap 'non-nmethods': size=5696Kb used=1845Kb max_used=1879Kb free=3850Kb
 bounds [0x00000213d8e00000, 0x00000213d9070000, 0x00000213d9390000]
CodeCache: size=245760Kb, used=10498Kb, max_used=10532Kb, free=235260Kb
 total_blobs=5355, nmethods=4483, adapters=774, full_count=0
Compilation: enabled, stopped_count=0, restarted_count=0

Compilation events (20 events):
Event: 1401.607 Thread 0x00000213e61257b0 4962       3       com.sun.javafx.geom.transform.AffineBase::scale (284 bytes)
Event: 1401.607 Thread 0x00000213e61257b0 nmethod 4962 0x00000213d1f20288 code [0x00000213d1f20460, 0x00000213d1f20c30]
Event: 1401.607 Thread 0x00000213e61257b0 4960       3       com.sun.scenario.effect.impl.prism.ps.PPSDrawable::getMaxContentWidth (10 bytes)
Event: 1401.608 Thread 0x00000213e61257b0 nmethod 4960 0x00000213d1f20c88 code [0x00000213d1f20da0, 0x00000213d1f20f88]
Event: 1401.608 Thread 0x00000213e61257b0 4961       3       com.sun.scenario.effect.impl.prism.ps.PPSDrawable::getMaxContentHeight (10 bytes)
Event: 1401.608 Thread 0x00000213e61257b0 nmethod 4961 0x00000213d1f21008 code [0x00000213d1f21120, 0x00000213d1f21308]
Event: 1401.622 Thread 0x00000213e61257b0 4963       3       javafx.scene.Scene::pick (149 bytes)
Event: 1401.623 Thread 0x00000213e61257b0 nmethod 4963 0x00000213d1f21388 code [0x00000213d1f21620, 0x00000213d1f22888]
Event: 1401.624 Thread 0x00000213e61257b0 4966       3       java.util.concurrent.CopyOnWriteArrayList::isEmpty (13 bytes)
Event: 1401.625 Thread 0x00000213e61257b0 nmethod 4966 0x00000213d1f22988 code [0x00000213d1f22aa0, 0x00000213d1f22c88]
Event: 1401.625 Thread 0x00000213e61257b0 4967       3       com.sun.javafx.event.BasicEventDispatcher::dispatchCapturingEvent (2 bytes)
Event: 1401.625 Thread 0x00000213e61257b0 nmethod 4967 0x00000213d1f22d08 code [0x00000213d1f22e20, 0x00000213d1f22f30]
Event: 1401.626 Thread 0x00000213e61257b0 4964       3       javafx.scene.ParallelCamera::computePickRay (24 bytes)
Event: 1401.627 Thread 0x00000213e61257b0 nmethod 4964 0x00000213d1f23008 code [0x00000213d1f232a0, 0x00000213d1f24850]
Event: 1401.627 Thread 0x00000213e61257b0 4965       3       com.sun.javafx.scene.input.PickResultChooser::toPickResult (41 bytes)
Event: 1401.627 Thread 0x00000213e61257b0 nmethod 4965 0x00000213d1f24988 code [0x00000213d1f24ac0, 0x00000213d1f24cf8]
Event: 1401.635 Thread 0x00000213e61257b0 4968       3       javafx.scene.Scene$MouseHandler::process (793 bytes)
Event: 1401.640 Thread 0x00000213e61257b0 nmethod 4968 0x00000213d1f24d88 code [0x00000213d1f25340, 0x00000213d1f28868]
Event: 1401.640 Thread 0x00000213e61257b0 4969       3       javafx.scene.Scene$TargetWrapper::getCursor (61 bytes)
Event: 1401.642 Thread 0x00000213e61257b0 nmethod 4969 0x00000213d1f28a08 code [0x00000213d1f28c20, 0x00000213d1f29bf0]

GC Heap History (20 events):
Event: 10.046 GC heap before
{Heap before GC invocations=34 (full 0):
 garbage-first heap   total reserved 2013184K, committed 1012736K, used 555398K [0x0000000085200000, 0x0000000100000000)
  region size 1024K, 4 young (4096K), 3 survivors (3072K)
 Metaspace       used 12687K, committed 12992K, reserved 1114112K
  class space    used 1804K, committed 1920K, reserved 1048576K
}
Event: 10.050 GC heap after
{Heap after GC invocations=35 (full 0):
 garbage-first heap   total reserved 2013184K, committed 1012736K, used 555481K [0x0000000085200000, 0x0000000100000000)
  region size 1024K, 3 young (3072K), 3 survivors (3072K)
 Metaspace       used 12687K, committed 12992K, reserved 1114112K
  class space    used 1804K, committed 1920K, reserved 1048576K
}
Event: 10.079 GC heap before
{Heap before GC invocations=36 (full 0):
 garbage-first heap   total reserved 2013184K, committed 1012736K, used 561625K [0x0000000085200000, 0x0000000100000000)
  region size 1024K, 5 young (5120K), 3 survivors (3072K)
 Metaspace       used 12987K, committed 13248K, reserved 1114112K
  class space    used 1862K, committed 1984K, reserved 1048576K
}
Event: 10.082 GC heap after
{Heap after GC invocations=37 (full 0):
 garbage-first heap   total reserved 2013184K, committed 1012736K, used 560681K [0x0000000085200000, 0x0000000100000000)
  region size 1024K, 3 young (3072K), 3 survivors (3072K)
 Metaspace       used 12987K, committed 13248K, reserved 1114112K
  class space    used 1862K, committed 1984K, reserved 1048576K
}
Event: 10.099 GC heap before
{Heap before GC invocations=38 (full 0):
 garbage-first heap   total reserved 2013184K, committed 1012736K, used 566825K [0x0000000085200000, 0x0000000100000000)
  region size 1024K, 5 young (5120K), 3 survivors (3072K)
 Metaspace       used 13074K, committed 13376K, reserved 1114112K
  class space    used 1863K, committed 1984K, reserved 1048576K
}
Event: 10.103 GC heap after
{Heap after GC invocations=39 (full 0):
 garbage-first heap   total reserved 2013184K, committed 1012736K, used 565897K [0x0000000085200000, 0x0000000100000000)
  region size 1024K, 3 young (3072K), 3 survivors (3072K)
 Metaspace       used 13074K, committed 13376K, reserved 1114112K
  class space    used 1863K, committed 1984K, reserved 1048576K
}
Event: 10.117 GC heap before
{Heap before GC invocations=40 (full 0):
 garbage-first heap   total reserved 2013184K, committed 1012736K, used 571017K [0x0000000085200000, 0x0000000100000000)
  region size 1024K, 4 young (4096K), 3 survivors (3072K)
 Metaspace       used 13086K, committed 13376K, reserved 1114112K
  class space    used 1863K, committed 1984K, reserved 1048576K
}
Event: 10.119 GC heap after
{Heap after GC invocations=41 (full 0):
 garbage-first heap   total reserved 2013184K, committed 1012736K, used 570897K [0x0000000085200000, 0x0000000100000000)
  region size 1024K, 3 young (3072K), 3 survivors (3072K)
 Metaspace       used 13086K, committed 13376K, reserved 1114112K
  class space    used 1863K, committed 1984K, reserved 1048576K
}
Event: 10.136 GC heap before
{Heap before GC invocations=42 (full 0):
 garbage-first heap   total reserved 2013184K, committed 1012736K, used 576017K [0x0000000085200000, 0x0000000100000000)
  region size 1024K, 4 young (4096K), 3 survivors (3072K)
 Metaspace       used 13100K, committed 13376K, reserved 1114112K
  class space    used 1864K, committed 1984K, reserved 1048576K
}
Event: 10.138 GC heap after
{Heap after GC invocations=43 (full 0):
 garbage-first heap   total reserved 2013184K, committed 1012736K, used 576106K [0x0000000085200000, 0x0000000100000000)
  region size 1024K, 3 young (3072K), 3 survivors (3072K)
 Metaspace       used 13100K, committed 13376K, reserved 1114112K
  class space    used 1864K, committed 1984K, reserved 1048576K
}
Event: 10.182 GC heap before
{Heap before GC invocations=44 (full 0):
 garbage-first heap   total reserved 2013184K, committed 1012736K, used 583274K [0x0000000085200000, 0x0000000100000000)
  region size 1024K, 6 young (6144K), 3 survivors (3072K)
 Metaspace       used 13424K, committed 13696K, reserved 1114112K
  class space    used 1938K, committed 2048K, reserved 1048576K
}
Event: 10.184 GC heap after
{Heap after GC invocations=45 (full 0):
 garbage-first heap   total reserved 2013184K, committed 1012736K, used 581442K [0x0000000085200000, 0x0000000100000000)
  region size 1024K, 3 young (3072K), 3 survivors (3072K)
 Metaspace       used 13424K, committed 13696K, reserved 1114112K
  class space    used 1938K, committed 2048K, reserved 1048576K
}
Event: 10.205 GC heap before
{Heap before GC invocations=46 (full 0):
 garbage-first heap   total reserved 2013184K, committed 1012736K, used 587586K [0x0000000085200000, 0x0000000100000000)
  region size 1024K, 5 young (5120K), 3 survivors (3072K)
 Metaspace       used 13430K, committed 13696K, reserved 1114112K
  class space    used 1938K, committed 2048K, reserved 1048576K
}
Event: 10.207 GC heap after
{Heap after GC invocations=47 (full 0):
 garbage-first heap   total reserved 2013184K, committed 1012736K, used 586421K [0x0000000085200000, 0x0000000100000000)
  region size 1024K, 3 young (3072K), 3 survivors (3072K)
 Metaspace       used 13430K, committed 13696K, reserved 1114112K
  class space    used 1938K, committed 2048K, reserved 1048576K
}
Event: 10.802 GC heap before
{Heap before GC invocations=48 (full 0):
 garbage-first heap   total reserved 2013184K, committed 1012736K, used 623285K [0x0000000085200000, 0x0000000100000000)
  region size 1024K, 35 young (35840K), 3 survivors (3072K)
 Metaspace       used 18912K, committed 19200K, reserved 1114112K
  class space    used 3051K, committed 3200K, reserved 1048576K
}
Event: 10.809 GC heap after
{Heap after GC invocations=49 (full 0):
 garbage-first heap   total reserved 2013184K, committed 1012736K, used 596575K [0x0000000085200000, 0x0000000100000000)
  region size 1024K, 8 young (8192K), 8 survivors (8192K)
 Metaspace       used 18912K, committed 19200K, reserved 1114112K
  class space    used 3051K, committed 3200K, reserved 1048576K
}
Event: 10.895 GC heap before
{Heap before GC invocations=50 (full 0):
 garbage-first heap   total reserved 2013184K, committed 1012736K, used 600671K [0x0000000085200000, 0x0000000100000000)
  region size 1024K, 11 young (11264K), 8 survivors (8192K)
 Metaspace       used 19227K, committed 19584K, reserved 1114112K
  class space    used 3088K, committed 3264K, reserved 1048576K
}
Event: 10.900 GC heap after
{Heap after GC invocations=51 (full 0):
 garbage-first heap   total reserved 2013184K, committed 1012736K, used 597545K [0x0000000085200000, 0x0000000100000000)
  region size 1024K, 9 young (9216K), 9 survivors (9216K)
 Metaspace       used 19227K, committed 19584K, reserved 1114112K
  class space    used 3088K, committed 3264K, reserved 1048576K
}
Event: 16.858 GC heap before
{Heap before GC invocations=52 (full 0):
 garbage-first heap   total reserved 2013184K, committed 1012736K, used 603689K [0x0000000085200000, 0x0000000100000000)
  region size 1024K, 14 young (14336K), 9 survivors (9216K)
 Metaspace       used 19959K, committed 20288K, reserved 1114112K
  class space    used 3141K, committed 3264K, reserved 1048576K
}
Event: 16.865 GC heap after
{Heap after GC invocations=53 (full 0):
 garbage-first heap   total reserved 2013184K, committed 1012736K, used 599279K [0x0000000085200000, 0x0000000100000000)
  region size 1024K, 8 young (8192K), 8 survivors (8192K)
 Metaspace       used 19959K, committed 20288K, reserved 1114112K
  class space    used 3141K, committed 3264K, reserved 1048576K
}

Dll operation events (20 events):
Event: 0.440 Loaded shared library C:\Users\Lynneth Dela Cerna\Downloads\openjfx-23_windows-x64_bin-sdk\javafx-sdk-23\bin\api-ms-win-crt-locale-l1-1-0.dll
Event: 0.442 Loaded shared library C:\Users\Lynneth Dela Cerna\Downloads\openjfx-23_windows-x64_bin-sdk\javafx-sdk-23\bin\api-ms-win-crt-math-l1-1-0.dll
Event: 0.444 Loaded shared library C:\Users\Lynneth Dela Cerna\Downloads\openjfx-23_windows-x64_bin-sdk\javafx-sdk-23\bin\api-ms-win-crt-multibyte-l1-1-0.dll
Event: 0.445 Loaded shared library C:\Users\Lynneth Dela Cerna\Downloads\openjfx-23_windows-x64_bin-sdk\javafx-sdk-23\bin\api-ms-win-crt-private-l1-1-0.dll
Event: 0.447 Loaded shared library C:\Users\Lynneth Dela Cerna\Downloads\openjfx-23_windows-x64_bin-sdk\javafx-sdk-23\bin\api-ms-win-crt-process-l1-1-0.dll
Event: 0.449 Loaded shared library C:\Users\Lynneth Dela Cerna\Downloads\openjfx-23_windows-x64_bin-sdk\javafx-sdk-23\bin\api-ms-win-crt-runtime-l1-1-0.dll
Event: 0.451 Loaded shared library C:\Users\Lynneth Dela Cerna\Downloads\openjfx-23_windows-x64_bin-sdk\javafx-sdk-23\bin\api-ms-win-crt-stdio-l1-1-0.dll
Event: 0.452 Loaded shared library C:\Users\Lynneth Dela Cerna\Downloads\openjfx-23_windows-x64_bin-sdk\javafx-sdk-23\bin\api-ms-win-crt-string-l1-1-0.dll
Event: 0.455 Loaded shared library C:\Users\Lynneth Dela Cerna\Downloads\openjfx-23_windows-x64_bin-sdk\javafx-sdk-23\bin\api-ms-win-crt-time-l1-1-0.dll
Event: 0.457 Loaded shared library C:\Users\Lynneth Dela Cerna\Downloads\openjfx-23_windows-x64_bin-sdk\javafx-sdk-23\bin\api-ms-win-crt-utility-l1-1-0.dll
Event: 0.459 Loaded shared library C:\Users\Lynneth Dela Cerna\Downloads\openjfx-23_windows-x64_bin-sdk\javafx-sdk-23\bin\ucrtbase.dll
Event: 0.461 Loaded shared library C:\Users\Lynneth Dela Cerna\Downloads\openjfx-23_windows-x64_bin-sdk\javafx-sdk-23\bin\vcruntime140.dll
Event: 0.463 Loaded shared library C:\Users\Lynneth Dela Cerna\Downloads\openjfx-23_windows-x64_bin-sdk\javafx-sdk-23\bin\vcruntime140_1.dll
Event: 0.465 Loaded shared library C:\Users\Lynneth Dela Cerna\Downloads\openjfx-23_windows-x64_bin-sdk\javafx-sdk-23\bin\msvcp140.dll
Event: 0.466 Loaded shared library C:\Users\Lynneth Dela Cerna\Downloads\openjfx-23_windows-x64_bin-sdk\javafx-sdk-23\bin\msvcp140_1.dll
Event: 0.468 Loaded shared library C:\Users\Lynneth Dela Cerna\Downloads\openjfx-23_windows-x64_bin-sdk\javafx-sdk-23\bin\msvcp140_2.dll
Event: 0.531 Loaded shared library C:\Users\Lynneth Dela Cerna\Downloads\openjfx-23_windows-x64_bin-sdk\javafx-sdk-23\bin\prism_d3d.dll
Event: 0.721 Loaded shared library C:\Users\Lynneth Dela Cerna\Downloads\openjfx-23_windows-x64_bin-sdk\javafx-sdk-23\bin\glass.dll
Event: 0.945 Loaded shared library C:\Program Files\Java\jdk-23\bin\jimage.dll
Event: 3.479 Loaded shared library C:\Users\Lynneth Dela Cerna\Downloads\openjfx-23_windows-x64_bin-sdk\javafx-sdk-23\bin\javafx_font.dll

Deoptimization events (20 events):
Event: 1401.455 Thread 0x00000213e62b5d70 Uncommon trap: trap_request=0xffffff6e fr.pc=0x00000213d955a240 relative=0x0000000000000600
Event: 1401.455 Thread 0x00000213e62b5d70 Uncommon trap: reason=loop_limit_check action=maybe_recompile pc=0x00000213d955a240 method=com.sun.javafx.image.impl.BaseByteToByteConverter$ByteAnyToSameConverter.doConvert([BII[BIIII)V @ 5 c2
Event: 1401.455 Thread 0x00000213e62b5d70 DEOPT PACKING pc=0x00000213d955a240 sp=0x000000ccdf3fcf40
Event: 1401.455 Thread 0x00000213e62b5d70 DEOPT UNPACKING pc=0x00000213d8e54402 sp=0x000000ccdf3fce80 mode 2
Event: 1401.496 Thread 0x00000213e62b5d70 DEOPT PACKING pc=0x00000213d1ef91b7 sp=0x000000ccdf3fc850
Event: 1401.496 Thread 0x00000213e62b5d70 DEOPT UNPACKING pc=0x00000213d8e54b22 sp=0x000000ccdf3fbc80 mode 0
Event: 1401.503 Thread 0x00000213e62b5d70 Uncommon trap: trap_request=0xffffff6e fr.pc=0x00000213d9524864 relative=0x00000000000004c4
Event: 1401.503 Thread 0x00000213e62b5d70 Uncommon trap: reason=loop_limit_check action=maybe_recompile pc=0x00000213d9524864 method=com.sun.javafx.image.impl.BaseByteToByteConverter$ByteAnyToSameConverter.doConvert([BII[BIIII)V @ 5 c2
Event: 1401.503 Thread 0x00000213e62b5d70 DEOPT PACKING pc=0x00000213d9524864 sp=0x000000ccdf3fce50
Event: 1401.503 Thread 0x00000213e62b5d70 DEOPT UNPACKING pc=0x00000213d8e54402 sp=0x000000ccdf3fce30 mode 2
Event: 1401.550 Thread 0x00000213e62b5d70 DEOPT PACKING pc=0x00000213d1ef91b7 sp=0x000000ccdf3fc680
Event: 1401.550 Thread 0x00000213e62b5d70 DEOPT UNPACKING pc=0x00000213d8e54b22 sp=0x000000ccdf3fbab0 mode 0
Event: 1401.598 Thread 0x00000213e62b5d70 DEOPT PACKING pc=0x00000213d1ef91b7 sp=0x000000ccdf3fc680
Event: 1401.598 Thread 0x00000213e62b5d70 DEOPT UNPACKING pc=0x00000213d8e54b22 sp=0x000000ccdf3fbab0 mode 0
Event: 1401.601 Thread 0x00000213e62b5d70 DEOPT PACKING pc=0x00000213d1ef91b7 sp=0x000000ccdf3fb880
Event: 1401.601 Thread 0x00000213e62b5d70 DEOPT UNPACKING pc=0x00000213d8e54b22 sp=0x000000ccdf3facb0 mode 0
Event: 1401.603 Thread 0x00000213e62b5d70 DEOPT PACKING pc=0x00000213d1ef914a sp=0x000000ccdf3fc8c0
Event: 1401.603 Thread 0x00000213e62b5d70 DEOPT UNPACKING pc=0x00000213d8e54b22 sp=0x000000ccdf3fbcf0 mode 0
Event: 1401.604 Thread 0x00000213e62b5d70 DEOPT PACKING pc=0x00000213d1ef91b7 sp=0x000000ccdf3fc8c0
Event: 1401.604 Thread 0x00000213e62b5d70 DEOPT UNPACKING pc=0x00000213d8e54b22 sp=0x000000ccdf3fbcf0 mode 0

Classes loaded (20 events):
Event: 18.217 Loading class java/util/concurrent/SynchronousQueue$Transferer
Event: 18.217 Loading class java/util/concurrent/LinkedTransferQueue
Event: 18.218 Loading class java/util/concurrent/TransferQueue
Event: 18.218 Loading class java/util/concurrent/TransferQueue done
Event: 18.218 Loading class java/util/concurrent/LinkedTransferQueue done
Event: 18.218 Loading class java/util/concurrent/SynchronousQueue$Transferer done
Event: 18.218 Loading class java/util/concurrent/LinkedTransferQueue$DualNode
Event: 18.218 Loading class java/util/concurrent/LinkedTransferQueue$DualNode done
Event: 18.219 Loading class java/lang/ProcessImpl$2
Event: 18.219 Loading class java/lang/ProcessImpl$2 done
Event: 18.219 Loading class java/lang/Process$PipeOutputStream
Event: 18.219 Loading class java/lang/Process$PipeOutputStream done
Event: 18.219 Loading class java/lang/Process$PipeInputStream
Event: 18.219 Loading class java/lang/Process$PipeInputStream done
Event: 18.219 Loading class jdk/internal/event/ProcessStartEvent
Event: 18.219 Loading class jdk/internal/event/ProcessStartEvent done
Event: 1343.627 Loading class java/lang/Throwable$WrappedPrintStream
Event: 1343.633 Loading class java/lang/Throwable$PrintStreamOrWriter
Event: 1343.637 Loading class java/lang/Throwable$PrintStreamOrWriter done
Event: 1343.638 Loading class java/lang/Throwable$WrappedPrintStream done

Classes unloaded (0 events):
No events

Classes redefined (0 events):
No events

Internal exceptions (20 events):
Event: 10.332 Thread 0x00000213e64b3ff0 Exception <a 'java/lang/ClassNotFoundException'{0x00000000c232f450}: sun/util/logging/resources/spi/loggingProvider> (0x00000000c232f450) 
thrown [s\open\src\hotspot\share\classfile\systemDictionary.cpp, line 313]
Event: 10.356 Thread 0x00000213e64b3ff0 Exception <a 'java/lang/ClassNotFoundException'{0x00000000c20fd2a0}: com/sun/javafx/scene/control/skin/resources/controls> (0x00000000c20fd2a0) 
thrown [s\open\src\hotspot\share\prims\jni.cpp, line 539]
Event: 10.357 Thread 0x00000213e64b3ff0 Exception <a 'java/lang/ClassNotFoundException'{0x00000000c1f10208}: com/sun/javafx/scene/control/skin/resources/controls_en> (0x00000000c1f10208) 
thrown [s\open\src\hotspot\share\prims\jni.cpp, line 539]
Event: 10.357 Thread 0x00000213e64b3ff0 Exception <a 'java/lang/ClassNotFoundException'{0x00000000c1f11798}: com/sun/javafx/scene/control/skin/resources/controls_en_PH> (0x00000000c1f11798) 
thrown [s\open\src\hotspot\share\prims\jni.cpp, line 539]
Event: 10.368 Thread 0x00000213e64b3ff0 Exception <a 'java/lang/NoSuchMethodError'{0x00000000c1fc9440}: 'java.lang.Object java.lang.invoke.DirectMethodHandle$Holder.invokeInterface(java.lang.Object, java.lang.Object, java.lang.Object)'> (0x00000000c1fc9440) 
thrown [s\open\src\hotspot\share\interpreter\linkResolver.cpp, line 796]
Event: 10.368 Thread 0x00000213e64b3ff0 Exception <a 'java/lang/IncompatibleClassChangeError'{0x00000000c1fccdc0}: Found class java.lang.Object, but interface was expected> (0x00000000c1fccdc0) 
thrown [s\open\src\hotspot\share\interpreter\linkResolver.cpp, line 863]
Event: 10.456 Thread 0x00000213e64b3ff0 Exception <a 'java/lang/NoSuchMethodError'{0x00000000c19fac58}: 'void java.lang.invoke.DirectMethodHandle$Holder.invokeSpecialIFC(java.lang.Object, java.lang.Object, java.lang.Object, java.lang.Object)'> (0x00000000c19fac58) 
thrown [s\open\src\hotspot\share\interpreter\linkResolver.cpp, line 796]
Event: 10.497 Thread 0x00000213e64b3ff0 Exception <a 'java/lang/NoSuchMethodError'{0x00000000c1785398}: 'int java.lang.invoke.DirectMethodHandle$Holder.invokeSpecial(java.lang.Object, java.lang.Object, int)'> (0x00000000c1785398) 
thrown [s\open\src\hotspot\share\interpreter\linkResolver.cpp, line 796]
Event: 10.645 Thread 0x00000213e64b3ff0 Exception <a 'java/lang/NoSuchMethodError'{0x00000000c111a7e0}: 'void java.lang.invoke.DirectMethodHandle$Holder.invokeSpecial(java.lang.Object, java.lang.Object, java.lang.Object, java.lang.Object, java.lang.Object, java.lang.Object)'> (0x00000000c111a7e0) 
thrown [s\open\src\hotspot\share\interpreter\linkResolver.cpp, line 796]
Event: 18.189 Thread 0x00000213e64b3ff0 Exception <a 'java/lang/NoSuchMethodError'{0x00000000c2808fe0}: 'java.lang.Object java.lang.invoke.DirectMethodHandle$Holder.invokeStaticInit(java.lang.Object, int, int, int, int)'> (0x00000000c2808fe0) 
thrown [s\open\src\hotspot\share\interpreter\linkResolver.cpp, line 796]
Event: 18.203 Thread 0x00000213e64b3ff0 Exception <a 'java/lang/NoSuchMethodError'{0x00000000c28d8298}: 'java.lang.Object java.lang.invoke.DirectMethodHandle$Holder.invokeStaticInit(java.lang.Object, java.lang.Object, int, int, int, int)'> (0x00000000c28d8298) 
thrown [s\open\src\hotspot\share\interpreter\linkResolver.cpp, line 796]
Event: 18.214 Thread 0x00000213e64b3ff0 Exception <a 'java/lang/NoSuchMethodError'{0x00000000c28e6cb8}: 'void java.lang.invoke.DirectMethodHandle$Holder.invokeStatic(java.lang.Object, long)'> (0x00000000c28e6cb8) 
thrown [s\open\src\hotspot\share\interpreter\linkResolver.cpp, line 796]
Event: 18.215 Thread 0x00000213e64b3ff0 Exception <a 'java/lang/NoSuchMethodError'{0x00000000c28ebd40}: 'java.lang.Object java.lang.invoke.DirectMethodHandle$Holder.newInvokeSpecial(java.lang.Object, long)'> (0x00000000c28ebd40) 
thrown [s\open\src\hotspot\share\interpreter\linkResolver.cpp, line 796]
Event: 18.216 Thread 0x00000213e64b3ff0 Exception <a 'java/lang/NoSuchMethodError'{0x00000000c28f2b10}: 'java.lang.Object java.lang.invoke.DirectMethodHandle$Holder.invokeStatic(java.lang.Object, long, java.lang.Object)'> (0x00000000c28f2b10) 
thrown [s\open\src\hotspot\share\interpreter\linkResolver.cpp, line 796]
Event: 18.216 Thread 0x00000213e64b3ff0 Exception <a 'java/lang/NoSuchMethodError'{0x00000000c28f6430}: 'java.lang.Object java.lang.invoke.DirectMethodHandle$Holder.invokeStaticInit(java.lang.Object, long, java.lang.Object)'> (0x00000000c28f6430) 
thrown [s\open\src\hotspot\share\interpreter\linkResolver.cpp, line 796]
Event: 1343.623 Thread 0x00000213e62b5d70 Implicit null exception at 0x00000213d1eaf9cc to 0x00000213d1eafec3
Event: 1343.624 Thread 0x00000213e62b5d70 Exception <a 'java/lang/NullPointerException'{0x00000000c06fcf50}> (0x00000000c06fcf50) 
thrown [s\open\src\hotspot\share\runtime\sharedRuntime.cpp, line 627]
Event: 1401.263 Thread 0x00000213e62b5d70 Implicit null exception at 0x00000213d95455e4 to 0x00000213d9546c14
Event: 1401.267 Thread 0x00000213e62b5d70 Implicit null exception at 0x00000213d9553352 to 0x00000213d9555670
Event: 1401.327 Thread 0x00000213e62b5d70 Exception <a 'java/lang/NoSuchMethodError'{0x00000000c021a368}: 'java.lang.Object java.lang.invoke.DirectMethodHandle$Holder.invokeStaticInit(java.lang.Object, int)'> (0x00000000c021a368) 
thrown [s\open\src\hotspot\share\interpreter\linkResolver.cpp, line 796]

VM Operations (20 events):
Event: 18.219 Executing VM operation: HandshakeAllThreads (Deoptimize)
Event: 18.219 Executing VM operation: HandshakeAllThreads (Deoptimize) done
Event: 60.208 Executing VM operation: HandshakeAllThreads (HandshakeForDeflation)
Event: 60.208 Executing VM operation: HandshakeAllThreads (HandshakeForDeflation) done
Event: 60.208 Executing VM operation: RendezvousGCThreads
Event: 60.208 Executing VM operation: RendezvousGCThreads done
Event: 1224.039 Executing VM operation: HandshakeAllThreads (Deoptimize)
Event: 1224.042 Executing VM operation: HandshakeAllThreads (Deoptimize) done
Event: 1263.537 Executing VM operation: HandshakeAllThreads (HandshakeForDeflation)
Event: 1263.538 Executing VM operation: HandshakeAllThreads (HandshakeForDeflation) done
Event: 1263.538 Executing VM operation: RendezvousGCThreads
Event: 1263.538 Executing VM operation: RendezvousGCThreads done
Event: 1323.721 Executing VM operation: HandshakeAllThreads (HandshakeForDeflation)
Event: 1323.723 Executing VM operation: HandshakeAllThreads (HandshakeForDeflation) done
Event: 1323.723 Executing VM operation: RendezvousGCThreads
Event: 1323.723 Executing VM operation: RendezvousGCThreads done
Event: 1383.870 Executing VM operation: HandshakeAllThreads (HandshakeForDeflation)
Event: 1383.870 Executing VM operation: HandshakeAllThreads (HandshakeForDeflation) done
Event: 1383.870 Executing VM operation: RendezvousGCThreads
Event: 1383.870 Executing VM operation: RendezvousGCThreads done

Memory protections (0 events):
No events

Nmethod flushes (20 events):
Event: 10.908 Thread 0x00000213e60cfc40 flushing  nmethod 0x00000213d1bc9a08
Event: 10.908 Thread 0x00000213e60cfc40 flushing  nmethod 0x00000213d1c15a08
Event: 10.908 Thread 0x00000213e60cfc40 flushing  nmethod 0x00000213d1c18688
Event: 10.908 Thread 0x00000213e60cfc40 flushing  nmethod 0x00000213d1c18a08
Event: 10.908 Thread 0x00000213e60cfc40 flushing  nmethod 0x00000213d1c1aa88
Event: 10.908 Thread 0x00000213e60cfc40 flushing  nmethod 0x00000213d1c43a08
Event: 10.908 Thread 0x00000213e60cfc40 flushing  nmethod 0x00000213d1c43d08
Event: 10.908 Thread 0x00000213e60cfc40 flushing  nmethod 0x00000213d1cf1508
Event: 10.908 Thread 0x00000213e60cfc40 flushing  nmethod 0x00000213d1cf1e88
Event: 16.877 Thread 0x00000213e60cfc40 flushing  nmethod 0x00000213d93e1a08
Event: 16.877 Thread 0x00000213e60cfc40 flushing  nmethod 0x00000213d1936388
Event: 16.877 Thread 0x00000213e60cfc40 flushing  nmethod 0x00000213d1b64308
Event: 16.877 Thread 0x00000213e60cfc40 flushing  nmethod 0x00000213d94aaa88
Event: 16.877 Thread 0x00000213e60cfc40 flushing  nmethod 0x00000213d1bf5b88
Event: 16.877 Thread 0x00000213e60cfc40 flushing  nmethod 0x00000213d18ff488
Event: 16.877 Thread 0x00000213e60cfc40 flushing  nmethod 0x00000213d18f9788
Event: 16.877 Thread 0x00000213e60cfc40 flushing  nmethod 0x00000213d1cf2188
Event: 16.877 Thread 0x00000213e60cfc40 flushing  nmethod 0x00000213d1cf2808
Event: 16.877 Thread 0x00000213e60cfc40 flushing  nmethod 0x00000213d1cfa388
Event: 16.877 Thread 0x00000213e60cfc40 flushing  nmethod 0x00000213d1cfa708

Events (20 events):
Event: 1.021 Thread 0x00000213e61257b0 Thread added: 0x00000213e67983c0
Event: 1.057 Thread 0x00000213e61257b0 Thread added: 0x00000213e6762fb0
Event: 1.499 Thread 0x00000213e6762fb0 Thread exited: 0x00000213e6762fb0
Event: 1.517 Thread 0x00000213e67983c0 Thread exited: 0x00000213e67983c0
Event: 9.839 Thread 0x00000213e61257b0 Thread added: 0x00000213e6c1c180
Event: 9.844 Thread 0x00000213e6124d00 Thread added: 0x00000213e6c1c850
Event: 10.388 Thread 0x00000213e64b3ff0 Thread added: 0x00000213e703a350
Event: 10.788 Thread 0x00000213e62b5d70 Thread added: 0x00000213e703b700
Event: 11.583 Thread 0x00000213e6c1c850 Thread exited: 0x00000213e6c1c850
Event: 11.583 Thread 0x00000213e6c1c180 Thread exited: 0x00000213e6c1c180
Event: 12.545 Thread 0x00000213e61257b0 Thread added: 0x00000213e6c1d5f0
Event: 12.997 Thread 0x00000213e6c1d5f0 Thread exited: 0x00000213e6c1d5f0
Event: 16.842 Thread 0x00000213e61257b0 Thread added: 0x00000213e6c1d5f0
Event: 16.850 Thread 0x00000213e61257b0 Thread added: 0x00000213e6c1a640
Event: 17.149 Thread 0x00000213e6c1a640 Thread exited: 0x00000213e6c1a640
Event: 17.155 Thread 0x00000213e6c1d5f0 Thread exited: 0x00000213e6c1d5f0
Event: 17.728 Thread 0x00000213e61257b0 Thread added: 0x00000213e6c1d5f0
Event: 17.966 Thread 0x00000213e6c1d5f0 Thread exited: 0x00000213e6c1d5f0
Event: 18.199 Thread 0x00000213e61257b0 Thread added: 0x00000213e6c1c850
Event: 23.216 Thread 0x00000213e6c1c850 Thread exited: 0x00000213e6c1c850


Dynamic libraries:
0x00007ff74dd60000 - 0x00007ff74dd70000 	C:\Program Files\Java\jdk-23\bin\java.exe
0x00007fffd06d0000 - 0x00007fffd08e7000 	C:\WINDOWS\SYSTEM32\ntdll.dll
0x00007fffcf050000 - 0x00007fffcf114000 	C:\WINDOWS\System32\KERNEL32.DLL
0x00007fffcd9d0000 - 0x00007fffcdd89000 	C:\WINDOWS\System32\KERNELBASE.dll
0x00007fffce0f0000 - 0x00007fffce201000 	C:\WINDOWS\System32\ucrtbase.dll
0x00007fffb1f40000 - 0x00007fffb1f5b000 	C:\Program Files\Java\jdk-23\bin\VCRUNTIME140.dll
0x00007fffcd1b0000 - 0x00007fffcd1c7000 	C:\Program Files\Java\jdk-23\bin\jli.dll
0x00007fffd00e0000 - 0x00007fffd028e000 	C:\WINDOWS\System32\USER32.dll
0x00007fffce0c0000 - 0x00007fffce0e6000 	C:\WINDOWS\System32\win32u.dll
0x00007fffcccd0000 - 0x00007fffccf62000 	C:\WINDOWS\WinSxS\amd64_microsoft.windows.common-controls_6595b64144ccf1df_6.0.22621.4391_none_2715d37f73803e96\COMCTL32.dll
0x00007fffcfe00000 - 0x00007fffcfe29000 	C:\WINDOWS\System32\GDI32.dll
0x00007fffd0290000 - 0x00007fffd0337000 	C:\WINDOWS\System32\msvcrt.dll
0x00007fffcde10000 - 0x00007fffcdf2b000 	C:\WINDOWS\System32\gdi32full.dll
0x00007fffcdf60000 - 0x00007fffcdffa000 	C:\WINDOWS\System32\msvcp_win.dll
0x00007fffcf6c0000 - 0x00007fffcf6f1000 	C:\WINDOWS\System32\IMM32.DLL
0x00007fffcc290000 - 0x00007fffcc29c000 	C:\Program Files\Java\jdk-23\bin\vcruntime140_1.dll
0x00007fff8ea10000 - 0x00007fff8ea9e000 	C:\Program Files\Java\jdk-23\bin\msvcp140.dll
0x00007fff7b520000 - 0x00007fff7c26f000 	C:\Program Files\Java\jdk-23\bin\server\jvm.dll
0x00007fffcfd40000 - 0x00007fffcfdf2000 	C:\WINDOWS\System32\ADVAPI32.dll
0x00007fffcefa0000 - 0x00007fffcf047000 	C:\WINDOWS\System32\sechost.dll
0x00007fffcdf30000 - 0x00007fffcdf58000 	C:\WINDOWS\System32\bcrypt.dll
0x00007fffcf170000 - 0x00007fffcf284000 	C:\WINDOWS\System32\RPCRT4.dll
0x00007fffce3f0000 - 0x00007fffce461000 	C:\WINDOWS\System32\WS2_32.dll
0x00007fffcd8a0000 - 0x00007fffcd8ed000 	C:\WINDOWS\SYSTEM32\POWRPROF.dll
0x00007fffc4c50000 - 0x00007fffc4c84000 	C:\WINDOWS\SYSTEM32\WINMM.dll
0x00007fffcbbb0000 - 0x00007fffcbbba000 	C:\WINDOWS\SYSTEM32\VERSION.dll
0x00007fffcd6d0000 - 0x00007fffcd6e3000 	C:\WINDOWS\SYSTEM32\UMPDC.dll
0x00007fffcba40000 - 0x00007fffcba58000 	C:\WINDOWS\SYSTEM32\kernel.appcore.dll
0x00007fffb1e70000 - 0x00007fffb1e7a000 	C:\Program Files\Java\jdk-23\bin\jimage.dll
0x00007fffcd240000 - 0x00007fffcd472000 	C:\WINDOWS\SYSTEM32\DBGHELP.DLL
0x00007fffcf310000 - 0x00007fffcf69f000 	C:\WINDOWS\System32\combase.dll
0x00007fffcfe30000 - 0x00007fffcff07000 	C:\WINDOWS\System32\OLEAUT32.dll
0x00007fffcd130000 - 0x00007fffcd162000 	C:\WINDOWS\SYSTEM32\dbgcore.DLL
0x00007fffcdd90000 - 0x00007fffcde0b000 	C:\WINDOWS\System32\bcryptPrimitives.dll
0x00007fffb1970000 - 0x00007fffb198e000 	C:\Program Files\Java\jdk-23\bin\java.dll
0x00007fffcff30000 - 0x00007fffd00d5000 	C:\WINDOWS\System32\ole32.dll
0x00007fffce720000 - 0x00007fffcef96000 	C:\WINDOWS\System32\SHELL32.dll
0x00007fffca990000 - 0x00007fffcb293000 	C:\WINDOWS\SYSTEM32\windows.storage.dll
0x00007fffca850000 - 0x00007fffca98f000 	C:\WINDOWS\SYSTEM32\wintypes.dll
0x00007fffd0590000 - 0x00007fffd0689000 	C:\WINDOWS\System32\SHCORE.dll
0x00007fffcfb80000 - 0x00007fffcfbde000 	C:\WINDOWS\System32\shlwapi.dll
0x00007fffcd900000 - 0x00007fffcd92b000 	C:\WINDOWS\SYSTEM32\profapi.dll
0x00007fff815b0000 - 0x00007fff81687000 	C:\Program Files\Java\jdk-23\bin\jsvml.dll
0x00007fffb0820000 - 0x00007fffb0830000 	C:\Program Files\Java\jdk-23\bin\net.dll
0x00007fffcbf00000 - 0x00007fffcbf69000 	C:\WINDOWS\system32\mswsock.dll
0x00007fffab370000 - 0x00007fffab386000 	C:\Program Files\Java\jdk-23\bin\nio.dll
0x00007fff8eaa0000 - 0x00007fff8eab7000 	C:\Program Files\Java\jdk-23\bin\zip.dll
0x00000213c5d60000 - 0x00000213c5d63000 	C:\Users\Lynneth Dela Cerna\Downloads\openjfx-23_windows-x64_bin-sdk\javafx-sdk-23\bin\api-ms-win-core-console-l1-1-0.dll
0x00000213c5d70000 - 0x00000213c5d73000 	C:\Users\Lynneth Dela Cerna\Downloads\openjfx-23_windows-x64_bin-sdk\javafx-sdk-23\bin\api-ms-win-core-console-l1-2-0.dll
0x00000213c5d80000 - 0x00000213c5d83000 	C:\Users\Lynneth Dela Cerna\Downloads\openjfx-23_windows-x64_bin-sdk\javafx-sdk-23\bin\api-ms-win-core-datetime-l1-1-0.dll
0x00000213c5d90000 - 0x00000213c5d93000 	C:\Users\Lynneth Dela Cerna\Downloads\openjfx-23_windows-x64_bin-sdk\javafx-sdk-23\bin\api-ms-win-core-debug-l1-1-0.dll
0x00000213c5da0000 - 0x00000213c5da3000 	C:\Users\Lynneth Dela Cerna\Downloads\openjfx-23_windows-x64_bin-sdk\javafx-sdk-23\bin\api-ms-win-core-errorhandling-l1-1-0.dll
0x00000213c5db0000 - 0x00000213c5db4000 	C:\Users\Lynneth Dela Cerna\Downloads\openjfx-23_windows-x64_bin-sdk\javafx-sdk-23\bin\api-ms-win-core-file-l1-1-0.dll
0x00000213c5dc0000 - 0x00000213c5dc3000 	C:\Users\Lynneth Dela Cerna\Downloads\openjfx-23_windows-x64_bin-sdk\javafx-sdk-23\bin\api-ms-win-core-file-l1-2-0.dll
0x00000213c5dd0000 - 0x00000213c5dd3000 	C:\Users\Lynneth Dela Cerna\Downloads\openjfx-23_windows-x64_bin-sdk\javafx-sdk-23\bin\api-ms-win-core-file-l2-1-0.dll
0x00000213c5de0000 - 0x00000213c5de3000 	C:\Users\Lynneth Dela Cerna\Downloads\openjfx-23_windows-x64_bin-sdk\javafx-sdk-23\bin\api-ms-win-core-handle-l1-1-0.dll
0x00000213c5df0000 - 0x00000213c5df3000 	C:\Users\Lynneth Dela Cerna\Downloads\openjfx-23_windows-x64_bin-sdk\javafx-sdk-23\bin\api-ms-win-core-heap-l1-1-0.dll
0x00000213c5e00000 - 0x00000213c5e03000 	C:\Users\Lynneth Dela Cerna\Downloads\openjfx-23_windows-x64_bin-sdk\javafx-sdk-23\bin\api-ms-win-core-interlocked-l1-1-0.dll
0x00000213c5e10000 - 0x00000213c5e13000 	C:\Users\Lynneth Dela Cerna\Downloads\openjfx-23_windows-x64_bin-sdk\javafx-sdk-23\bin\api-ms-win-core-libraryloader-l1-1-0.dll
0x00000213c5e20000 - 0x00000213c5e23000 	C:\Users\Lynneth Dela Cerna\Downloads\openjfx-23_windows-x64_bin-sdk\javafx-sdk-23\bin\api-ms-win-core-localization-l1-2-0.dll
0x00000213c5e30000 - 0x00000213c5e33000 	C:\Users\Lynneth Dela Cerna\Downloads\openjfx-23_windows-x64_bin-sdk\javafx-sdk-23\bin\api-ms-win-core-memory-l1-1-0.dll
0x00000213c5e40000 - 0x00000213c5e43000 	C:\Users\Lynneth Dela Cerna\Downloads\openjfx-23_windows-x64_bin-sdk\javafx-sdk-23\bin\api-ms-win-core-namedpipe-l1-1-0.dll
0x00000213c5e50000 - 0x00000213c5e53000 	C:\Users\Lynneth Dela Cerna\Downloads\openjfx-23_windows-x64_bin-sdk\javafx-sdk-23\bin\api-ms-win-core-processenvironment-l1-1-0.dll
0x00000213c5e60000 - 0x00000213c5e63000 	C:\Users\Lynneth Dela Cerna\Downloads\openjfx-23_windows-x64_bin-sdk\javafx-sdk-23\bin\api-ms-win-core-processthreads-l1-1-0.dll
0x00000213c5e70000 - 0x00000213c5e73000 	C:\Users\Lynneth Dela Cerna\Downloads\openjfx-23_windows-x64_bin-sdk\javafx-sdk-23\bin\api-ms-win-core-processthreads-l1-1-1.dll
0x00000213c5e80000 - 0x00000213c5e83000 	C:\Users\Lynneth Dela Cerna\Downloads\openjfx-23_windows-x64_bin-sdk\javafx-sdk-23\bin\api-ms-win-core-profile-l1-1-0.dll
0x00000213c5e90000 - 0x00000213c5e93000 	C:\Users\Lynneth Dela Cerna\Downloads\openjfx-23_windows-x64_bin-sdk\javafx-sdk-23\bin\api-ms-win-core-rtlsupport-l1-1-0.dll
0x00000213c5ea0000 - 0x00000213c5ea3000 	C:\Users\Lynneth Dela Cerna\Downloads\openjfx-23_windows-x64_bin-sdk\javafx-sdk-23\bin\api-ms-win-core-string-l1-1-0.dll
0x00000213c5eb0000 - 0x00000213c5eb3000 	C:\Users\Lynneth Dela Cerna\Downloads\openjfx-23_windows-x64_bin-sdk\javafx-sdk-23\bin\api-ms-win-core-synch-l1-1-0.dll
0x00000213c5ec0000 - 0x00000213c5ec3000 	C:\Users\Lynneth Dela Cerna\Downloads\openjfx-23_windows-x64_bin-sdk\javafx-sdk-23\bin\api-ms-win-core-synch-l1-2-0.dll
0x00000213c5ed0000 - 0x00000213c5ed3000 	C:\Users\Lynneth Dela Cerna\Downloads\openjfx-23_windows-x64_bin-sdk\javafx-sdk-23\bin\api-ms-win-core-sysinfo-l1-1-0.dll
0x00000213c5ee0000 - 0x00000213c5ee3000 	C:\Users\Lynneth Dela Cerna\Downloads\openjfx-23_windows-x64_bin-sdk\javafx-sdk-23\bin\api-ms-win-core-timezone-l1-1-0.dll
0x00000213c5ef0000 - 0x00000213c5ef3000 	C:\Users\Lynneth Dela Cerna\Downloads\openjfx-23_windows-x64_bin-sdk\javafx-sdk-23\bin\api-ms-win-core-util-l1-1-0.dll
0x00000213c5f00000 - 0x00000213c5f03000 	C:\Users\Lynneth Dela Cerna\Downloads\openjfx-23_windows-x64_bin-sdk\javafx-sdk-23\bin\api-ms-win-crt-conio-l1-1-0.dll
0x00000213c5f10000 - 0x00000213c5f14000 	C:\Users\Lynneth Dela Cerna\Downloads\openjfx-23_windows-x64_bin-sdk\javafx-sdk-23\bin\api-ms-win-crt-convert-l1-1-0.dll
0x00000213c5f20000 - 0x00000213c5f23000 	C:\Users\Lynneth Dela Cerna\Downloads\openjfx-23_windows-x64_bin-sdk\javafx-sdk-23\bin\api-ms-win-crt-environment-l1-1-0.dll
0x00000213c5f30000 - 0x00000213c5f33000 	C:\Users\Lynneth Dela Cerna\Downloads\openjfx-23_windows-x64_bin-sdk\javafx-sdk-23\bin\api-ms-win-crt-filesystem-l1-1-0.dll
0x00000213c5f40000 - 0x00000213c5f43000 	C:\Users\Lynneth Dela Cerna\Downloads\openjfx-23_windows-x64_bin-sdk\javafx-sdk-23\bin\api-ms-win-crt-heap-l1-1-0.dll
0x00000213c5f50000 - 0x00000213c5f53000 	C:\Users\Lynneth Dela Cerna\Downloads\openjfx-23_windows-x64_bin-sdk\javafx-sdk-23\bin\api-ms-win-crt-locale-l1-1-0.dll
0x00000213c5f60000 - 0x00000213c5f65000 	C:\Users\Lynneth Dela Cerna\Downloads\openjfx-23_windows-x64_bin-sdk\javafx-sdk-23\bin\api-ms-win-crt-math-l1-1-0.dll
0x00000213c5f70000 - 0x00000213c5f75000 	C:\Users\Lynneth Dela Cerna\Downloads\openjfx-23_windows-x64_bin-sdk\javafx-sdk-23\bin\api-ms-win-crt-multibyte-l1-1-0.dll
0x00000213c5f80000 - 0x00000213c5f90000 	C:\Users\Lynneth Dela Cerna\Downloads\openjfx-23_windows-x64_bin-sdk\javafx-sdk-23\bin\api-ms-win-crt-private-l1-1-0.dll
0x00000213c5f90000 - 0x00000213c5f93000 	C:\Users\Lynneth Dela Cerna\Downloads\openjfx-23_windows-x64_bin-sdk\javafx-sdk-23\bin\api-ms-win-crt-process-l1-1-0.dll
0x00000213c5fa0000 - 0x00000213c5fa4000 	C:\Users\Lynneth Dela Cerna\Downloads\openjfx-23_windows-x64_bin-sdk\javafx-sdk-23\bin\api-ms-win-crt-runtime-l1-1-0.dll
0x00000213c5fb0000 - 0x00000213c5fb4000 	C:\Users\Lynneth Dela Cerna\Downloads\openjfx-23_windows-x64_bin-sdk\javafx-sdk-23\bin\api-ms-win-crt-stdio-l1-1-0.dll
0x00000213c5fc0000 - 0x00000213c5fc4000 	C:\Users\Lynneth Dela Cerna\Downloads\openjfx-23_windows-x64_bin-sdk\javafx-sdk-23\bin\api-ms-win-crt-string-l1-1-0.dll
0x00000213c5fd0000 - 0x00000213c5fd3000 	C:\Users\Lynneth Dela Cerna\Downloads\openjfx-23_windows-x64_bin-sdk\javafx-sdk-23\bin\api-ms-win-crt-time-l1-1-0.dll
0x00000213c5fe0000 - 0x00000213c5fe3000 	C:\Users\Lynneth Dela Cerna\Downloads\openjfx-23_windows-x64_bin-sdk\javafx-sdk-23\bin\api-ms-win-crt-utility-l1-1-0.dll
0x00007fffbd490000 - 0x00007fffbd58c000 	C:\Users\Lynneth Dela Cerna\Downloads\openjfx-23_windows-x64_bin-sdk\javafx-sdk-23\bin\ucrtbase.dll
0x00007fffcc500000 - 0x00007fffcc51b000 	C:\Users\Lynneth Dela Cerna\Downloads\openjfx-23_windows-x64_bin-sdk\javafx-sdk-23\bin\vcruntime140.dll
0x00007fffcd1a0000 - 0x00007fffcd1ac000 	C:\Users\Lynneth Dela Cerna\Downloads\openjfx-23_windows-x64_bin-sdk\javafx-sdk-23\bin\vcruntime140_1.dll
0x00007fffb1c50000 - 0x00007fffb1cde000 	C:\Users\Lynneth Dela Cerna\Downloads\openjfx-23_windows-x64_bin-sdk\javafx-sdk-23\bin\msvcp140.dll
0x00007fffcc4f0000 - 0x00007fffcc4f9000 	C:\Users\Lynneth Dela Cerna\Downloads\openjfx-23_windows-x64_bin-sdk\javafx-sdk-23\bin\msvcp140_1.dll
0x00007fffc20f0000 - 0x00007fffc2131000 	C:\Users\Lynneth Dela Cerna\Downloads\openjfx-23_windows-x64_bin-sdk\javafx-sdk-23\bin\msvcp140_2.dll
0x00007fffc4e20000 - 0x00007fffc4e50000 	C:\Users\Lynneth Dela Cerna\Downloads\openjfx-23_windows-x64_bin-sdk\javafx-sdk-23\bin\prism_d3d.dll
0x00007fff65820000 - 0x00007fff659c8000 	C:\WINDOWS\system32\d3d9.dll
0x00007fffca120000 - 0x00007fffca14b000 	C:\WINDOWS\SYSTEM32\dwmapi.dll
0x00007fffc9fb0000 - 0x00007fffc9fe7000 	C:\WINDOWS\SYSTEM32\dxcore.dll
0x00007fffc9c70000 - 0x00007fffc9d21000 	C:\WINDOWS\system32\uxtheme.dll
0x00007fffc2560000 - 0x00007fffc2610000 	C:\WINDOWS\SYSTEM32\d3d9on12.dll
0x00007fffc9ff0000 - 0x00007fffca0e7000 	C:\WINDOWS\SYSTEM32\dxgi.dll
0x00007fffc2530000 - 0x00007fffc2556000 	C:\WINDOWS\SYSTEM32\d3d12.dll
0x00007fffcd610000 - 0x00007fffcd65e000 	C:\WINDOWS\SYSTEM32\cfgmgr32.dll
0x00007fff84970000 - 0x00007fff84b72000 	C:\WINDOWS\SYSTEM32\D3D12Core.dll
0x00007fff84870000 - 0x00007fff84963000 	C:\WINDOWS\System32\DriverStore\FileRepository\iigd_dch.inf_amd64_46a183a099a0cf25\igd12umd64.dll
0x00007fff49740000 - 0x00007fff4a9c5000 	C:\WINDOWS\System32\DriverStore\FileRepository\iigd_dch.inf_amd64_46a183a099a0cf25\igd12um64xel.dll
0x00007fffce280000 - 0x00007fffce3e6000 	C:\WINDOWS\System32\CRYPT32.dll
0x00007fffb2550000 - 0x00007fffb26b2000 	C:\WINDOWS\SYSTEM32\drvstore.dll
0x00007fffc2500000 - 0x00007fffc2526000 	C:\WINDOWS\System32\DriverStore\FileRepository\iigd_dch.inf_amd64_46a183a099a0cf25\igdext64.dll
0x00007fffa0c30000 - 0x00007fffa0c79000 	C:\WINDOWS\SYSTEM32\ControlLib.dll
0x00007fffbbb40000 - 0x00007fffbbbd1000 	C:\WINDOWS\System32\DriverStore\FileRepository\iigd_dch.inf_amd64_46a183a099a0cf25\IntelControlLib.dll
0x00007fffc1cf0000 - 0x00007fffc1d39000 	C:\WINDOWS\SYSTEM32\directxdatabasehelper.dll
0x00007fffb6de0000 - 0x00007fffb721e000 	C:\WINDOWS\System32\DriverStore\FileRepository\iigd_dch.inf_amd64_46a183a099a0cf25\igdgmm64.dll
0x00007fffb28d0000 - 0x00007fffb6924000 	C:\WINDOWS\System32\DriverStore\FileRepository\iigd_dch.inf_amd64_46a183a099a0cf25\igc64.dll
0x00007fffbd270000 - 0x00007fffbd29f000 	C:\WINDOWS\SYSTEM32\D3DSCache.dll
0x00007fffcbff0000 - 0x00007fffcc018000 	C:\WINDOWS\SYSTEM32\USERENV.dll
0x00007fff84560000 - 0x00007fff8486c000 	C:\WINDOWS\System32\DriverStore\FileRepository\iigd_dch.inf_amd64_46a183a099a0cf25\igd12dxva64.dll
0x00007fffcf700000 - 0x00007fffcfb74000 	C:\WINDOWS\System32\SETUPAPI.dll
0x00007fff98850000 - 0x00007fff99a2d000 	C:\WINDOWS\System32\DriverStore\FileRepository\iigd_dch.inf_amd64_46a183a099a0cf25\igddxvacommon64.dll
0x00007fff96b20000 - 0x00007fff9884b000 	C:\WINDOWS\System32\DriverStore\FileRepository\iigd_dch.inf_amd64_46a183a099a0cf25\media_bin_64.dll
0x00007fffcc950000 - 0x00007fffcc977000 	C:\WINDOWS\System32\DriverStore\FileRepository\iigd_dch.inf_amd64_46a183a099a0cf25\igdinfo64.dll
0x00007fffbc020000 - 0x00007fffbc065000 	C:\Users\Lynneth Dela Cerna\Downloads\openjfx-23_windows-x64_bin-sdk\javafx-sdk-23\bin\glass.dll
0x00007fffce4f0000 - 0x00007fffce5ef000 	C:\WINDOWS\System32\COMDLG32.dll
0x00007fffcfbe0000 - 0x00007fffcfd40000 	C:\WINDOWS\System32\MSCTF.dll
0x00007fffce5f0000 - 0x00007fffce6a0000 	C:\WINDOWS\System32\clbcatq.dll
0x00007fffbc0c0000 - 0x00007fffbc239000 	C:\Windows\System32\Windows.UI.dll
0x00007fffbb4a0000 - 0x00007fffbb615000 	C:\Windows\System32\Windows.UI.Immersive.dll
0x00007fffc7b10000 - 0x00007fffc7b25000 	C:\Users\Lynneth Dela Cerna\Downloads\openjfx-23_windows-x64_bin-sdk\javafx-sdk-23\bin\javafx_font.dll

dbghelp: loaded successfully - version: 4.0.5 - missing functions: none
symbol engine: initialized successfully - sym options: 0x614 - pdb path: .;C:\Program Files\Java\jdk-23\bin;C:\WINDOWS\SYSTEM32;C:\WINDOWS\WinSxS\amd64_microsoft.windows.common-controls_6595b64144ccf1df_6.0.22621.4391_none_2715d37f73803e96;C:\Program Files\Java\jdk-23\bin\server;C:\Users\Lynneth Dela Cerna\Downloads\openjfx-23_windows-x64_bin-sdk\javafx-sdk-23\bin;C:\WINDOWS\System32\DriverStore\FileRepository\iigd_dch.inf_amd64_46a183a099a0cf25;C:\Program Files\Common Files\Microsoft Shared\Ink;C:\Program Files\Microsoft OneDrive\24.221.1103.0003

VM Arguments:
jvm_args: -Dfile.encoding=UTF-8 --module-path=C:\Java\javafx-sdk-23\lb --add-modules=javafx.controls,javafx.fxml --module-path=C:\Users\Lynneth Dela Cerna\Downloads\openjfx-23_windows-x64_bin-sdk\javafx-sdk-23\lib\javafx-swt.jar;C:\Users\Lynneth Dela Cerna\Downloads\openjfx-23_windows-x64_bin-sdk\javafx-sdk-23\lib\javafx.base.jar;C:\Users\Lynneth Dela Cerna\Downloads\openjfx-23_windows-x64_bin-sdk\javafx-sdk-23\lib\javafx.controls.jar;C:\Users\Lynneth Dela Cerna\Downloads\openjfx-23_windows-x64_bin-sdk\javafx-sdk-23\lib\javafx.fxml.jar;C:\Users\Lynneth Dela Cerna\Downloads\openjfx-23_windows-x64_bin-sdk\javafx-sdk-23\lib\javafx.graphics.jar;C:\Users\Lynneth Dela Cerna\Downloads\openjfx-23_windows-x64_bin-sdk\javafx-sdk-23\lib\javafx.media.jar;C:\Users\Lynneth Dela Cerna\Downloads\openjfx-23_windows-x64_bin-sdk\javafx-sdk-23\lib\javafx.swing.jar;C:\Users\Lynneth Dela Cerna\Downloads\openjfx-23_windows-x64_bin-sdk\javafx-sdk-23\lib\javafx.web.jar 
java_command: IDE.JavaFXMainClass
java_class_path (initial): C:\Users\Lynneth Dela Cerna\Downloads\openjfx-23_windows-x64_bin-sdk\javafx-sdk-23\lib\javafx-swt.jar;C:\Users\Lynneth Dela Cerna\Downloads\openjfx-23_windows-x64_bin-sdk\javafx-sdk-23\lib\javafx.base.jar;C:\Users\Lynneth Dela Cerna\Downloads\openjfx-23_windows-x64_bin-sdk\javafx-sdk-23\lib\javafx.controls.jar;C:\Users\Lynneth Dela Cerna\Downloads\openjfx-23_windows-x64_bin-sdk\javafx-sdk-23\lib\javafx.fxml.jar;C:\Users\Lynneth Dela Cerna\Downloads\openjfx-23_windows-x64_bin-sdk\javafx-sdk-23\lib\javafx.graphics.jar;C:\Users\Lynneth Dela Cerna\Downloads\openjfx-23_windows-x64_bin-sdk\javafx-sdk-23\lib\javafx.media.jar;C:\Users\Lynneth Dela Cerna\Downloads\openjfx-23_windows-x64_bin-sdk\javafx-sdk-23\lib\javafx.swing.jar;C:\Users\Lynneth Dela Cerna\Downloads\openjfx-23_windows-x64_bin-sdk\javafx-sdk-23\lib\javafx.web.jar;C:\Users\Lynneth Dela Cerna\Documents\NetBeansProjects\V-12\build\classes
Launcher Type: SUN_STANDARD

[Global flags]
     intx CICompilerCount                          = 4                                         {product} {ergonomic}
     uint ConcGCThreads                            = 3                                         {product} {ergonomic}
     uint G1ConcRefinementThreads                  = 10                                        {product} {ergonomic}
   size_t G1HeapRegionSize                         = 1048576                                   {product} {ergonomic}
   size_t InitialHeapSize                          = 130023424                                 {product} {ergonomic}
   size_t MarkStackSize                            = 4194304                                   {product} {ergonomic}
   size_t MarkStackSizeMax                         = 536870912                                 {product} {ergonomic}
   size_t MaxHeapSize                              = 2061500416                                {product} {ergonomic}
   size_t MaxNewSize                               = 1236271104                                {product} {ergonomic}
   size_t MinHeapDeltaBytes                        = 1048576                                   {product} {ergonomic}
   size_t MinHeapSize                              = 8388608                                   {product} {ergonomic}
    uintx NonNMethodCodeHeapSize                   = 5832704                                {pd product} {ergonomic}
    uintx NonProfiledCodeHeapSize                  = 122945536                              {pd product} {ergonomic}
    uintx ProfiledCodeHeapSize                     = 122880000                              {pd product} {ergonomic}
    uintx ReservedCodeCacheSize                    = 251658240                              {pd product} {ergonomic}
     bool SegmentedCodeCache                       = true                                      {product} {ergonomic}
   size_t SoftMaxHeapSize                          = 2061500416                             {manageable} {ergonomic}
     bool UseCompressedOops                        = true                           {product lp64_product} {ergonomic}
     bool UseG1GC                                  = true                                      {product} {ergonomic}
     bool UseLargePagesIndividualAllocation        = false                                  {pd product} {ergonomic}

Logging:
Log output configuration:
 #0: stdout all=warning uptime,level,tags foldmultilines=false
 #1: stderr all=off uptime,level,tags foldmultilines=false

Environment Variables:
PATH=C:\Program Files\Common Files\Oracle\Java\javapath;C:\Program Files (x86)\Common Files\Oracle\Java\java8path;C:\Program Files (x86)\Common Files\Oracle\Java\javapath;C:\Program Files\Microsoft\jdk-11.0.12.7-hotspot\bin;C:\windows\system32;C:\windows;C:\windows\System32\Wbem;C:\windows\System32\WindowsPowerShell\v1.0\;C:\windows\System32\OpenSSH\;C:\Program Files\dotnet\;\msys64\mingw64\bin;C:\msys64\mingw64;C:\WINDOWS\system32;C:\WINDOWS;C:\WINDOWS\System32\Wbem;C:\WINDOWS\System32\WindowsPowerShell\v1.0\;C:\WINDOWS\System32\OpenSSH\;C:\ProgramData\chocolatey\bin;C:\Program Files\swipl\bin;C:\Program Files\Microsoft SQL Server\150\Tools\Binn\;C:\Program Files\Microsoft SQL Server\Client SDK\ODBC\170\Tools\Binn\;C:\Program Files (x86)\Windows Kits\10\Windows Performance Toolkit\;C:\Program Files\Git\cmd;C:\Program Files\nodejs\;C:\Users\Lynneth Dela Cerna\AppData\Local\Microsoft\WindowsApps;C:\Users\Lynneth Dela Cerna\AppData\Local\Programs\Microsoft VS Code\bin;C:\Users\Lynneth Dela Cerna\.dotnet\tools;C:\ghcup\bin;C:\Users\Lynneth Dela Cerna\AppData\Local\GitHubDesktop\bin;C:\Users\Lynneth Dela Cerna\AppData\Roaming\npm
USERNAME=Lynneth Dela Cerna
OS=Windows_NT
PROCESSOR_IDENTIFIER=Intel64 Family 6 Model 154 Stepping 4, GenuineIntel
TMP=C:\Users\LYNNET~1\AppData\Local\Temp
TEMP=C:\Users\LYNNET~1\AppData\Local\Temp




Periodic native trim disabled

---------------  S Y S T E M  ---------------

OS:
 Windows 11 , 64 bit Build 22621 (10.0.22621.4391)
OS uptime: 1 days 6:47 hours
Hyper-V role detected

CPU: total 12 (initial active 12) (6 cores per cpu, 2 threads per core) family 6 model 154 stepping 4 microcode 0x42c, cx8, cmov, fxsr, ht, mmx, 3dnowpref, sse, sse2, sse3, ssse3, sse4.1, sse4.2, popcnt, lzcnt, tsc, tscinvbit, avx, avx2, aes, erms, clmul, bmi1, bmi2, adx, sha, fma, vzeroupper, clflush, clflushopt, clwb, hv, serialize, rdtscp, rdpid, fsrm, gfni, f16c, cet_ibt, cet_ss
Processor Information for processor 0
  Max Mhz: 1300, Current Mhz: 1300, Mhz Limit: 1300
Processor Information for processor 1
  Max Mhz: 1300, Current Mhz: 1300, Mhz Limit: 1300
Processor Information for processor 2
  Max Mhz: 1300, Current Mhz: 1300, Mhz Limit: 1300
Processor Information for processor 3
  Max Mhz: 1300, Current Mhz: 1300, Mhz Limit: 1300
Processor Information for processor 4
  Max Mhz: 1300, Current Mhz: 900, Mhz Limit: 897
Processor Information for processor 5
  Max Mhz: 1300, Current Mhz: 900, Mhz Limit: 897
Processor Information for processor 6
  Max Mhz: 1300, Current Mhz: 900, Mhz Limit: 897
Processor Information for processor 7
  Max Mhz: 1300, Current Mhz: 900, Mhz Limit: 897
Processor Information for processor 8
  Max Mhz: 1300, Current Mhz: 900, Mhz Limit: 897
Processor Information for processor 9
  Max Mhz: 1300, Current Mhz: 900, Mhz Limit: 897
Processor Information for processor 10
  Max Mhz: 1300, Current Mhz: 900, Mhz Limit: 897
Processor Information for processor 11
  Max Mhz: 1300, Current Mhz: 900, Mhz Limit: 897

Memory: 4k page, system-wide physical 7863M (274M free)
TotalPageFile size 32439M (AvailPageFile size 1M)
current process WorkingSet (physical memory assigned to process): 139M, peak: 1412M
current process commit charge ("private bytes"): 4918M, peak: 4923M

vm_info: Java HotSpot(TM) 64-Bit Server VM (23+37-2369) for windows-amd64 JRE (23+37-2369), built on 2024-08-20T16:01:23Z with MS VC++ 17.6 (VS2022)

END.
